league,season,team,player,nation,pos,age,born,Playing Time_MP,Playing Time_Starts,Playing Time_Min,Playing Time_90s,Performance_Gls,Performance_Ast,Performance_G+A,Performance_G-PK,Performance_PK,Performance_PKatt,Performance_CrdY,Performance_CrdR,Per 90 Minutes_Gls,Per 90 Minutes_Ast,Per 90 Minutes_G+A,Per 90 Minutes_G-PK,Per 90 Minutes_G+A-PK,Market_value_eur
ENG-Premier League,2122,Arsenal,Aaron Ramsdale,ENG,GK,23,1998,34,34,3060,34.0,0,0,0,0,0,0,1,0,0.0,0.0,0.0,0.0,0.0,"61    30000000
Name: Market_value_eur, dtype: int64"
ENG-Premier League,2122,Arsenal,Albert Sambi Lokonga,BEL,MF,21,1999,19,12,1134,12.6,0,0,0,0,0,0,5,0,0.0,0.0,0.0,0.0,0.0,"429    400000
Name: Market_value_eur, dtype: int64"
ENG-Premier League,2122,Arsenal,Alexandre Lacazette,FRA,"FW,MF",30,1991,30,20,1782,19.8,4,7,11,2,2,3,0,0,0.2,0.35,0.56,0.1,0.45,"908    10000000
Name: Market_value_eur, dtype: int64"
ENG-Premier League,2122,Arsenal,Ben White,ENG,DF,23,1997,32,32,2880,32.0,0,0,0,0,0,0,3,0,0.0,0.0,0.0,0.0,0.0,"1557    45000000
Name: Market_value_eur, dtype: int64"
ENG-Premier League,2122,Arsenal,Bernd Leno,GER,GK,29,1992,4,4,360,4.0,0,0,0,0,0,0,0,0,0.0,0.0,0.0,0.0,0.0,"1664    10000000
Name: Market_value_eur, dtype: int64"
ENG-Premier League,2122,Arsenal,Bukayo Saka,ENG,"MF,FW",19,2001,38,36,2978,33.1,11,7,18,9,2,2,6,0,0.33,0.21,0.54,0.27,0.48,"2049    100000000
Name: Market_value_eur, dtype: int64"
ENG-Premier League,2122,Arsenal,Calum Chambers,ENG,DF,26,1995,2,2,170,1.9,0,0,0,0,0,0,0,0,0.0,0.0,0.0,0.0,0.0,"2179    10000000
Name: Market_value_eur, dtype: int64"
ENG-Premier League,2122,Arsenal,Eddie Nketiah,ENG,FW,22,1999,21,8,835,9.3,5,1,6,5,0,0,3,0,0.54,0.11,0.65,0.54,0.65,"4193    18000000
Name: Market_value_eur, dtype: int64"
ENG-Premier League,2122,Arsenal,Emile Smith Rowe,ENG,MF,21,2000,33,21,1921,21.3,10,2,12,10,0,0,1,0,0.47,0.09,0.56,0.47,0.56,"4404    40000000
Name: Market_value_eur, dtype: int64"
ENG-Premier League,2122,Arsenal,Gabriel Magalhães,BRA,DF,23,1997,35,35,3063,34.0,5,0,5,5,0,0,8,1,0.15,0.0,0.15,0.15,0.15,"5046    40000000
Name: Market_value_eur, dtype: int64"
ENG-Premier League,2122,Arsenal,Gabriel Martinelli,BRA,"MF,FW",20,2001,29,21,1860,20.7,6,6,12,5,1,1,3,1,0.29,0.29,0.58,0.24,0.53,"5089    60000000
Name: Market_value_eur, dtype: int64"
ENG-Premier League,2122,Arsenal,Granit Xhaka,SUI,MF,28,1992,27,27,2327,25.9,1,2,3,1,0,0,10,1,0.04,0.08,0.12,0.04,0.12,"5611    28000000
Name: Market_value_eur, dtype: int64"
ENG-Premier League,2122,Arsenal,Martin Ødegaard,NOR,MF,22,1998,36,32,2785,30.9,7,4,11,7,0,0,4,0,0.23,0.13,0.36,0.23,0.36,"10529    60000000
Name: Market_value_eur, dtype: int64"
ENG-Premier League,2122,Arsenal,Pablo Marí,ESP,DF,27,1993,2,2,180,2.0,0,0,0,0,0,0,1,0,0.0,0.0,0.0,0.0,0.0,"12102    300000
Name: Market_value_eur, dtype: int64"
ENG-Premier League,2122,Arsenal,Reiss Nelson,ENG,"FW,MF",21,1999,1,0,20,0.2,0,0,0,0,0,0,0,0,0.0,0.0,0.0,0.0,0.0,"12709    7000000
Name: Market_value_eur, dtype: int64"
ENG-Premier League,2122,Aston Villa,Ashley Young,ENG,"DF,FW",36,1985,24,10,1250,13.9,0,2,2,0,0,0,2,0,0.0,0.14,0.14,0.0,0.14,"1254    1000000
Name: Market_value_eur, dtype: int64"
ENG-Premier League,2122,Aston Villa,Axel Tuanzebe,COD,DF,23,1997,9,6,508,5.6,0,0,0,0,0,0,1,0,0.0,0.0,0.0,0.0,0.0,"1300    7000000
Name: Market_value_eur, dtype: int64"
ENG-Premier League,2122,Aston Villa,Bertrand Traoré,BFA,FW,25,1995,9,1,220,2.4,0,0,0,0,0,0,0,0,0.0,0.0,0.0,0.0,0.0,"1678    16000000
Name: Market_value_eur, dtype: int64"
ENG-Premier League,2122,Aston Villa,Calum Chambers,ENG,"DF,MF",26,1995,11,9,831,9.2,1,0,1,1,0,0,1,0,0.11,0.0,0.11,0.11,0.11,"2179    10000000
Name: Market_value_eur, dtype: int64"
ENG-Premier League,2122,Aston Villa,Cameron Archer,ENG,"FW,MF",20,2001,3,0,27,0.3,0,0,0,0,0,0,0,0,0.0,0.0,0.0,0.0,0.0,"2197    8000000
Name: Market_value_eur, dtype: int64"
ENG-Premier League,2122,Aston Villa,Danny Ings,ENG,FW,29,1992,30,22,1898,21.1,7,6,13,6,1,1,4,0,0.33,0.28,0.62,0.28,0.57,"3441    20000000
Name: Market_value_eur, dtype: int64"
ENG-Premier League,2122,Aston Villa,Douglas Luiz,BRA,MF,23,1998,34,31,2715,30.2,2,3,5,2,0,0,7,0,0.07,0.1,0.17,0.07,0.17,"4130    38000000
Name: Market_value_eur, dtype: int64"
ENG-Premier League,2122,Aston Villa,Emi Buendía,ARG,"FW,MF",24,1996,35,22,1899,21.1,4,6,10,4,0,0,1,0,0.19,0.28,0.47,0.19,0.47,"4416    32000000
Name: Market_value_eur, dtype: int64"
ENG-Premier League,2122,Aston Villa,Emiliano Martínez,ARG,GK,28,1992,36,36,3240,36.0,0,0,0,0,0,0,4,0,0.0,0.0,0.0,0.0,0.0,"4442    28000000
Name: Market_value_eur, dtype: int64"
ENG-Premier League,2122,Aston Villa,Ezri Konsa,ENG,DF,23,1997,29,29,2477,27.5,2,0,2,2,0,0,6,2,0.07,0.0,0.07,0.07,0.07,"4676    22000000
Name: Market_value_eur, dtype: int64"
ENG-Premier League,2122,Aston Villa,Jacob Ramsey,ENG,MF,20,2001,34,29,2467,27.4,6,1,7,6,0,0,6,0,0.22,0.04,0.26,0.22,0.26,"6457    28000000
Name: Market_value_eur, dtype: int64"
ENG-Premier League,2122,Aston Villa,Jaden Philogene Bidace,ENG,"FW,MF",19,2002,1,0,5,0.1,0,0,0,0,0,0,0,0,0.0,0.0,0.0,0.0,0.0,"6467    3000000
Name: Market_value_eur, dtype: int64"
ENG-Premier League,2122,Aston Villa,Jed Steer,ENG,GK,28,1992,1,1,90,1.0,0,0,0,0,0,0,0,0,0.0,0.0,0.0,0.0,0.0,"7216    600000
Name: Market_value_eur, dtype: int64"
ENG-Premier League,2122,Aston Villa,John McGinn,SCO,MF,26,1994,35,35,3090,34.3,3,4,7,3,0,0,8,0,0.09,0.12,0.2,0.09,0.2,"7732    32000000
Name: Market_value_eur, dtype: int64"
ENG-Premier League,2122,Aston Villa,Kortney Hause,ENG,DF,26,1995,7,4,397,4.4,1,0,1,1,0,0,0,0,0.23,0.0,0.23,0.23,0.23,"8995    4000000
Name: Market_value_eur, dtype: int64"
ENG-Premier League,2122,Aston Villa,Lucas Digne,FRA,DF,28,1993,16,16,1269,14.1,0,4,4,0,0,0,2,0,0.0,0.28,0.28,0.0,0.28,"9699    25000000
Name: Market_value_eur, dtype: int64"
ENG-Premier League,2122,Aston Villa,Marvelous Nakamba,ZIM,MF,27,1994,16,10,904,10.0,0,0,0,0,0,0,5,0,0.0,0.0,0.0,0.0,0.0,"10551    7000000
Name: Market_value_eur, dtype: int64"
ENG-Premier League,2122,Aston Villa,Matt Targett,ENG,"DF,MF",25,1995,17,17,1431,15.9,1,1,2,1,0,0,2,0,0.06,0.06,0.13,0.06,0.13,"10756    17000000
Name: Market_value_eur, dtype: int64"
ENG-Premier League,2122,Aston Villa,Matty Cash,POL,"DF,MF",23,1997,38,38,3377,37.5,4,3,7,4,0,0,8,0,0.11,0.08,0.19,0.11,0.19,"10860    25000000
Name: Market_value_eur, dtype: int64"
ENG-Premier League,2122,Aston Villa,Ollie Watkins,ENG,FW,25,1995,35,33,2952,32.8,11,2,13,10,1,1,7,0,0.34,0.06,0.4,0.3,0.37,"12016    35000000
Name: Market_value_eur, dtype: int64"
ENG-Premier League,2122,Aston Villa,Tim Iroegbunam,ENG,MF,18,2003,3,1,92,1.0,0,0,0,0,0,0,1,0,0.0,0.0,0.0,0.0,0.0,"14747    3000000
Name: Market_value_eur, dtype: int64"
ENG-Premier League,2122,Aston Villa,Tyrone Mings,ENG,DF,28,1993,36,35,3189,35.4,1,3,4,1,0,0,11,0,0.03,0.08,0.11,0.03,0.11,"15238    30000000
Name: Market_value_eur, dtype: int64"
ENG-Premier League,2122,Aston Villa,Wesley Moraes,BRA,FW,24,1996,1,0,1,0.0,0,0,0,0,0,0,0,0,0.0,0.0,0.0,0.0,0.0,"15622    6000000
Name: Market_value_eur, dtype: int64"
ENG-Premier League,2122,Brentford,Bryan Mbeumo,CMR,FW,21,1999,35,34,2905,32.3,4,7,11,3,1,1,4,0,0.12,0.22,0.34,0.09,0.31,"2035    28000000
Name: Market_value_eur, dtype: int64"
ENG-Premier League,2122,Brentford,Charlie Goode,ENG,DF,25,1995,6,4,450,5.0,0,0,0,0,0,0,3,0,0.0,0.0,0.0,0.0,0.0,"2414    900000
Name: Market_value_eur, dtype: int64"
ENG-Premier League,2122,Brentford,Christian Nørgaard,DEN,MF,27,1994,35,35,3054,33.9,3,4,7,3,0,0,8,0,0.09,0.12,0.21,0.09,0.21,"2693    14000000
Name: Market_value_eur, dtype: int64"
ENG-Premier League,2122,Brentford,David Raya,ESP,GK,25,1995,24,24,2160,24.0,0,0,0,0,0,0,1,0,0.0,0.0,0.0,0.0,0.0,"3756    22000000
Name: Market_value_eur, dtype: int64"
ENG-Premier League,2122,Brentford,Ethan Pinnock,JAM,DF,28,1993,32,32,2694,29.9,1,1,2,1,0,0,1,0,0.03,0.03,0.07,0.03,0.07,"4621    12000000
Name: Market_value_eur, dtype: int64"
ENG-Premier League,2122,Brentford,Frank Onyeka,NGA,MF,23,1998,20,12,1045,11.6,0,0,0,0,0,0,4,0,0.0,0.0,0.0,0.0,0.0,"4953    9000000
Name: Market_value_eur, dtype: int64"
ENG-Premier League,2122,Brentford,Josh Dasilva,ENG,"MF,FW",22,1998,9,2,257,2.9,0,0,0,0,0,0,0,1,0.0,0.0,0.0,0.0,0.0,"8192    10000000
Name: Market_value_eur, dtype: int64"
ENG-Premier League,2122,Brentford,Kristoffer Ajer,NOR,DF,23,1998,24,23,1995,22.2,1,3,4,1,0,0,5,0,0.05,0.14,0.18,0.05,0.18,"9011    18000000
Name: Market_value_eur, dtype: int64"
ENG-Premier League,2122,Brentford,Mads Roerslev,DEN,"MF,DF",22,1999,21,12,1240,13.8,1,1,2,1,0,0,1,0,0.07,0.07,0.15,0.07,0.15,"9999    2500000
Name: Market_value_eur, dtype: int64"
ENG-Premier League,2122,Brentford,Marcus Forss,FIN,FW,22,1999,7,1,209,2.3,0,1,1,0,0,0,0,0,0.0,0.43,0.43,0.0,0.43,"10271    4000000
Name: Market_value_eur, dtype: int64"
ENG-Premier League,2122,Brentford,Mathias Jensen,DEN,MF,25,1996,31,19,1601,17.8,0,1,1,0,0,0,0,0,0.0,0.06,0.06,0.0,0.06,"10639    14000000
Name: Market_value_eur, dtype: int64"
ENG-Premier League,2122,Brentford,Mathias Jørgensen,DEN,DF,31,1990,8,6,518,5.8,1,0,1,1,0,0,2,0,0.17,0.0,0.17,0.17,0.17,"10639    14000000
Name: Market_value_eur, dtype: int64"
ENG-Premier League,2122,Brentford,Nathan Young-Coombes,ENG,FW,18,2003,1,0,4,0.0,0,0,0,0,0,0,0,0,0.0,0.0,0.0,0.0,0.0,"1254    1000000
Name: Market_value_eur, dtype: int64"
ENG-Premier League,2122,Brentford,Rico Henry,JAM,"MF,DF",24,1997,34,33,2776,30.8,3,0,3,3,0,0,2,0,0.1,0.0,0.1,0.1,0.1,"12887    22000000
Name: Market_value_eur, dtype: int64"
ENG-Premier League,2122,Brentford,Shandon Baptiste,GRN,MF,23,1998,22,9,910,10.1,1,0,1,1,0,0,2,1,0.1,0.0,0.1,0.1,0.1,"13903    3000000
Name: Market_value_eur, dtype: int64"
ENG-Premier League,2122,Brentford,Tariqe Fosu,GHA,"FW,MF",25,1995,1,0,17,0.2,0,0,0,0,0,0,0,0,0.0,0.0,0.0,0.0,0.0,"14572    2000000
Name: Market_value_eur, dtype: int64"
ENG-Premier League,2122,Brentford,Vitaly Janelt,GER,MF,23,1998,31,27,2298,25.5,4,0,4,4,0,0,3,0,0.16,0.0,0.16,0.16,0.16,"15383    16000000
Name: Market_value_eur, dtype: int64"
ENG-Premier League,2122,Brentford,Yoane Wissa,COD,FW,24,1996,30,12,1284,14.3,7,1,8,7,0,0,0,0,0.49,0.07,0.56,0.49,0.56,"15840    15000000
Name: Market_value_eur, dtype: int64"
ENG-Premier League,2122,Brighton,Aaron Connolly,IRL,FW,21,2000,4,1,156,1.7,0,0,0,0,0,0,0,0,0.0,0.0,0.0,0.0,0.0,"3    6000000
Name: Market_value_eur, dtype: int64"
ENG-Premier League,2122,Brighton,Adam Lallana,ENG,MF,33,1988,24,18,1561,17.3,0,1,1,0,0,0,4,0,0.0,0.06,0.06,0.0,0.06,"216    2000000
Name: Market_value_eur, dtype: int64"
ENG-Premier League,2122,Brighton,Adam Webster,ENG,DF,26,1995,22,16,1434,15.9,2,0,2,2,0,0,5,0,0.13,0.0,0.13,0.13,0.13,"267    22000000
Name: Market_value_eur, dtype: int64"
ENG-Premier League,2122,Brighton,Alexis Mac Allister,ARG,"MF,FW",22,1998,33,22,2123,23.6,5,2,7,3,2,3,4,0,0.21,0.08,0.3,0.13,0.21,"622    42000000
Name: Market_value_eur, dtype: int64"
ENG-Premier League,2122,Brighton,Dan Burn,ENG,DF,29,1992,13,12,1022,11.4,1,0,1,1,0,0,4,0,0.09,0.0,0.09,0.09,0.09,"3210    12000000
Name: Market_value_eur, dtype: int64"
ENG-Premier League,2122,Brighton,Danny Welbeck,ENG,"FW,MF",30,1990,25,15,1478,16.4,6,2,8,6,0,0,0,0,0.37,0.12,0.49,0.37,0.49,"3516    8000000
Name: Market_value_eur, dtype: int64"
ENG-Premier League,2122,Brighton,Enock Mwepu,ZAM,MF,23,1998,18,12,996,11.1,2,4,6,2,0,0,2,0,0.18,0.36,0.54,0.18,0.54,"4530    18000000
Name: Market_value_eur, dtype: int64"
ENG-Premier League,2122,Brighton,Jason Steele,ENG,GK,30,1990,1,1,90,1.0,0,0,0,0,0,0,0,0,0.0,0.0,0.0,0.0,0.0,"7045    600000
Name: Market_value_eur, dtype: int64"
ENG-Premier League,2122,Brighton,Joël Veltman,NED,"DF,MF",29,1992,34,33,2874,31.9,1,1,2,1,0,0,6,0,0.03,0.03,0.06,0.03,0.06,"8396    10000000
Name: Market_value_eur, dtype: int64"
ENG-Premier League,2122,Brighton,Leandro Trossard,BEL,"FW,MF",26,1994,34,32,2805,31.2,8,3,11,7,1,1,2,0,0.26,0.1,0.35,0.22,0.32,"9167    30000000
Name: Market_value_eur, dtype: int64"
ENG-Premier League,2122,Brighton,Lewis Dunk,ENG,DF,29,1991,29,29,2573,28.6,1,0,1,1,0,0,3,1,0.03,0.0,0.03,0.03,0.03,"9416    20000000
Name: Market_value_eur, dtype: int64"
ENG-Premier League,2122,Brighton,Marc Cucurella,ESP,"DF,MF",23,1998,35,35,3089,34.3,1,1,2,1,0,0,6,0,0.03,0.03,0.06,0.03,0.06,"10097    55000000
Name: Market_value_eur, dtype: int64"
ENG-Premier League,2122,Brighton,Moisés Caicedo,ECU,MF,19,2001,8,8,660,7.3,1,1,2,1,0,0,2,0,0.14,0.14,0.27,0.14,0.27,"11396    38000000
Name: Market_value_eur, dtype: int64"
ENG-Premier League,2122,Brighton,Robert Sánchez,ESP,GK,23,1997,37,37,3329,37.0,0,0,0,0,0,0,3,1,0.0,0.0,0.0,0.0,0.0,"13000    32000000
Name: Market_value_eur, dtype: int64"
ENG-Premier League,2122,Brighton,Shane Duffy,IRL,DF,29,1992,18,15,1436,16.0,1,0,1,1,0,0,7,0,0.06,0.0,0.06,0.06,0.06,"13918    5000000
Name: Market_value_eur, dtype: int64"
ENG-Premier League,2122,Brighton,Solly March,ENG,MF,27,1994,31,17,1746,19.4,0,2,2,0,0,0,1,0,0.0,0.1,0.1,0.0,0.1,"14125    12000000
Name: Market_value_eur, dtype: int64"
ENG-Premier League,2122,Brighton,Taylor Richards,ENG,MF,20,2000,2,0,25,0.3,0,0,0,0,0,0,0,0,0.0,0.0,0.0,0.0,0.0,"14600    400000
Name: Market_value_eur, dtype: int64"
ENG-Premier League,2122,Brighton,Yves Bissouma,MLI,MF,24,1996,26,25,2111,23.5,1,2,3,1,0,0,10,0,0.04,0.09,0.13,0.04,0.13,"15903    35000000
Name: Market_value_eur, dtype: int64"
ENG-Premier League,2122,Burnley,Aaron Lennon,ENG,"MF,FW",34,1987,28,17,1551,17.2,2,0,2,2,0,0,2,0,0.12,0.0,0.12,0.12,0.12,"48    1000000
Name: Market_value_eur, dtype: int64"
ENG-Premier League,2122,Burnley,Ashley Barnes,ENG,FW,31,1989,23,8,808,9.0,1,0,1,0,1,1,4,0,0.11,0.0,0.11,0.0,0.0,"1207    1500000
Name: Market_value_eur, dtype: int64"
ENG-Premier League,2122,Burnley,Ben Mee,ENG,DF,31,1989,21,21,1839,20.4,3,0,3,3,0,0,3,0,0.15,0.0,0.15,0.15,0.15,"1492    2500000
Name: Market_value_eur, dtype: int64"
ENG-Premier League,2122,Burnley,Charlie Taylor,ENG,DF,27,1993,31,30,2731,30.3,0,3,3,0,0,0,3,0,0.0,0.1,0.1,0.0,0.1,"2434    3000000
Name: Market_value_eur, dtype: int64"
ENG-Premier League,2122,Burnley,Chris Wood,NZL,FW,29,1991,17,17,1367,15.2,3,0,3,3,0,0,1,0,0.2,0.0,0.2,0.2,0.2,"2659    10000000
Name: Market_value_eur, dtype: int64"
ENG-Premier League,2122,Burnley,Connor Roberts,WAL,DF,25,1995,21,19,1692,18.8,1,1,2,1,0,0,2,0,0.05,0.05,0.11,0.05,0.11,"2855    6000000
Name: Market_value_eur, dtype: int64"
ENG-Premier League,2122,Burnley,Dale Stephens,ENG,MF,32,1989,3,1,124,1.4,0,0,0,0,0,0,1,0,0.0,0.0,0.0,0.0,0.0,"3170    1000000
Name: Market_value_eur, dtype: int64"
ENG-Premier League,2122,Burnley,Dwight McNeil,ENG,MF,21,1999,38,35,3107,34.5,0,1,1,0,0,0,1,0,0.0,0.03,0.03,0.0,0.03,"4146    18000000
Name: Market_value_eur, dtype: int64"
ENG-Premier League,2122,Burnley,Erik Pieters,NED,DF,32,1988,12,8,730,8.1,0,1,1,0,0,0,1,0,0.0,0.12,0.12,0.0,0.12,"4563    900000
Name: Market_value_eur, dtype: int64"
ENG-Premier League,2122,Burnley,Jack Cork,ENG,MF,32,1989,20,20,1670,18.6,1,0,1,1,0,0,4,0,0.05,0.0,0.05,0.05,0.05,"6284    1800000
Name: Market_value_eur, dtype: int64"
ENG-Premier League,2122,Burnley,James Tarkowski,ENG,DF,28,1992,35,35,3106,34.5,1,2,3,1,0,0,11,0,0.03,0.06,0.09,0.03,0.09,"6818    22000000
Name: Market_value_eur, dtype: int64"
ENG-Premier League,2122,Burnley,Jay Rodriguez,ENG,FW,32,1989,29,13,1382,15.4,2,2,4,2,0,0,3,0,0.13,0.13,0.26,0.13,0.26,"7089    2000000
Name: Market_value_eur, dtype: int64"
ENG-Premier League,2122,Burnley,Josh Brownhill,ENG,MF,25,1995,35,32,2955,32.8,2,3,5,2,0,0,10,0,0.06,0.09,0.15,0.06,0.15,"8256    150000
Name: Market_value_eur, dtype: int64"
ENG-Premier League,2122,Burnley,Kevin Long,IRL,DF,30,1990,6,4,410,4.6,0,0,0,0,0,0,1,0,0.0,0.0,0.0,0.0,0.0,"8814    1000000
Name: Market_value_eur, dtype: int64"
ENG-Premier League,2122,Burnley,Matthew Lowton,ENG,DF,32,1989,25,20,1772,19.7,1,2,3,1,0,0,3,1,0.05,0.1,0.15,0.05,0.15,"10801    1200000
Name: Market_value_eur, dtype: int64"
ENG-Premier League,2122,Burnley,Nathan Collins,IRL,DF,20,2001,19,18,1670,18.6,2,0,2,2,0,0,2,1,0.11,0.0,0.11,0.11,0.11,"11546    22000000
Name: Market_value_eur, dtype: int64"
ENG-Premier League,2122,Burnley,Nick Pope,ENG,GK,29,1992,36,36,3240,36.0,0,0,0,0,0,0,1,0,0.0,0.0,0.0,0.0,0.0,"11750    18000000
Name: Market_value_eur, dtype: int64"
ENG-Premier League,2122,Burnley,Wayne Hennessey,WAL,GK,34,1987,2,2,180,2.0,0,0,0,0,0,0,0,0,0.0,0.0,0.0,0.0,0.0,"15475    500000
Name: Market_value_eur, dtype: int64"
ENG-Premier League,2122,Chelsea,Andreas Christensen,DEN,DF,25,1996,19,17,1496,16.6,0,0,0,0,0,0,2,0,0.0,0.0,0.0,0.0,0.0,"908    10000000
Name: Market_value_eur, dtype: int64"
ENG-Premier League,2122,Chelsea,Ben Chilwell,ENG,MF,24,1996,7,6,542,6.0,3,1,4,3,0,0,0,0,0.5,0.17,0.66,0.5,0.66,"1378    350000
Name: Market_value_eur, dtype: int64"
ENG-Premier League,2122,Chelsea,Callum Hudson-Odoi,ENG,MF,20,2000,15,11,962,10.7,1,2,3,1,0,0,1,0,0.09,0.19,0.28,0.09,0.28,"2102    30000000
Name: Market_value_eur, dtype: int64"
ENG-Premier League,2122,Chelsea,Kai Havertz,GER,"FW,MF",22,1999,29,22,1809,20.1,8,3,11,8,0,0,3,0,0.4,0.15,0.55,0.4,0.55,"8578    70000000
Name: Market_value_eur, dtype: int64"
ENG-Premier League,2122,Chelsea,Kepa Arrizabalaga,ESP,GK,26,1994,4,4,360,4.0,0,0,0,0,0,0,0,0,0.0,0.0,0.0,0.0,0.0,"8771    15000000
Name: Market_value_eur, dtype: int64"
ENG-Premier League,2122,Chelsea,Mason Mount,ENG,MF,22,1999,32,27,2363,26.3,11,10,21,10,1,1,4,0,0.42,0.38,0.8,0.38,0.76,"10565    75000000
Name: Market_value_eur, dtype: int64"
ENG-Premier League,2122,Chelsea,Mateo Kovačić,CRO,MF,27,1994,25,16,1558,17.3,2,5,7,2,0,0,4,0,0.12,0.29,0.4,0.12,0.4,"10598    42000000
Name: Market_value_eur, dtype: int64"
ENG-Premier League,2122,Chelsea,Reece James,ENG,MF,21,1999,26,22,1864,20.7,5,9,14,5,0,0,4,1,0.24,0.43,0.68,0.24,0.68,"12677    70000000
Name: Market_value_eur, dtype: int64"
ENG-Premier League,2122,Chelsea,Ross Barkley,ENG,MF,27,1993,6,1,179,2.0,1,0,1,1,0,0,0,0,0.5,0.0,0.5,0.5,0.5,"13182    12000000
Name: Market_value_eur, dtype: int64"
ENG-Premier League,2122,Chelsea,Trevoh Chalobah,ENG,DF,22,1999,20,17,1449,16.1,3,1,4,3,0,0,2,0,0.19,0.06,0.25,0.19,0.25,"15141    22000000
Name: Market_value_eur, dtype: int64"
ENG-Premier League,2122,Crystal Palace,Cheikhou Kouyaté,SEN,MF,31,1989,27,23,1974,21.9,0,1,1,0,0,0,3,0,0.0,0.05,0.05,0.0,0.05,"2483    4000000
Name: Market_value_eur, dtype: int64"
ENG-Premier League,2122,Crystal Palace,Conor Gallagher,ENG,MF,21,2000,34,33,2845,31.6,8,3,11,8,0,0,10,0,0.25,0.09,0.35,0.25,0.35,"2907    32000000
Name: Market_value_eur, dtype: int64"
ENG-Premier League,2122,Crystal Palace,Eberechi Eze,ENG,"MF,FW",23,1998,13,6,605,6.7,1,1,2,1,0,0,1,0,0.15,0.15,0.3,0.15,0.3,"4180    30000000
Name: Market_value_eur, dtype: int64"
ENG-Premier League,2122,Crystal Palace,Jack Butland,ENG,GK,28,1993,9,8,765,8.5,0,0,0,0,0,0,0,0,0.0,0.0,0.0,0.0,0.0,"6409    300000
Name: Market_value_eur, dtype: int64"
ENG-Premier League,2122,Crystal Palace,James McArthur,SCO,MF,33,1987,21,15,1439,16.0,0,3,3,0,0,0,4,0,0.0,0.19,0.19,0.0,0.19,"6717    1200000
Name: Market_value_eur, dtype: int64"
ENG-Premier League,2122,Crystal Palace,James Tomkins,ENG,DF,32,1989,8,6,547,6.1,1,0,1,1,0,0,2,0,0.16,0.0,0.16,0.16,0.16,"6839    1500000
Name: Market_value_eur, dtype: int64"
ENG-Premier League,2122,Crystal Palace,Jean-Philippe Mateta,FRA,FW,24,1997,22,13,1145,12.7,5,1,6,5,0,0,2,0,0.39,0.08,0.47,0.39,0.47,"7191    10000000
Name: Market_value_eur, dtype: int64"
ENG-Premier League,2122,Crystal Palace,Joachim Andersen,DEN,DF,25,1996,34,32,2916,32.4,0,3,3,0,0,0,4,0,0.0,0.09,0.09,0.0,0.09,"7371    32000000
Name: Market_value_eur, dtype: int64"
ENG-Premier League,2122,Crystal Palace,Joel Ward,ENG,DF,31,1989,28,27,2487,27.6,0,0,0,0,0,0,8,0,0.0,0.0,0.0,0.0,0.0,"7630    2000000
Name: Market_value_eur, dtype: int64"
ENG-Premier League,2122,Crystal Palace,Jordan Ayew,GHA,"FW,MF",29,1991,31,23,2019,22.4,3,3,6,3,0,0,2,0,0.13,0.13,0.27,0.13,0.27,"7970    6000000
Name: Market_value_eur, dtype: int64"
ENG-Premier League,2122,Crystal Palace,Luka Milivojević,SRB,MF,30,1991,15,9,774,8.6,0,0,0,0,0,0,1,0,0.0,0.0,0.0,0.0,0.0,"9756    5000000
Name: Market_value_eur, dtype: int64"
ENG-Premier League,2122,Crystal Palace,Marc Guéhi,ENG,DF,21,2000,36,36,3222,35.8,2,1,3,2,0,0,4,0,0.06,0.03,0.08,0.06,0.08,"10109    35000000
Name: Market_value_eur, dtype: int64"
ENG-Premier League,2122,Crystal Palace,Nathan Ferguson,ENG,DF,20,2000,1,0,9,0.1,0,0,0,0,0,0,0,0,0.0,0.0,0.0,0.0,0.0,"11579    2500000
Name: Market_value_eur, dtype: int64"
ENG-Premier League,2122,Crystal Palace,Nathaniel Clyne,ENG,DF,30,1991,16,15,1351,15.0,0,1,1,0,0,0,1,0,0.0,0.07,0.07,0.0,0.07,"11642    3500000
Name: Market_value_eur, dtype: int64"
ENG-Premier League,2122,Crystal Palace,Tyrick Mitchell,ENG,DF,21,1999,36,35,3101,34.5,0,2,2,0,0,0,1,0,0.0,0.06,0.06,0.0,0.06,"15222    28000000
Name: Market_value_eur, dtype: int64"
ENG-Premier League,2122,Crystal Palace,Will Hughes,ENG,MF,26,1995,16,13,1053,11.7,0,1,1,0,0,0,6,0,0.0,0.09,0.09,0.0,0.09,"15657    6000000
Name: Market_value_eur, dtype: int64"
ENG-Premier League,2122,Everton,Alex Iwobi,NGA,"MF,DF",25,1996,28,22,2035,22.6,2,2,4,2,0,0,1,0,0.09,0.09,0.18,0.09,0.18,"492    25000000
Name: Market_value_eur, dtype: int64"
ENG-Premier League,2122,Everton,Allan,BRA,MF,30,1991,28,25,2183,24.3,0,2,2,0,0,0,7,1,0.0,0.08,0.08,0.0,0.08,"216    2000000
Name: Market_value_eur, dtype: int64"
ENG-Premier League,2122,Everton,Andros Townsend,ENG,MF,30,1991,21,17,1455,16.2,3,2,5,2,1,1,3,0,0.19,0.12,0.31,0.12,0.25,"908    10000000
Name: Market_value_eur, dtype: int64"
ENG-Premier League,2122,Everton,André Gomes,POR,MF,28,1993,14,7,619,6.9,0,1,1,0,0,0,3,0,0.0,0.15,0.15,0.0,0.15,"908    10000000
Name: Market_value_eur, dtype: int64"
ENG-Premier League,2122,Everton,Anthony Gordon,ENG,"MF,FW",20,2001,35,25,2285,25.4,4,2,6,4,0,0,4,0,0.16,0.08,0.24,0.16,0.24,"1038    40000000
Name: Market_value_eur, dtype: int64"
ENG-Premier League,2122,Everton,Asmir Begović,BIH,GK,34,1987,3,3,270,3.0,0,0,0,0,0,0,0,0,0.0,0.0,0.0,0.0,0.0,"1273    1000000
Name: Market_value_eur, dtype: int64"
ENG-Premier League,2122,Everton,Ben Godfrey,ENG,DF,23,1998,23,23,2029,22.5,0,0,0,0,0,0,6,0,0.0,0.0,0.0,0.0,0.0,"1492    2500000
Name: Market_value_eur, dtype: int64"
ENG-Premier League,2122,Everton,Dominic Calvert-Lewin,ENG,FW,24,1997,17,15,1283,14.3,5,2,7,3,2,3,2,0,0.35,0.14,0.49,0.21,0.35,"4083    42000000
Name: Market_value_eur, dtype: int64"
ENG-Premier League,2122,Everton,Ellis Simms,ENG,FW,20,2001,1,1,61,0.7,0,0,0,0,0,0,0,0,0.0,0.0,0.0,0.0,0.0,"4367    1200000
Name: Market_value_eur, dtype: int64"
ENG-Premier League,2122,Everton,Fabian Delph,ENG,MF,31,1989,11,8,662,7.4,0,0,0,0,0,0,2,0,0.0,0.0,0.0,0.0,0.0,"4695    1800000
Name: Market_value_eur, dtype: int64"
ENG-Premier League,2122,Everton,Isaac Price,NIR,MF,17,2003,1,0,14,0.2,0,0,0,0,0,0,0,0,0.0,0.0,0.0,0.0,0.0,"6174    400000
Name: Market_value_eur, dtype: int64"
ENG-Premier League,2122,Everton,Jarrad Branthwaite,ENG,DF,19,2002,6,4,388,4.3,1,0,1,1,0,0,0,1,0.23,0.0,0.23,0.23,0.23,"6982    3000000
Name: Market_value_eur, dtype: int64"
ENG-Premier League,2122,Everton,Jordan Pickford,ENG,GK,27,1994,35,35,3150,35.0,0,0,0,0,0,0,2,0,0.0,0.0,0.0,0.0,0.0,"8059    28000000
Name: Market_value_eur, dtype: int64"
ENG-Premier League,2122,Everton,Lewis Dobbin,ENG,"FW,MF",18,2003,3,0,32,0.4,0,0,0,0,0,0,1,0,0.0,0.0,0.0,0.0,0.0,"8683    17000000
Name: Market_value_eur, dtype: int64"
ENG-Premier League,2122,Everton,Lucas Digne,FRA,DF,28,1993,13,13,1170,13.0,0,0,0,0,0,0,4,0,0.0,0.0,0.0,0.0,0.0,"9699    25000000
Name: Market_value_eur, dtype: int64"
ENG-Premier League,2122,Everton,Michael Keane,ENG,DF,28,1993,32,31,2792,31.0,3,2,5,3,0,0,4,1,0.1,0.06,0.16,0.1,0.16,"11116    22000000
Name: Market_value_eur, dtype: int64"
ENG-Premier League,2122,Everton,Richarlison,BRA,"FW,MF",24,1997,30,28,2523,28.0,10,5,15,7,3,3,9,0,0.36,0.18,0.54,0.25,0.43,"12854    55000000
Name: Market_value_eur, dtype: int64"
ENG-Premier League,2122,Everton,Séamus Coleman,IRL,"DF,MF",32,1988,30,30,2656,29.5,1,0,1,1,0,0,4,0,0.03,0.0,0.03,0.03,0.03,"14524    3000000
Name: Market_value_eur, dtype: int64"
ENG-Premier League,2122,Everton,Tom Davies,ENG,MF,23,1998,6,2,234,2.6,1,0,1,1,0,0,1,0,0.38,0.0,0.38,0.38,0.38,"14886    18000000
Name: Market_value_eur, dtype: int64"
ENG-Premier League,2122,Everton,Tyler Onyango,ENG,MF,18,2003,3,0,28,0.3,0,0,0,0,0,0,0,0,0.0,0.0,0.0,0.0,0.0,"15188    450000
Name: Market_value_eur, dtype: int64"
ENG-Premier League,2122,Everton,Vitaliy Mykolenko,UKR,"DF,MF",22,1999,13,12,1055,11.7,1,0,1,1,0,0,0,0,0.09,0.0,0.09,0.09,0.09,"15372    22000000
Name: Market_value_eur, dtype: int64"
ENG-Premier League,2122,Leeds United,Adam Forshaw,ENG,MF,29,1991,22,17,1530,17.0,0,1,1,0,0,0,5,0,0.0,0.06,0.06,0.0,0.06,"187    2000000
Name: Market_value_eur, dtype: int64"
ENG-Premier League,2122,Leeds United,Cody Drameh,ENG,DF,19,2001,3,1,128,1.4,0,0,0,0,0,0,1,0,0.0,0.0,0.0,0.0,0.0,"2802    3000000
Name: Market_value_eur, dtype: int64"
ENG-Premier League,2122,Leeds United,Crysencio Summerville,NED,"FW,MF",19,2001,6,0,130,1.4,0,0,0,0,0,0,0,0,0.0,0.0,0.0,0.0,0.0,"3063    4000000
Name: Market_value_eur, dtype: int64"
ENG-Premier League,2122,Leeds United,Daniel James,WAL,"FW,MF",23,1997,32,29,2366,26.3,4,4,8,4,0,0,7,1,0.15,0.15,0.3,0.15,0.3,"3327    18000000
Name: Market_value_eur, dtype: int64"
ENG-Premier League,2122,Leeds United,Illan Meslier,FRA,GK,21,2000,38,38,3384,37.6,0,0,0,0,0,0,2,0,0.0,0.0,0.0,0.0,0.0,"6157    22000000
Name: Market_value_eur, dtype: int64"
ENG-Premier League,2122,Leeds United,Jack Harrison,ENG,MF,24,1996,35,32,2639,29.3,8,1,9,8,0,0,3,0,0.27,0.03,0.31,0.27,0.31,"6315    28000000
Name: Market_value_eur, dtype: int64"
ENG-Premier League,2122,Leeds United,Jamie Shackleton,ENG,"DF,MF",21,1999,14,7,709,7.9,0,0,0,0,0,0,4,0,0.0,0.0,0.0,0.0,0.0,"6925    2500000
Name: Market_value_eur, dtype: int64"
ENG-Premier League,2122,Leeds United,Joe Gelhardt,ENG,FW,19,2002,20,5,746,8.3,2,2,4,2,0,0,4,0,0.24,0.24,0.48,0.24,0.48,"7451    8000000
Name: Market_value_eur, dtype: int64"
ENG-Premier League,2122,Leeds United,Kalvin Phillips,ENG,MF,25,1995,20,18,1596,17.7,0,1,1,0,0,0,4,0,0.0,0.06,0.06,0.0,0.06,"8596    50000000
Name: Market_value_eur, dtype: int64"
ENG-Premier League,2122,Leeds United,Leo Fuhr Hjelde,NOR,DF,17,2003,2,0,150,1.7,0,0,0,0,0,0,0,0,0.0,0.0,0.0,0.0,0.0,"9275    800000
Name: Market_value_eur, dtype: int64"
ENG-Premier League,2122,Leeds United,Lewis Bate,ENG,MF,18,2002,3,1,146,1.6,0,0,0,0,0,0,0,0,0.0,0.0,0.0,0.0,0.0,"9379    3000000
Name: Market_value_eur, dtype: int64"
ENG-Premier League,2122,Leeds United,Liam Cooper,SCO,DF,29,1991,21,21,1814,20.2,0,1,1,0,0,0,5,0,0.0,0.05,0.05,0.0,0.05,"9506    7000000
Name: Market_value_eur, dtype: int64"
ENG-Premier League,2122,Leeds United,Liam McCarron,SCO,DF,20,2001,1,0,10,0.1,0,0,0,0,0,0,0,0,0.0,0.0,0.0,0.0,0.0,"9527    500000
Name: Market_value_eur, dtype: int64"
ENG-Premier League,2122,Leeds United,Luke Ayling,ENG,DF,29,1991,26,26,2272,25.2,2,2,4,2,0,0,4,1,0.08,0.08,0.16,0.08,0.16,"9824    4000000
Name: Market_value_eur, dtype: int64"
ENG-Premier League,2122,Leeds United,Pascal Struijk,NED,DF,21,1999,29,22,2055,22.8,1,0,1,1,0,0,6,1,0.04,0.0,0.04,0.04,0.04,"12177    20000000
Name: Market_value_eur, dtype: int64"
ENG-Premier League,2122,Leeds United,Patrick Bamford,ENG,FW,27,1993,9,7,559,6.2,2,2,4,2,0,0,2,0,0.32,0.32,0.64,0.32,0.64,"12191    16000000
Name: Market_value_eur, dtype: int64"
ENG-Premier League,2122,Leeds United,Rodrigo,ESP,"MF,FW",30,1991,31,27,2265,25.2,6,1,7,5,1,1,9,0,0.24,0.04,0.28,0.2,0.24,"13037    12000000
Name: Market_value_eur, dtype: int64"
ENG-Premier League,2122,Leeds United,Stuart Dallas,NIR,"DF,MF",30,1991,34,34,2919,32.4,1,1,2,1,0,0,5,0,0.03,0.03,0.06,0.03,0.06,"14443    4000000
Name: Market_value_eur, dtype: int64"
ENG-Premier League,2122,Leeds United,Tyler Roberts,WAL,"MF,FW",22,1999,23,7,987,11.0,1,1,2,1,0,0,5,0,0.09,0.09,0.18,0.09,0.18,"15199    8000000
Name: Market_value_eur, dtype: int64"
ENG-Premier League,2122,Leicester City,Boubakary Soumaré,FRA,MF,22,1999,19,12,1102,12.2,0,1,1,0,0,0,0,0,0.0,0.08,0.08,0.0,0.08,"1827    25000000
Name: Market_value_eur, dtype: int64"
ENG-Premier League,2122,Leicester City,Danny Ward,WAL,GK,28,1993,1,1,90,1.0,0,0,0,0,0,0,0,0,0.0,0.0,0.0,0.0,0.0,"3500    1000000
Name: Market_value_eur, dtype: int64"
ENG-Premier League,2122,Leicester City,Hamza Choudhury,BAN,"MF,DF",23,1997,6,4,285,3.2,0,0,0,0,0,0,1,0,0.0,0.0,0.0,0.0,0.0,"5745    5000000
Name: Market_value_eur, dtype: int64"
ENG-Premier League,2122,Leicester City,Harvey Barnes,ENG,"MF,FW",23,1997,32,24,2101,23.3,6,10,16,6,0,0,2,0,0.26,0.43,0.69,0.26,0.69,"5871    32000000
Name: Market_value_eur, dtype: int64"
ENG-Premier League,2122,Leicester City,James Justin,ENG,DF,23,1998,13,11,998,11.1,0,0,0,0,0,0,0,0,0.0,0.0,0.0,0.0,0.0,"6685    25000000
Name: Market_value_eur, dtype: int64"
ENG-Premier League,2122,Leicester City,James Maddison,ENG,"MF,FW",24,1996,35,28,2459,27.3,12,8,20,12,0,0,3,0,0.44,0.29,0.73,0.44,0.73,"6698    55000000
Name: Market_value_eur, dtype: int64"
ENG-Premier League,2122,Leicester City,Jannik Vestergaard,DEN,DF,28,1992,10,6,567,6.3,0,0,0,0,0,0,2,0,0.0,0.0,0.0,0.0,0.0,"6963    13000000
Name: Market_value_eur, dtype: int64"
ENG-Premier League,2122,Leicester City,Jonny Evans,NIR,DF,33,1988,18,16,1348,15.0,1,1,2,1,0,0,3,0,0.07,0.07,0.13,0.07,0.13,"7953    4000000
Name: Market_value_eur, dtype: int64"
ENG-Premier League,2122,Leicester City,Kiernan Dewsbury-Hall,ENG,MF,22,1998,28,23,2105,23.4,1,2,3,1,0,0,4,0,0.04,0.09,0.13,0.04,0.13,"8919    20000000
Name: Market_value_eur, dtype: int64"
ENG-Premier League,2122,Leicester City,Lewis Brunt,ENG,"DF,MF",20,2000,1,0,24,0.3,0,0,0,0,0,0,0,0,0.0,0.0,0.0,0.0,0.0,"9383    100000
Name: Market_value_eur, dtype: int64"
ENG-Premier League,2122,Leicester City,Luke Thomas,ENG,"DF,MF",20,2001,22,21,1912,21.2,0,1,1,0,0,0,2,0,0.0,0.05,0.05,0.0,0.05,"9923    12000000
Name: Market_value_eur, dtype: int64"
ENG-Premier League,2122,Leicester City,Marc Albrighton,ENG,"MF,FW",31,1989,17,11,1132,12.6,1,2,3,1,0,0,3,0,0.08,0.16,0.24,0.08,0.24,"10090    2500000
Name: Market_value_eur, dtype: int64"
ENG-Premier League,2122,Leicester City,Nampalys Mendy,SEN,MF,29,1992,14,12,1032,11.5,0,0,0,0,0,0,3,0,0.0,0.0,0.0,0.0,0.0,"11505    4000000
Name: Market_value_eur, dtype: int64"
ENG-Premier League,2122,Leicester City,Patson Daka,ZAM,FW,22,1998,23,13,1159,12.9,5,3,8,5,0,0,2,0,0.39,0.23,0.62,0.39,0.62,"12219    20000000
Name: Market_value_eur, dtype: int64"
ENG-Premier League,2122,Leicester City,Ricardo Pereira,POR,"DF,MF",27,1993,14,13,991,11.0,1,3,4,1,0,0,3,0,0.09,0.27,0.36,0.09,0.36,"12784    20000000
Name: Market_value_eur, dtype: int64"
ENG-Premier League,2122,Leicester City,Ryan Bertrand,ENG,DF,31,1989,4,4,337,3.7,0,0,0,0,0,0,1,0,0.0,0.0,0.0,0.0,0.0,"13265    3000000
Name: Market_value_eur, dtype: int64"
ENG-Premier League,2122,Leicester City,Timothy Castagne,BEL,"DF,MF",25,1995,27,22,2127,23.6,1,0,1,1,0,0,1,0,0.04,0.0,0.04,0.04,0.04,"14792    28000000
Name: Market_value_eur, dtype: int64"
ENG-Premier League,2122,Leicester City,Wesley Fofana,FRA,DF,20,2000,7,7,630,7.0,0,0,0,0,0,0,2,0,0.0,0.0,0.0,0.0,0.0,"15610    65000000
Name: Market_value_eur, dtype: int64"
ENG-Premier League,2122,Leicester City,Youri Tielemans,BEL,MF,24,1997,32,29,2631,29.2,6,4,10,4,2,2,3,0,0.21,0.14,0.34,0.14,0.27,"15880    55000000
Name: Market_value_eur, dtype: int64"
ENG-Premier League,2122,Liverpool,Alex Oxlade-Chamberlain,ENG,"MF,FW",27,1993,17,9,785,8.7,2,1,3,2,0,0,0,0,0.23,0.11,0.34,0.23,0.34,"475    200000
Name: Market_value_eur, dtype: int64"
ENG-Premier League,2122,Liverpool,Alisson,BRA,GK,28,1992,36,36,3240,36.0,0,1,1,0,0,0,0,0,0.0,0.03,0.03,0.0,0.03,"708    50000000
Name: Market_value_eur, dtype: int64"
ENG-Premier League,2122,Liverpool,Andy Robertson,SCO,DF,27,1994,29,29,2537,28.2,3,10,13,3,0,0,5,1,0.11,0.35,0.46,0.11,0.46,"869    65000000
Name: Market_value_eur, dtype: int64"
ENG-Premier League,2122,Liverpool,Caoimhín Kelleher,IRL,GK,22,1998,2,2,180,2.0,0,0,0,0,0,0,0,0,0.0,0.0,0.0,0.0,0.0,"2241    8000000
Name: Market_value_eur, dtype: int64"
ENG-Premier League,2122,Liverpool,Curtis Jones,ENG,MF,20,2001,15,10,851,9.5,1,1,2,1,0,0,0,0,0.11,0.11,0.21,0.11,0.21,"3110    28000000
Name: Market_value_eur, dtype: int64"
ENG-Premier League,2122,Liverpool,Divock Origi,BEL,"FW,MF",26,1995,7,0,133,1.5,3,0,3,3,0,0,0,0,2.03,0.0,2.03,2.03,2.03,"4051    12000000
Name: Market_value_eur, dtype: int64"
ENG-Premier League,2122,Liverpool,Harvey Elliott,ENG,MF,18,2003,6,4,346,3.8,0,0,0,0,0,0,0,0,0.0,0.0,0.0,0.0,0.0,"5885    35000000
Name: Market_value_eur, dtype: int64"
ENG-Premier League,2122,Liverpool,Ibrahima Konaté,FRA,DF,22,1999,11,11,990,11.0,0,0,0,0,0,0,2,0,0.0,0.0,0.0,0.0,0.0,"6070    40000000
Name: Market_value_eur, dtype: int64"
ENG-Premier League,2122,Liverpool,James Milner,ENG,"MF,DF",35,1986,24,9,853,9.5,0,1,1,0,0,0,2,0,0.0,0.11,0.11,0.0,0.11,"6759    2000000
Name: Market_value_eur, dtype: int64"
ENG-Premier League,2122,Liverpool,Joe Gomez,ENG,DF,24,1997,8,4,331,3.7,0,1,1,0,0,0,2,0,0.0,0.27,0.27,0.0,0.27,"7461    30000000
Name: Market_value_eur, dtype: int64"
ENG-Premier League,2122,Liverpool,Jordan Henderson,ENG,MF,31,1990,35,29,2597,28.9,2,5,7,2,0,0,3,0,0.07,0.17,0.24,0.07,0.24,"8030    15000000
Name: Market_value_eur, dtype: int64"
ENG-Premier League,2122,Liverpool,Joël Matip,CMR,DF,29,1991,31,31,2790,31.0,3,3,6,3,0,0,2,0,0.1,0.1,0.19,0.1,0.19,"7612    18000000
Name: Market_value_eur, dtype: int64"
ENG-Premier League,2122,Liverpool,Kaide Gordon,ENG,FW,16,2004,1,0,9,0.1,0,0,0,0,0,0,0,0,0.0,0.0,0.0,0.0,0.0,"8584    1500000
Name: Market_value_eur, dtype: int64"
ENG-Premier League,2122,Liverpool,Luis Díaz,COL,FW,24,1997,13,11,958,10.6,4,3,7,4,0,0,0,0,0.38,0.28,0.66,0.38,0.66,"1386    16000000
Name: Market_value_eur, dtype: int64"
ENG-Premier League,2122,Liverpool,Mohamed Salah,EGY,FW,29,1992,35,30,2762,30.7,23,13,36,18,5,6,1,0,0.75,0.42,1.17,0.59,1.01,"11380    90000000
Name: Market_value_eur, dtype: int64"
ENG-Premier League,2122,Liverpool,Neco Williams,WAL,"DF,MF",20,2001,1,0,8,0.1,0,1,1,0,0,0,0,0,0.0,11.25,11.25,0.0,11.25,"11655    18000000
Name: Market_value_eur, dtype: int64"
ENG-Premier League,2122,Liverpool,Thiago Alcántara,ESP,MF,30,1991,25,17,1534,17.0,1,4,5,1,0,0,2,0,0.06,0.23,0.29,0.06,0.29,"14661    20000000
Name: Market_value_eur, dtype: int64"
ENG-Premier League,2122,Liverpool,Trent Alexander-Arnold,ENG,DF,22,1998,32,32,2853,31.7,2,12,14,2,0,0,2,0,0.06,0.38,0.44,0.06,0.44,"581    50000000
Name: Market_value_eur, dtype: int64"
ENG-Premier League,2122,Liverpool,Virgil van Dijk,NED,DF,30,1991,34,34,3060,34.0,3,1,4,3,0,0,3,0,0.09,0.03,0.12,0.09,0.12,"15363    55000000
Name: Market_value_eur, dtype: int64"
ENG-Premier League,2122,Manchester City,Bernardo Silva,POR,"MF,FW",26,1994,35,33,2857,31.7,8,4,12,8,0,0,6,0,0.25,0.13,0.38,0.25,0.38,"1647    80000000
Name: Market_value_eur, dtype: int64"
ENG-Premier League,2122,Manchester City,Cole Palmer,ENG,FW,19,2002,4,1,123,1.4,0,0,0,0,0,0,0,0,0.0,0.0,0.0,0.0,0.0,"2820    15000000
Name: Market_value_eur, dtype: int64"
ENG-Premier League,2122,Manchester City,Ederson Moraes,BRA,GK,27,1993,37,37,3330,37.0,0,0,0,0,0,0,3,0,0.0,0.0,0.0,0.0,0.0,"4207    45000000
Name: Market_value_eur, dtype: int64"
ENG-Premier League,2122,Manchester City,Fernandinho,BRA,"MF,DF",36,1985,19,10,964,10.7,2,1,3,2,0,0,1,0,0.19,0.09,0.28,0.19,0.28,"4833    1500000
Name: Market_value_eur, dtype: int64"
ENG-Premier League,2122,Manchester City,Gabriel Jesus,BRA,FW,24,1997,28,21,1877,20.9,8,8,16,7,1,1,1,0,0.38,0.38,0.77,0.34,0.72,"5081    75000000
Name: Market_value_eur, dtype: int64"
ENG-Premier League,2122,Manchester City,Jack Grealish,ENG,"FW,MF",25,1995,26,22,1914,21.3,3,3,6,3,0,0,3,0,0.14,0.14,0.28,0.14,0.28,"6297    70000000
Name: Market_value_eur, dtype: int64"
ENG-Premier League,2122,Manchester City,James Mcatee,ENG,MF,18,2002,2,0,20,0.2,0,0,0,0,0,0,0,0,0.0,0.0,0.0,0.0,0.0,"6720    5000000
Name: Market_value_eur, dtype: int64"
ENG-Premier League,2122,Manchester City,John Stones,ENG,DF,27,1994,14,12,1119,12.4,1,0,1,1,0,0,0,0,0.08,0.0,0.08,0.08,0.08,"7784    30000000
Name: Market_value_eur, dtype: int64"
ENG-Premier League,2122,Manchester City,Kevin De Bruyne,BEL,MF,30,1991,30,25,2201,24.5,15,8,23,15,0,0,2,0,0.61,0.33,0.94,0.61,0.94,"8814    1000000
Name: Market_value_eur, dtype: int64"
ENG-Premier League,2122,Manchester City,Kyle Walker,ENG,DF,31,1990,20,20,1755,19.5,0,2,2,0,0,0,1,0,0.0,0.1,0.1,0.0,0.1,"9104    18000000
Name: Market_value_eur, dtype: int64"
ENG-Premier League,2122,Manchester City,Liam Delap,ENG,FW,18,2003,1,0,10,0.1,0,0,0,0,0,0,0,0,0.0,0.0,0.0,0.0,0.0,"9516    7000000
Name: Market_value_eur, dtype: int64"
ENG-Premier League,2122,Manchester City,Nathan Aké,NED,DF,26,1995,14,10,923,10.3,2,0,2,2,0,0,0,0,0.2,0.0,0.2,0.2,0.2,"11518    30000000
Name: Market_value_eur, dtype: int64"
ENG-Premier League,2122,Manchester City,Oleksandr Zinchenko,UKR,DF,24,1996,15,10,1047,11.6,0,4,4,0,0,0,0,0,0.0,0.34,0.34,0.0,0.34,"908    10000000
Name: Market_value_eur, dtype: int64"
ENG-Premier League,2122,Manchester City,Phil Foden,ENG,FW,21,2000,28,24,2128,23.6,9,5,14,9,0,0,1,0,0.38,0.21,0.59,0.38,0.59,"12462    110000000
Name: Market_value_eur, dtype: int64"
ENG-Premier League,2122,Manchester City,Rodri,ESP,MF,25,1996,33,33,2884,32.0,7,2,9,7,0,0,5,0,0.22,0.06,0.28,0.22,0.28,"13020    80000000
Name: Market_value_eur, dtype: int64"
ENG-Premier League,2122,Manchester City,Rúben Dias,POR,DF,24,1997,29,27,2402,26.7,2,4,6,2,0,0,5,0,0.07,0.15,0.22,0.07,0.22,"13454    75000000
Name: Market_value_eur, dtype: int64"
ENG-Premier League,2122,Manchester City,İlkay Gündoğan,GER,MF,30,1990,27,20,1857,20.6,8,4,12,8,0,0,1,0,0.39,0.19,0.58,0.39,0.58,"16014    25000000
Name: Market_value_eur, dtype: int64"
ENG-Premier League,2122,Manchester Utd,Aaron Wan-Bissaka,COD,"DF,MF",23,1997,20,20,1793,19.9,0,0,0,0,0,0,2,0,0.0,0.0,0.0,0.0,0.0,"79    30000000
Name: Market_value_eur, dtype: int64"
ENG-Premier League,2122,Manchester Utd,Alejandro Garnacho,ARG,MF,17,2004,2,0,13,0.1,0,0,0,0,0,0,0,0,0.0,0.0,0.0,0.0,0.0,"450    5000000
Name: Market_value_eur, dtype: int64"
ENG-Premier League,2122,Manchester Utd,Alex Telles,BRA,DF,28,1992,21,18,1660,18.4,0,4,4,0,0,0,1,0,0.0,0.22,0.22,0.0,0.22,"481    150000
Name: Market_value_eur, dtype: int64"
ENG-Premier League,2122,Manchester Utd,Anthony Elanga,SWE,MF,19,2002,21,14,1214,13.5,2,2,4,2,0,0,0,0,0.15,0.15,0.3,0.15,0.3,"1027    25000000
Name: Market_value_eur, dtype: int64"
ENG-Premier League,2122,Manchester Utd,Bruno Fernandes,POR,MF,26,1994,36,35,3111,34.6,10,6,16,10,0,2,10,0,0.29,0.17,0.46,0.29,0.46,"2004    85000000
Name: Market_value_eur, dtype: int64"
ENG-Premier League,2122,Manchester Utd,Daniel James,WAL,MF,23,1997,2,2,126,1.4,0,0,0,0,0,0,0,0,0.0,0.0,0.0,0.0,0.0,"3327    18000000
Name: Market_value_eur, dtype: int64"
ENG-Premier League,2122,Manchester Utd,David de Gea,ESP,GK,30,1990,38,38,3420,38.0,0,0,0,0,0,0,0,0,0.0,0.0,0.0,0.0,0.0,"1749    7000000
Name: Market_value_eur, dtype: int64"
ENG-Premier League,2122,Manchester Utd,Diogo Dalot,POR,DF,22,1999,24,19,1801,20.0,0,0,0,0,0,0,4,0,0.0,0.0,0.0,0.0,0.0,"4012    32000000
Name: Market_value_eur, dtype: int64"
ENG-Premier League,2122,Manchester Utd,Fred,BRA,MF,28,1993,28,24,2028,22.5,4,4,8,4,0,0,5,0,0.18,0.18,0.36,0.18,0.36,"5005    800000
Name: Market_value_eur, dtype: int64"
ENG-Premier League,2122,Manchester Utd,Hannibal Mejbri,TUN,MF,18,2003,2,1,68,0.8,0,0,0,0,0,0,2,0,0.0,0.0,0.0,0.0,0.0,"5751    6000000
Name: Market_value_eur, dtype: int64"
ENG-Premier League,2122,Manchester Utd,Harry Maguire,ENG,DF,28,1993,30,28,2515,27.9,1,0,1,1,0,0,9,1,0.04,0.0,0.04,0.04,0.04,"5834    40000000
Name: Market_value_eur, dtype: int64"
ENG-Premier League,2122,Manchester Utd,Jadon Sancho,ENG,"MF,FW",21,2000,29,20,1900,21.1,3,3,6,3,0,0,0,0,0.14,0.14,0.28,0.14,0.28,"6476    80000000
Name: Market_value_eur, dtype: int64"
ENG-Premier League,2122,Manchester Utd,Luke Shaw,ENG,"DF,MF",26,1995,20,19,1601,17.8,0,3,3,0,0,0,8,0,0.0,0.17,0.17,0.0,0.17,"9914    38000000
Name: Market_value_eur, dtype: int64"
ENG-Premier League,2122,Manchester Utd,Mason Greenwood,ENG,"MF,FW",19,2001,18,16,1271,14.1,5,1,6,5,0,0,1,0,0.35,0.07,0.42,0.35,0.42,"7508    300000
Name: Market_value_eur, dtype: int64"
ENG-Premier League,2122,Manchester Utd,Paul Pogba,FRA,MF,28,1993,20,16,1349,15.0,1,9,10,1,0,0,7,1,0.07,0.6,0.67,0.07,0.67,"6946    5000000
Name: Market_value_eur, dtype: int64"
ENG-Premier League,2122,Manchester Utd,Phil Jones,ENG,DF,29,1992,4,2,163,1.8,0,0,0,0,0,0,0,0,0.0,0.0,0.0,0.0,0.0,"12498    3000000
Name: Market_value_eur, dtype: int64"
ENG-Premier League,2122,Manchester Utd,Scott McTominay,SCO,MF,24,1996,30,28,2387,26.5,1,1,2,1,0,0,9,0,0.04,0.04,0.08,0.04,0.08,"548    7000000
Name: Market_value_eur, dtype: int64"
ENG-Premier League,2122,Manchester Utd,Victor Lindelöf,SWE,DF,27,1994,28,26,2355,26.2,0,2,2,0,0,0,4,0,0.0,0.08,0.08,0.0,0.08,"15315    22000000
Name: Market_value_eur, dtype: int64"
ENG-Premier League,2122,Newcastle,Bruno Guimarães,BRA,MF,23,1997,17,11,1034,11.5,5,1,6,5,0,0,4,0,0.44,0.09,0.52,0.44,0.52,"2014    60000000
Name: Market_value_eur, dtype: int64"
ENG-Premier League,2122,Newcastle,Callum Wilson,ENG,FW,29,1992,18,16,1386,15.4,8,0,8,6,2,2,4,0,0.52,0.0,0.52,0.39,0.39,"2165    18000000
Name: Market_value_eur, dtype: int64"
ENG-Premier League,2122,Newcastle,Chris Wood,NZL,FW,29,1991,17,15,1327,14.7,2,0,2,1,1,1,0,0,0.14,0.0,0.14,0.07,0.07,"2659    10000000
Name: Market_value_eur, dtype: int64"
ENG-Premier League,2122,Newcastle,Ciaran Clark,IRL,DF,31,1989,13,12,1014,11.3,0,1,1,0,0,0,2,1,0.0,0.09,0.09,0.0,0.09,"2752    1800000
Name: Market_value_eur, dtype: int64"
ENG-Premier League,2122,Newcastle,Dan Burn,ENG,DF,29,1992,16,16,1440,16.0,0,1,1,0,0,0,4,0,0.0,0.06,0.06,0.0,0.06,"3210    12000000
Name: Market_value_eur, dtype: int64"
ENG-Premier League,2122,Newcastle,Emil Krafth,SWE,DF,26,1994,20,18,1634,18.2,0,1,1,0,0,0,5,0,0.0,0.06,0.06,0.0,0.06,"4396    5000000
Name: Market_value_eur, dtype: int64"
ENG-Premier League,2122,Newcastle,Fabian Schär,SUI,DF,29,1991,25,25,2158,24.0,2,2,4,2,0,0,4,0,0.08,0.08,0.17,0.08,0.17,"4708    10000000
Name: Market_value_eur, dtype: int64"
ENG-Premier League,2122,Newcastle,Federico Fernández,ARG,DF,32,1989,7,5,523,5.8,0,0,0,0,0,0,0,0,0.0,0.0,0.0,0.0,0.0,"4777    1500000
Name: Market_value_eur, dtype: int64"
ENG-Premier League,2122,Newcastle,Freddie Woodman,ENG,GK,24,1997,4,4,360,4.0,0,0,0,0,0,0,0,0,0.0,0.0,0.0,0.0,0.0,"5029    9000000
Name: Market_value_eur, dtype: int64"
ENG-Premier League,2122,Newcastle,Isaac Hayden,JAM,"MF,DF",26,1995,14,12,1002,11.1,1,0,1,1,0,0,5,0,0.09,0.0,0.09,0.09,0.09,"6169    8000000
Name: Market_value_eur, dtype: int64"
ENG-Premier League,2122,Newcastle,Jacob Murphy,ENG,"FW,MF",26,1995,33,13,1473,16.4,1,2,3,1,0,0,4,0,0.06,0.12,0.18,0.06,0.18,"6450    10000000
Name: Market_value_eur, dtype: int64"
ENG-Premier League,2122,Newcastle,Jamaal Lascelles,ENG,DF,27,1993,26,22,2058,22.9,1,0,1,1,0,0,5,0,0.04,0.0,0.04,0.04,0.04,"6570    10000000
Name: Market_value_eur, dtype: int64"
ENG-Premier League,2122,Newcastle,Jamal Lewis,NIR,DF,23,1998,5,4,262,2.9,0,0,0,0,0,0,1,0,0.0,0.0,0.0,0.0,0.0,"8683    17000000
Name: Market_value_eur, dtype: int64"
ENG-Premier League,2122,Newcastle,Jeff Hendrick,IRL,MF,29,1992,3,0,72,0.8,1,0,1,1,0,0,0,0,1.25,0.0,1.25,1.25,1.25,"7229    5000000
Name: Market_value_eur, dtype: int64"
ENG-Premier League,2122,Newcastle,Joe Willock,ENG,MF,21,1999,29,24,2038,22.6,2,0,2,2,0,0,0,0,0.09,0.0,0.09,0.09,0.09,"7559    30000000
Name: Market_value_eur, dtype: int64"
ENG-Premier League,2122,Newcastle,Joelinton,BRA,"MF,FW",24,1996,35,30,2558,28.4,4,1,5,4,0,0,8,0,0.14,0.04,0.18,0.14,0.18,"7641    32000000
Name: Market_value_eur, dtype: int64"
ENG-Premier League,2122,Newcastle,Karl Darlow,WAL,GK,30,1990,8,8,720,8.0,0,0,0,0,0,0,1,0,0.0,0.0,0.0,0.0,0.0,"8623    2500000
Name: Market_value_eur, dtype: int64"
ENG-Premier League,2122,Newcastle,Kieran Trippier,ENG,DF,30,1990,6,5,429,4.8,2,0,2,2,0,0,0,0,0.42,0.0,0.42,0.42,0.42,"8912    15000000
Name: Market_value_eur, dtype: int64"
ENG-Premier League,2122,Newcastle,Martin Dúbravka,SVK,GK,32,1989,26,26,2340,26.0,0,0,0,0,0,0,1,0,0.0,0.0,0.0,0.0,0.0,"10501    4000000
Name: Market_value_eur, dtype: int64"
ENG-Premier League,2122,Newcastle,Matt Ritchie,SCO,"DF,MF",31,1989,18,14,1337,14.9,0,2,2,0,0,0,5,0,0.0,0.13,0.13,0.0,0.13,"10744    1800000
Name: Market_value_eur, dtype: int64"
ENG-Premier League,2122,Newcastle,Matt Targett,ENG,DF,25,1995,16,16,1440,16.0,0,0,0,0,0,0,1,0,0.0,0.0,0.0,0.0,0.0,"10756    17000000
Name: Market_value_eur, dtype: int64"
ENG-Premier League,2122,Newcastle,Paul Dummett,WAL,DF,29,1991,3,2,198,2.2,0,0,0,0,0,0,2,0,0.0,0.0,0.0,0.0,0.0,"12242    1500000
Name: Market_value_eur, dtype: int64"
ENG-Premier League,2122,Newcastle,Ryan Fraser,SCO,"FW,MF",27,1994,27,18,1465,16.3,2,3,5,2,0,0,3,0,0.12,0.18,0.31,0.12,0.31,"13356    50000
Name: Market_value_eur, dtype: int64"
ENG-Premier League,2122,Newcastle,Sean Longstaff,ENG,MF,23,1997,24,15,1464,16.3,1,1,2,1,0,0,1,0,0.06,0.06,0.12,0.06,0.12,"13770    22000000
Name: Market_value_eur, dtype: int64"
ENG-Premier League,2122,Norwich City,Adam Idah,IRL,"FW,MF",20,2001,17,6,625,6.9,1,1,2,1,0,0,0,0,0.14,0.14,0.29,0.14,0.29,"126    16000000
Name: Market_value_eur, dtype: int64"
ENG-Premier League,2122,Norwich City,Andrew Omobamidele,IRL,DF,19,2002,5,4,382,4.2,1,0,1,1,0,0,1,0,0.24,0.0,0.24,0.24,0.24,"908    10000000
Name: Market_value_eur, dtype: int64"
ENG-Premier League,2122,Norwich City,Angus Gunn,SCO,GK,25,1996,9,9,810,9.0,0,0,0,0,0,0,0,0,0.0,0.0,0.0,0.0,0.0,"1013    3000000
Name: Market_value_eur, dtype: int64"
ENG-Premier League,2122,Norwich City,Bali Mumba,ENG,"DF,MF",19,2001,1,0,45,0.5,0,0,0,0,0,0,0,0,0.0,0.0,0.0,0.0,0.0,"1324    400000
Name: Market_value_eur, dtype: int64"
ENG-Premier League,2122,Norwich City,Ben Gibson,ENG,DF,28,1993,28,28,2494,27.7,0,0,0,0,0,0,5,1,0.0,0.0,0.0,0.0,0.0,"1448    6000000
Name: Market_value_eur, dtype: int64"
ENG-Premier League,2122,Norwich City,Brandon Williams,ENG,DF,20,2000,26,23,2120,23.6,0,1,1,0,0,0,8,0,0.0,0.04,0.04,0.0,0.04,"1887    12000000
Name: Market_value_eur, dtype: int64"
ENG-Premier League,2122,Norwich City,Kenny McLean,SCO,MF,29,1992,31,29,2706,30.1,1,0,1,1,0,0,3,0,0.03,0.0,0.03,0.03,0.03,"8730    2500000
Name: Market_value_eur, dtype: int64"
ENG-Premier League,2122,Norwich City,Lukas Rupp,GER,MF,30,1991,19,7,769,8.5,0,0,0,0,0,0,0,0,0.0,0.0,0.0,0.0,0.0,"9781    800000
Name: Market_value_eur, dtype: int64"
ENG-Premier League,2122,Norwich City,Przemysław Płacheta,POL,"MF,FW",23,1998,12,6,504,5.6,0,0,0,0,0,0,1,0,0.0,0.0,0.0,0.0,0.0,"12559    2000000
Name: Market_value_eur, dtype: int64"
ENG-Premier League,2122,Norwich City,Sam Byram,ENG,DF,27,1993,15,11,1027,11.4,0,0,0,0,0,0,3,0,0.0,0.0,0.0,0.0,0.0,"13486    2000000
Name: Market_value_eur, dtype: int64"
ENG-Premier League,2122,Norwich City,Tim Krul,NED,GK,33,1988,29,29,2610,29.0,0,0,0,0,0,0,1,0,0.0,0.0,0.0,0.0,0.0,"14767    2000000
Name: Market_value_eur, dtype: int64"
ENG-Premier League,2122,Southampton,Adam Armstrong,ENG,FW,24,1997,23,17,1413,15.7,2,2,4,2,0,0,1,0,0.13,0.13,0.25,0.13,0.25,"126    16000000
Name: Market_value_eur, dtype: int64"
ENG-Premier League,2122,Southampton,Alex McCarthy,ENG,GK,31,1989,17,17,1530,17.0,0,0,0,0,0,0,1,0,0.0,0.0,0.0,0.0,0.0,"512    3000000
Name: Market_value_eur, dtype: int64"
ENG-Premier League,2122,Southampton,Armando Broja,ALB,FW,19,2001,32,21,1975,21.9,6,0,6,6,0,0,2,0,0.27,0.0,0.27,0.27,0.27,"1154    30000000
Name: Market_value_eur, dtype: int64"
ENG-Premier League,2122,Southampton,Fraser Forster,ENG,GK,33,1988,19,19,1710,19.0,0,0,0,0,0,0,1,0,0.0,0.0,0.0,0.0,0.0,"4974    2000000
Name: Market_value_eur, dtype: int64"
ENG-Premier League,2122,Southampton,Ibrahima Diallo,FRA,MF,22,1999,23,10,1023,11.4,0,2,2,0,0,0,1,0,0.0,0.18,0.18,0.0,0.18,"6063    10000000
Name: Market_value_eur, dtype: int64"
ENG-Premier League,2122,Southampton,Jack Stephens,ENG,DF,27,1994,11,9,811,9.0,0,0,0,0,0,0,3,0,0.0,0.0,0.0,0.0,0.0,"6398    7000000
Name: Market_value_eur, dtype: int64"
ENG-Premier League,2122,Southampton,James Ward-Prowse,ENG,MF,26,1994,36,36,3215,35.7,10,5,15,6,4,4,3,1,0.28,0.14,0.42,0.17,0.31,"6872    35000000
Name: Market_value_eur, dtype: int64"
ENG-Premier League,2122,Southampton,Jan Bednarek,POL,DF,25,1996,31,30,2629,29.2,4,0,4,4,0,0,10,0,0.14,0.0,0.14,0.14,0.14,"6946    5000000
Name: Market_value_eur, dtype: int64"
ENG-Premier League,2122,Southampton,Kyle Walker-Peters,ENG,DF,24,1997,32,29,2633,29.3,1,2,3,1,0,0,5,0,0.03,0.07,0.1,0.03,0.1,"9114    25000000
Name: Market_value_eur, dtype: int64"
ENG-Premier League,2122,Southampton,Mohamed Elyounoussi,NOR,MF,26,1994,30,23,2042,22.7,4,2,6,4,0,0,4,0,0.18,0.09,0.26,0.18,0.26,"11367    500000
Name: Market_value_eur, dtype: int64"
ENG-Premier League,2122,Southampton,Nathan Redmond,ENG,"MF,FW",27,1994,27,20,1833,20.4,1,5,6,1,0,0,0,0,0.05,0.25,0.29,0.05,0.29,"11610    18000000
Name: Market_value_eur, dtype: int64"
ENG-Premier League,2122,Southampton,Shane Long,IRL,FW,34,1987,13,3,308,3.4,1,0,1,1,0,0,1,0,0.29,0.0,0.29,0.29,0.29,"13948    800000
Name: Market_value_eur, dtype: int64"
ENG-Premier League,2122,Southampton,Theo Walcott,ENG,MF,32,1989,9,5,379,4.2,0,0,0,0,0,0,0,0,0.0,0.0,0.0,0.0,0.0,"14646    1800000
Name: Market_value_eur, dtype: int64"
ENG-Premier League,2122,Southampton,Tino Livramento,ENG,DF,18,2002,28,25,2202,24.5,1,1,2,1,0,0,2,0,0.04,0.04,0.08,0.04,0.08,"14800    25000000
Name: Market_value_eur, dtype: int64"
ENG-Premier League,2122,Southampton,Willy Caballero,ARG,GK,39,1981,2,2,180,2.0,0,0,0,0,0,0,1,0,0.0,0.0,0.0,0.0,0.0,"15740    250000
Name: Market_value_eur, dtype: int64"
ENG-Premier League,2122,Tottenham,Ben Davies,WAL,DF,28,1993,29,28,2538,28.2,1,1,2,1,0,0,6,0,0.04,0.04,0.07,0.04,0.07,"1411    20000000
Name: Market_value_eur, dtype: int64"
ENG-Premier League,2122,Tottenham,Cristian Romero,ARG,DF,23,1998,22,21,1844,20.5,1,0,1,1,0,0,8,0,0.05,0.0,0.05,0.05,0.05,"3055    60000000
Name: Market_value_eur, dtype: int64"
ENG-Premier League,2122,Tottenham,Dejan Kulusevski,SWE,"MF,FW",21,2000,18,14,1261,14.0,5,8,13,5,0,0,3,0,0.36,0.57,0.93,0.36,0.93,"3884    50000000
Name: Market_value_eur, dtype: int64"
ENG-Premier League,2122,Tottenham,Emerson,BRA,"MF,DF",22,1999,31,26,2286,25.4,1,1,2,1,0,0,5,0,0.04,0.04,0.08,0.04,0.08,"4207    45000000
Name: Market_value_eur, dtype: int64"
ENG-Premier League,2122,Tottenham,Harry Winks,ENG,MF,25,1996,19,9,912,10.1,0,1,1,0,0,0,2,0,0.0,0.1,0.1,0.0,0.1,"5862    15000000
Name: Market_value_eur, dtype: int64"
ENG-Premier League,2122,Tottenham,Japhet Tanganga,ENG,"DF,MF",22,1999,11,10,735,8.2,0,0,0,0,0,0,4,1,0.0,0.0,0.0,0.0,0.0,"6977    12000000
Name: Market_value_eur, dtype: int64"
ENG-Premier League,2122,Tottenham,Joe Rodon,WAL,DF,23,1997,3,0,89,1.0,0,0,0,0,0,0,0,0,0.0,0.0,0.0,0.0,0.0,"7534    9000000
Name: Market_value_eur, dtype: int64"
ENG-Premier League,2122,Tottenham,Matt Doherty,IRL,MF,29,1992,15,9,875,9.7,2,4,6,2,0,0,0,0,0.21,0.41,0.62,0.21,0.62,"10687    12000000
Name: Market_value_eur, dtype: int64"
ENG-Premier League,2122,Tottenham,Oliver Skipp,ENG,MF,20,2000,18,14,1350,15.0,0,0,0,0,0,0,6,0,0.0,0.0,0.0,0.0,0.0,"11991    18000000
Name: Market_value_eur, dtype: int64"
ENG-Premier League,2122,Tottenham,Rodrigo Bentancur,URU,MF,24,1997,17,16,1361,15.1,0,4,4,0,0,0,5,0,0.0,0.26,0.26,0.0,0.26,"13046    40000000
Name: Market_value_eur, dtype: int64"
ENG-Premier League,2122,Tottenham,Ryan Sessegnon,ENG,MF,21,2000,15,13,1047,11.6,0,2,2,0,0,0,2,0,0.0,0.17,0.17,0.0,0.17,"13365    22000000
Name: Market_value_eur, dtype: int64"
ENG-Premier League,2122,Watford,Ashley Fletcher,ENG,FW,25,1995,3,0,30,0.3,0,0,0,0,0,0,0,0,0.0,0.0,0.0,0.0,0.0,"1218    1200000
Name: Market_value_eur, dtype: int64"
ENG-Premier League,2122,Watford,Ben Foster,ENG,GK,38,1983,26,26,2340,26.0,0,1,1,0,0,0,0,0,0.0,0.04,0.04,0.0,0.04,"1433    300000
Name: Market_value_eur, dtype: int64"
ENG-Premier League,2122,Watford,Craig Cathcart,NIR,DF,32,1989,31,27,2396,26.6,0,1,1,0,0,0,3,0,0.0,0.04,0.04,0.0,0.04,"2996    1200000
Name: Market_value_eur, dtype: int64"
ENG-Premier League,2122,Watford,Dan Gosling,ENG,MF,31,1990,4,2,166,1.8,1,0,1,1,0,0,0,0,0.54,0.0,0.54,0.54,0.54,"3233    1000000
Name: Market_value_eur, dtype: int64"
ENG-Premier League,2122,Watford,Daniel Bachmann,AUT,GK,27,1994,12,12,1080,12.0,0,0,0,0,0,0,0,0,0.0,0.0,0.0,0.0,0.0,"3286    2500000
Name: Market_value_eur, dtype: int64"
ENG-Premier League,2122,Watford,Danny Rose,ENG,DF,31,1990,8,7,689,7.7,0,0,0,0,0,0,4,0,0.0,0.0,0.0,0.0,0.0,"3471    2200000
Name: Market_value_eur, dtype: int64"
ENG-Premier League,2122,Watford,Edo Kayembe,COD,MF,23,1998,13,9,799,8.9,0,0,0,0,0,0,0,0,0.0,0.0,0.0,0.0,0.0,"4216    5000000
Name: Market_value_eur, dtype: int64"
ENG-Premier League,2122,Watford,Ismaila Sarr,SEN,"MF,FW",23,1998,22,21,1861,20.7,5,2,7,5,0,1,2,0,0.24,0.1,0.34,0.24,0.34,"6191    27000000
Name: Market_value_eur, dtype: int64"
ENG-Premier League,2122,Watford,Jeremy Ngakia,,DF,20,2000,16,9,903,10.0,0,0,0,0,0,0,0,0,0.0,0.0,0.0,0.0,0.0,"7281    3500000
Name: Market_value_eur, dtype: int64"
ENG-Premier League,2122,Watford,João Pedro,BRA,"FW,MF",19,2001,28,15,1644,18.3,3,1,4,3,0,0,1,0,0.16,0.05,0.22,0.16,0.22,"8370    20000000
Name: Market_value_eur, dtype: int64"
ENG-Premier League,2122,Watford,Juraj Kucka,SVK,MF,34,1987,26,22,1920,21.3,1,1,2,1,0,0,5,1,0.05,0.05,0.09,0.05,0.09,"8481    1800000
Name: Market_value_eur, dtype: int64"
ENG-Premier League,2122,Watford,Samuel Kalu,NGA,FW,23,1997,4,2,222,2.5,0,0,0,0,0,0,0,0,0.0,0.0,0.0,0.0,0.0,"13628    3000000
Name: Market_value_eur, dtype: int64"
ENG-Premier League,2122,Watford,Tom Cleverley,ENG,MF,31,1989,28,20,1616,18.0,0,2,2,0,0,0,2,0,0.0,0.11,0.11,0.0,0.11,"14879    1800000
Name: Market_value_eur, dtype: int64"
ENG-Premier League,2122,Watford,Troy Deeney,ENG,FW,33,1988,2,0,25,0.3,0,0,0,0,0,0,0,0,0.0,0.0,0.0,0.0,0.0,"15163    1000000
Name: Market_value_eur, dtype: int64"
ENG-Premier League,2122,West Ham,Aaron Cresswell,ENG,DF,31,1989,31,31,2726,30.3,2,3,5,2,0,0,3,0,0.07,0.1,0.17,0.07,0.17,"17    3000000
Name: Market_value_eur, dtype: int64"
ENG-Premier League,2122,West Ham,Alex Král,CZE,MF,23,1998,1,0,1,0.0,0,0,0,0,0,0,0,0,0.0,0.0,0.0,0.0,0.0,"481    150000
Name: Market_value_eur, dtype: int64"
ENG-Premier League,2122,West Ham,Alphonse Areola,FRA,GK,28,1993,1,1,90,1.0,0,0,0,0,0,0,0,0,0.0,0.0,0.0,0.0,0.0,"748    9000000
Name: Market_value_eur, dtype: int64"
ENG-Premier League,2122,West Ham,Andriy Yarmolenko,UKR,MF,31,1989,19,1,316,3.5,1,0,1,1,0,0,1,0,0.28,0.0,0.28,0.28,0.28,"908    10000000
Name: Market_value_eur, dtype: int64"
ENG-Premier League,2122,West Ham,Angelo Ogbonna,ITA,DF,33,1988,11,11,921,10.2,1,0,1,1,0,0,1,0,0.1,0.0,0.1,0.1,0.1,"1004    1200000
Name: Market_value_eur, dtype: int64"
ENG-Premier League,2122,West Ham,Arthur Masuaku,COD,"MF,DF",27,1993,13,6,650,7.2,1,1,2,1,0,0,1,0,0.14,0.14,0.28,0.14,0.28,"1168    5500000
Name: Market_value_eur, dtype: int64"
ENG-Premier League,2122,West Ham,Ben Johnson,ENG,"DF,MF",21,2000,20,16,1397,15.5,1,0,1,1,0,0,1,0,0.06,0.0,0.06,0.06,0.06,"1475    12000000
Name: Market_value_eur, dtype: int64"
ENG-Premier League,2122,West Ham,Craig Dawson,ENG,DF,31,1990,34,30,2754,30.6,2,2,4,2,0,0,5,1,0.07,0.07,0.13,0.07,0.13,"3010    3000000
Name: Market_value_eur, dtype: int64"
ENG-Premier League,2122,West Ham,Declan Rice,ENG,MF,22,1999,36,35,3179,35.3,1,4,5,1,0,0,8,0,0.03,0.11,0.14,0.03,0.14,"3864    80000000
Name: Market_value_eur, dtype: int64"
ENG-Premier League,2122,West Ham,Harrison Ashby,SCO,"DF,MF",19,2001,1,0,7,0.1,0,0,0,0,0,0,0,0,0.0,0.0,0.0,0.0,0.0,"5760    300000
Name: Market_value_eur, dtype: int64"
ENG-Premier League,2122,West Ham,Issa Diop,MAR,DF,24,1997,13,10,963,10.7,0,1,1,0,0,0,0,0,0.0,0.09,0.09,0.0,0.09,"6203    15000000
Name: Market_value_eur, dtype: int64"
ENG-Premier League,2122,West Ham,Jarrod Bowen,ENG,MF,24,1996,36,34,2983,33.1,12,10,22,12,0,0,6,0,0.36,0.3,0.66,0.36,0.66,"6992    42000000
Name: Market_value_eur, dtype: int64"
ENG-Premier League,2122,West Ham,Mark Noble,ENG,MF,34,1987,11,3,332,3.7,1,0,1,0,1,2,0,0,0.27,0.0,0.27,0.0,0.0,"10367    1000000
Name: Market_value_eur, dtype: int64"
ENG-Premier League,2122,West Ham,Pablo Fornals,ESP,MF,25,1996,36,32,2795,31.1,6,3,9,6,0,0,4,0,0.19,0.1,0.29,0.19,0.29,"12102    300000
Name: Market_value_eur, dtype: int64"
ENG-Premier League,2122,West Ham,Ryan Fredericks,ENG,DF,28,1992,7,3,307,3.4,0,0,0,0,0,0,1,0,0.0,0.0,0.0,0.0,0.0,"13290    2000000
Name: Market_value_eur, dtype: int64"
ENG-Premier League,2122,West Ham,Sonny Perkins,ENG,"FW,MF",17,2004,1,0,4,0.0,0,0,0,0,0,0,0,0,0.0,0.0,0.0,0.0,0.0,"14148    1200000
Name: Market_value_eur, dtype: int64"
ENG-Premier League,2122,West Ham,Tomáš Souček,CZE,MF,26,1995,35,34,3062,34.0,5,1,6,5,0,0,3,0,0.15,0.03,0.18,0.15,0.18,"15095    45000000
Name: Market_value_eur, dtype: int64"
ENG-Premier League,2122,West Ham,Łukasz Fabiański,POL,GK,36,1985,37,37,3330,37.0,0,0,0,0,0,0,2,0,0.0,0.0,0.0,0.0,0.0,"9809    1000000
Name: Market_value_eur, dtype: int64"
ENG-Premier League,2122,Wolves,Adama Traoré,ESP,"FW,MF",25,1996,20,10,1067,11.9,1,0,1,1,0,0,0,0,0.08,0.0,0.08,0.08,0.08,"298    20000000
Name: Market_value_eur, dtype: int64"
ENG-Premier League,2122,Wolves,Chem Campbell,WAL,"FW,MF",18,2002,1,0,13,0.1,0,0,0,0,0,0,0,0,0.0,0.0,0.0,0.0,0.0,"2486    500000
Name: Market_value_eur, dtype: int64"
ENG-Premier League,2122,Wolves,Conor Coady,ENG,DF,28,1993,38,38,3361,37.3,4,0,4,4,0,0,4,0,0.11,0.0,0.11,0.11,0.11,"2900    25000000
Name: Market_value_eur, dtype: int64"
ENG-Premier League,2122,Wolves,Fábio Silva,POR,FW,19,2002,22,6,572,6.4,0,0,0,0,0,0,0,0,0.0,0.0,0.0,0.0,0.0,"15547    750000
Name: Market_value_eur, dtype: int64"
ENG-Premier League,2122,Wolves,Hwang Hee-chan,KOR,"FW,MF",25,1996,30,20,1816,20.2,5,1,6,5,0,0,2,0,0.25,0.05,0.3,0.25,0.3,"5917    16000000
Name: Market_value_eur, dtype: int64"
ENG-Premier League,2122,Wolves,John Ruddy,ENG,GK,34,1986,2,1,135,1.5,0,0,0,0,0,0,0,0,0.0,0.0,0.0,0.0,0.0,"7768    300000
Name: Market_value_eur, dtype: int64"
ENG-Premier League,2122,Wolves,José Sá,POR,GK,28,1993,37,37,3285,36.5,0,1,1,0,0,0,3,0,0.0,0.03,0.03,0.0,0.03,"8328    18000000
Name: Market_value_eur, dtype: int64"
ENG-Premier League,2122,Wolves,Ki-Jana Hoever,NED,MF,19,2002,8,4,308,3.4,0,0,0,0,0,0,1,0,0.0,0.0,0.0,0.0,0.0,"8868    6000000
Name: Market_value_eur, dtype: int64"
ENG-Premier League,2122,Wolves,Luke Cundle,ENG,MF,19,2002,4,2,180,2.0,0,0,0,0,0,0,0,0,0.0,0.0,0.0,0.0,0.0,"9839    1000000
Name: Market_value_eur, dtype: int64"
ENG-Premier League,2122,Wolves,Max Kilman,ENG,DF,24,1997,30,30,2687,29.9,1,0,1,1,0,0,3,0,0.03,0.0,0.03,0.03,0.03,"10975    20000000
Name: Market_value_eur, dtype: int64"
ENG-Premier League,2122,Wolves,Morgan Gibbs-White,ENG,"FW,MF",21,2000,2,0,9,0.1,0,0,0,0,0,0,1,0,0.0,0.0,0.0,0.0,0.0,"11414    25000000
Name: Market_value_eur, dtype: int64"
ENG-Premier League,2122,Wolves,Pedro Neto,POR,"FW,MF",21,2000,13,5,466,5.2,1,1,2,1,0,0,3,0,0.19,0.19,0.39,0.19,0.39,"12336    38000000
Name: Market_value_eur, dtype: int64"
ENG-Premier League,2122,Wolves,Rayan Aït-Nouri,ALG,MF,20,2001,23,20,1828,20.3,1,2,3,1,0,0,4,0,0.05,0.1,0.15,0.05,0.15,"12626    22000000
Name: Market_value_eur, dtype: int64"
ENG-Premier League,2122,Wolves,Raúl Jiménez,MEX,FW,30,1991,34,30,2631,29.2,6,4,10,5,1,1,9,2,0.21,0.14,0.34,0.17,0.31,"12652    18000000
Name: Market_value_eur, dtype: int64"
ENG-Premier League,2122,Wolves,Toti Gomes,POR,DF,22,1999,4,4,360,4.0,0,0,0,0,0,0,1,0,0.0,0.0,0.0,0.0,0.0,"15125    2500000
Name: Market_value_eur, dtype: int64"
ENG-Premier League,2122,Wolves,Willy Boly,CIV,DF,30,1991,10,10,900,10.0,0,0,0,0,0,0,1,0,0.0,0.0,0.0,0.0,0.0,"15719    6000000
Name: Market_value_eur, dtype: int64"
ENG-Premier League,2223,Arsenal,Aaron Ramsdale,ENG,GK,24,1998,38,38,3420,38.0,0,0,0,0,0,0,1,0,0.0,0.0,0.0,0.0,0.0,"62    40000000
Name: Market_value_eur, dtype: int64"
ENG-Premier League,2223,Arsenal,Albert Sambi Lokonga,BEL,MF,22,1999,6,2,198,2.2,0,0,0,0,0,0,0,0,0.0,0.0,0.0,0.0,0.0,"430    250000
Name: Market_value_eur, dtype: int64"
ENG-Premier League,2223,Arsenal,Ben White,ENG,DF,24,1997,38,36,3055,33.9,2,5,7,2,0,0,5,0,0.06,0.15,0.21,0.06,0.21,"1558    55000000
Name: Market_value_eur, dtype: int64"
ENG-Premier League,2223,Arsenal,Bukayo Saka,ENG,"FW,MF",20,2001,38,37,3181,35.3,14,11,25,12,2,3,6,0,0.4,0.31,0.71,0.34,0.65,"2050    120000000
Name: Market_value_eur, dtype: int64"
ENG-Premier League,2223,Arsenal,Eddie Nketiah,ENG,FW,23,1999,30,9,1089,12.1,4,1,5,4,0,0,3,0,0.33,0.08,0.41,0.33,0.41,"4194    35000000
Name: Market_value_eur, dtype: int64"
ENG-Premier League,2223,Arsenal,Emile Smith Rowe,ENG,MF,22,2000,12,0,172,1.9,0,2,2,0,0,0,0,0,0.0,1.05,1.05,0.0,1.05,"4405    35000000
Name: Market_value_eur, dtype: int64"
ENG-Premier League,2223,Arsenal,Ethan Nwaneri,ENG,MF,15,2007,1,0,1,0.0,0,0,0,0,0,0,0,0,0.0,0.0,0.0,0.0,0.0,"4603    250000
Name: Market_value_eur, dtype: int64"
ENG-Premier League,2223,Arsenal,Gabriel Jesus,BRA,FW,25,1997,26,24,2064,22.9,11,6,17,10,1,1,6,0,0.48,0.26,0.74,0.44,0.7,"5082    75000000
Name: Market_value_eur, dtype: int64"
ENG-Premier League,2223,Arsenal,Gabriel Magalhães,BRA,DF,24,1997,38,38,3409,37.9,3,0,3,3,0,0,5,0,0.08,0.0,0.08,0.08,0.08,"5047    60000000
Name: Market_value_eur, dtype: int64"
ENG-Premier League,2223,Arsenal,Gabriel Martinelli,BRA,"FW,MF",21,2001,36,34,2789,31.0,15,5,20,15,0,0,3,0,0.48,0.16,0.65,0.48,0.65,"5090    85000000
Name: Market_value_eur, dtype: int64"
ENG-Premier League,2223,Arsenal,Granit Xhaka,SUI,MF,29,1992,37,36,2993,33.3,7,7,14,7,0,0,4,0,0.21,0.21,0.42,0.21,0.42,"5612    20000000
Name: Market_value_eur, dtype: int64"
ENG-Premier League,2223,Arsenal,Jakub Kiwior,POL,DF,22,2000,7,5,427,4.7,1,0,1,1,0,0,0,0,0.21,0.0,0.21,0.21,0.21,"6551    25000000
Name: Market_value_eur, dtype: int64"
ENG-Premier League,2223,Arsenal,Leandro Trossard,BEL,FW,27,1994,20,10,931,10.3,1,10,11,1,0,0,0,0,0.1,0.97,1.06,0.1,1.06,"9168    38000000
Name: Market_value_eur, dtype: int64"
ENG-Premier League,2223,Arsenal,Martin Ødegaard,NOR,MF,23,1998,37,37,3127,34.7,15,7,22,15,0,0,4,0,0.43,0.2,0.63,0.43,0.63,"10530    90000000
Name: Market_value_eur, dtype: int64"
ENG-Premier League,2223,Arsenal,Oleksandr Zinchenko,UKR,DF,25,1996,27,26,2118,23.5,1,2,3,1,0,0,3,0,0.04,0.08,0.13,0.04,0.13,"909    25000000
Name: Market_value_eur, dtype: int64"
ENG-Premier League,2223,Arsenal,Reiss Nelson,ENG,"FW,MF",22,1999,11,0,212,2.4,3,2,5,3,0,0,0,0,1.27,0.85,2.12,1.27,2.12,"12710    15000000
Name: Market_value_eur, dtype: int64"
ENG-Premier League,2223,Arsenal,Thomas Partey,GHA,MF,29,1993,33,28,2483,27.6,3,0,3,3,0,0,5,0,0.11,0.0,0.11,0.11,0.11,"14670    200000
Name: Market_value_eur, dtype: int64"
ENG-Premier League,2223,Arsenal,William Saliba,FRA,DF,21,2001,27,27,2415,26.8,2,1,3,2,0,0,4,0,0.07,0.04,0.11,0.07,0.11,"15704    75000000
Name: Market_value_eur, dtype: int64"
ENG-Premier League,2223,Aston Villa,Ashley Young,ENG,DF,37,1985,29,23,2036,22.6,1,0,1,1,0,0,7,0,0.04,0.0,0.04,0.04,0.04,"1255    600000
Name: Market_value_eur, dtype: int64"
ENG-Premier League,2223,Aston Villa,Bertrand Traoré,BFA,MF,26,1995,8,1,233,2.6,2,0,2,2,0,0,1,0,0.77,0.0,0.77,0.77,0.77,"1679    12000000
Name: Market_value_eur, dtype: int64"
ENG-Premier League,2223,Aston Villa,Boubacar Kamara,FRA,MF,22,1999,24,21,1777,19.7,0,1,1,0,0,0,4,0,0.0,0.05,0.05,0.0,0.05,"1819    38000000
Name: Market_value_eur, dtype: int64"
ENG-Premier League,2223,Aston Villa,Calum Chambers,ENG,DF,27,1995,14,2,353,3.9,0,0,0,0,0,0,2,0,0.0,0.0,0.0,0.0,0.0,"2180    8000000
Name: Market_value_eur, dtype: int64"
ENG-Premier League,2223,Aston Villa,Cameron Archer,ENG,"FW,MF",21,2001,6,0,49,0.5,0,0,0,0,0,0,0,0,0.0,0.0,0.0,0.0,0.0,"2198    18000000
Name: Market_value_eur, dtype: int64"
ENG-Premier League,2223,Aston Villa,Danny Ings,ENG,FW,30,1992,18,8,824,9.2,6,0,6,4,2,2,3,0,0.66,0.0,0.66,0.44,0.44,"3442    12000000
Name: Market_value_eur, dtype: int64"
ENG-Premier League,2223,Aston Villa,Douglas Luiz,BRA,MF,24,1998,37,33,2927,32.5,6,6,12,6,0,0,6,1,0.18,0.18,0.37,0.18,0.37,"4131    60000000
Name: Market_value_eur, dtype: int64"
ENG-Premier League,2223,Aston Villa,Emi Buendía,ARG,"MF,FW",25,1996,38,27,2412,26.8,5,2,7,5,0,0,0,0,0.19,0.07,0.26,0.19,0.26,"4417    28000000
Name: Market_value_eur, dtype: int64"
ENG-Premier League,2223,Aston Villa,Emiliano Martínez,ARG,GK,29,1992,36,36,3139,34.9,0,0,0,0,0,0,7,0,0.0,0.0,0.0,0.0,0.0,"4443    28000000
Name: Market_value_eur, dtype: int64"
ENG-Premier League,2223,Aston Villa,Ezri Konsa,ENG,DF,24,1997,38,37,3322,36.9,0,0,0,0,0,0,6,0,0.0,0.0,0.0,0.0,0.0,"4677    35000000
Name: Market_value_eur, dtype: int64"
ENG-Premier League,2223,Aston Villa,Jacob Ramsey,ENG,MF,21,2001,35,31,2636,29.3,6,7,13,6,0,0,5,0,0.2,0.24,0.44,0.2,0.44,"6458    42000000
Name: Market_value_eur, dtype: int64"
ENG-Premier League,2223,Aston Villa,Jan Bednarek,POL,DF,26,1996,3,1,100,1.1,0,0,0,0,0,0,0,0,0.0,0.0,0.0,0.0,0.0,"6947    15000000
Name: Market_value_eur, dtype: int64"
ENG-Premier League,2223,Aston Villa,John McGinn,SCO,MF,27,1994,34,30,2693,29.9,1,3,4,1,0,0,7,0,0.03,0.1,0.13,0.03,0.13,"7733    30000000
Name: Market_value_eur, dtype: int64"
ENG-Premier League,2223,Aston Villa,Lucas Digne,FRA,DF,29,1993,28,18,1502,16.7,1,0,1,1,0,0,5,0,0.06,0.0,0.06,0.06,0.06,"9700    17000000
Name: Market_value_eur, dtype: int64"
ENG-Premier League,2223,Aston Villa,Matty Cash,POL,DF,24,1997,26,20,1820,20.2,0,1,1,0,0,0,4,0,0.0,0.05,0.05,0.0,0.05,"10861    28000000
Name: Market_value_eur, dtype: int64"
ENG-Premier League,2223,Aston Villa,Ollie Watkins,ENG,FW,26,1995,37,36,3127,34.7,15,6,21,14,1,2,4,0,0.43,0.17,0.6,0.4,0.58,"12017    60000000
Name: Market_value_eur, dtype: int64"
ENG-Premier League,2223,Aston Villa,Tyrone Mings,ENG,DF,29,1993,35,35,3150,35.0,1,2,3,1,0,0,7,0,0.03,0.06,0.09,0.03,0.09,"15239    22000000
Name: Market_value_eur, dtype: int64"
ENG-Premier League,2223,Bournemouth,Adam Smith,ENG,DF,31,1991,37,34,2943,32.7,0,1,1,0,0,0,11,0,0.0,0.03,0.03,0.0,0.03,"255    1200000
Name: Market_value_eur, dtype: int64"
ENG-Premier League,2223,Bournemouth,Antoine Semenyo,GHA,"MF,FW",22,2000,11,2,258,2.9,1,0,1,1,0,0,0,0,0.35,0.0,0.35,0.35,0.35,"1075    10000000
Name: Market_value_eur, dtype: int64"
ENG-Premier League,2223,Bournemouth,Ben Pearson,ENG,MF,27,1995,7,3,286,3.2,0,0,0,0,0,0,1,0,0.0,0.0,0.0,0.0,0.0,"1517    2200000
Name: Market_value_eur, dtype: int64"
ENG-Premier League,2223,Bournemouth,Chris Mepham,WAL,DF,24,1997,26,24,2199,24.4,0,0,0,0,0,0,7,0,0.0,0.0,0.0,0.0,0.0,"2620    8000000
Name: Market_value_eur, dtype: int64"
ENG-Premier League,2223,Bournemouth,Dango Ouattara,BFA,MF,20,2002,19,15,1241,13.8,1,3,4,1,0,0,1,0,0.07,0.22,0.29,0.07,0.29,"3257    25000000
Name: Market_value_eur, dtype: int64"
ENG-Premier League,2223,Bournemouth,David Brooks,WAL,MF,25,1997,6,2,173,1.9,0,0,0,0,0,0,1,0,0.0,0.0,0.0,0.0,0.0,"3631    12000000
Name: Market_value_eur, dtype: int64"
ENG-Premier League,2223,Bournemouth,Dominic Solanke,ENG,FW,24,1997,33,32,2860,31.8,6,7,13,6,0,0,2,0,0.19,0.22,0.41,0.19,0.41,"4106    25000000
Name: Market_value_eur, dtype: int64"
ENG-Premier League,2223,Bournemouth,Emiliano Marcondes,DEN,"FW,MF",27,1995,1,0,9,0.1,0,0,0,0,0,0,0,0,0.0,0.0,0.0,0.0,0.0,"4432    1500000
Name: Market_value_eur, dtype: int64"
ENG-Premier League,2223,Bournemouth,Hamed Junior Traorè,CIV,MF,22,2000,7,5,427,4.7,0,0,0,0,0,0,0,0,0.0,0.0,0.0,0.0,0.0,"299    12000000
Name: Market_value_eur, dtype: int64"
ENG-Premier League,2223,Bournemouth,Jack Stacey,ENG,"DF,MF",26,1996,10,3,299,3.3,0,0,0,0,0,0,2,0,0.0,0.0,0.0,0.0,0.0,"6387    2200000
Name: Market_value_eur, dtype: int64"
ENG-Premier League,2223,Bournemouth,Jack Stephens,ENG,DF,28,1994,15,13,1173,13.0,0,0,0,0,0,0,3,0,0.0,0.0,0.0,0.0,0.0,"6399    3500000
Name: Market_value_eur, dtype: int64"
ENG-Premier League,2223,Bournemouth,Jaidon Anthony,ENG,MF,22,1999,30,11,1257,14.0,3,1,4,3,0,0,2,0,0.21,0.07,0.29,0.21,0.29,"6484    9000000
Name: Market_value_eur, dtype: int64"
ENG-Premier League,2223,Bournemouth,Jamal Lowe,JAM,"FW,MF",28,1994,2,0,12,0.1,0,0,0,0,0,0,0,0,0.0,0.0,0.0,0.0,0.0,"6592    1500000
Name: Market_value_eur, dtype: int64"
ENG-Premier League,2223,Bournemouth,Jefferson Lerma,COL,MF,27,1994,37,37,3252,36.1,5,0,5,5,0,0,7,0,0.14,0.0,0.14,0.14,0.14,"7240    20000000
Name: Market_value_eur, dtype: int64"
ENG-Premier League,2223,Bournemouth,Joe Rothwell,ENG,MF,27,1995,20,12,1016,11.3,0,1,1,0,0,0,1,0,0.0,0.09,0.09,0.0,0.09,"7510    100000
Name: Market_value_eur, dtype: int64"
ENG-Premier League,2223,Bournemouth,Junior Stanislas,ENG,MF,32,1989,4,0,61,0.7,0,0,0,0,0,0,0,0,0.0,0.0,0.0,0.0,0.0,"8467    500000
Name: Market_value_eur, dtype: int64"
ENG-Premier League,2223,Bournemouth,Lewis Cook,ENG,MF,25,1997,28,18,1720,19.1,0,2,2,0,0,0,4,0,0.0,0.1,0.1,0.0,0.1,"9395    10000000
Name: Market_value_eur, dtype: int64"
ENG-Premier League,2223,Bournemouth,Marcos Senesi,ARG,DF,25,1997,31,29,2491,27.7,2,0,2,2,0,0,7,0,0.07,0.0,0.07,0.07,0.07,"10234    22000000
Name: Market_value_eur, dtype: int64"
ENG-Premier League,2223,Bournemouth,Marcus Tavernier,ENG,MF,23,1999,23,19,1743,19.4,5,4,9,5,0,0,1,0,0.26,0.21,0.46,0.26,0.46,"10290    17000000
Name: Market_value_eur, dtype: int64"
ENG-Premier League,2223,Bournemouth,Mark Travers,IRL,GK,23,1999,12,11,1035,11.5,0,0,0,0,0,0,0,0,0.0,0.0,0.0,0.0,0.0,"10395    3500000
Name: Market_value_eur, dtype: int64"
ENG-Premier League,2223,Bournemouth,Neto,BRA,GK,33,1989,27,27,2385,26.5,0,0,0,0,0,0,4,0,0.0,0.0,0.0,0.0,0.0,"12337    42000000
Name: Market_value_eur, dtype: int64"
ENG-Premier League,2223,Bournemouth,Philip Billing,DEN,"MF,FW",26,1996,36,34,2764,30.7,7,1,8,7,0,0,5,0,0.23,0.03,0.26,0.23,0.26,"12529    22000000
Name: Market_value_eur, dtype: int64"
ENG-Premier League,2223,Bournemouth,Ryan Christie,SCO,MF,27,1995,32,22,1834,20.4,1,1,2,1,0,0,2,0,0.05,0.05,0.1,0.05,0.1,"13276    12000000
Name: Market_value_eur, dtype: int64"
ENG-Premier League,2223,Bournemouth,Ryan Fredericks,ENG,DF,29,1992,12,5,533,5.9,0,0,0,0,0,0,1,0,0.0,0.0,0.0,0.0,0.0,"13291    1500000
Name: Market_value_eur, dtype: int64"
ENG-Premier League,2223,Bournemouth,Siriki Dembélé,CIV,"FW,MF",25,1996,6,0,110,1.2,0,0,0,0,0,0,0,0,0.0,0.0,0.0,0.0,0.0,"14101    2000000
Name: Market_value_eur, dtype: int64"
ENG-Premier League,2223,Brentford,Aaron Hickey,SCO,DF,20,2002,26,23,1916,21.3,0,1,1,0,0,0,7,0,0.0,0.05,0.05,0.0,0.05,"25    30000000
Name: Market_value_eur, dtype: int64"
ENG-Premier League,2223,Brentford,Ben Mee,ENG,DF,32,1989,37,37,3269,36.3,3,2,5,3,0,0,2,0,0.08,0.06,0.14,0.08,0.14,"1493    2000000
Name: Market_value_eur, dtype: int64"
ENG-Premier League,2223,Brentford,Bryan Mbeumo,CMR,FW,22,1999,38,36,2906,32.3,9,8,17,8,1,1,5,0,0.28,0.25,0.53,0.25,0.5,"2036    38000000
Name: Market_value_eur, dtype: int64"
ENG-Premier League,2223,Brentford,Christian Nørgaard,DEN,MF,28,1994,22,21,1763,19.6,1,3,4,1,0,0,6,0,0.05,0.15,0.2,0.05,0.2,"2694    20000000
Name: Market_value_eur, dtype: int64"
ENG-Premier League,2223,Brentford,David Raya,ESP,GK,26,1995,38,38,3420,38.0,0,0,0,0,0,0,1,0,0.0,0.0,0.0,0.0,0.0,"3757    35000000
Name: Market_value_eur, dtype: int64"
ENG-Premier League,2223,Brentford,Ethan Pinnock,JAM,DF,29,1993,30,30,2700,30.0,3,0,3,3,0,0,0,0,0.1,0.0,0.1,0.1,0.1,"4622    15000000
Name: Market_value_eur, dtype: int64"
ENG-Premier League,2223,Brentford,Frank Onyeka,NGA,MF,24,1998,21,8,848,9.4,0,2,2,0,0,0,0,0,0.0,0.21,0.21,0.0,0.21,"4954    9000000
Name: Market_value_eur, dtype: int64"
ENG-Premier League,2223,Brentford,Josh Dasilva,ENG,MF,23,1998,36,14,1389,15.4,4,2,6,4,0,0,1,0,0.26,0.13,0.39,0.26,0.39,"8193    16000000
Name: Market_value_eur, dtype: int64"
ENG-Premier League,2223,Brentford,Keane Lewis-Potter,ENG,FW,21,2001,10,3,321,3.6,0,1,1,0,0,0,0,0,0.0,0.28,0.28,0.0,0.28,"8684    15000000
Name: Market_value_eur, dtype: int64"
ENG-Premier League,2223,Brentford,Kevin Schade,GER,FW,20,2001,18,7,732,8.1,0,1,1,0,0,0,2,0,0.0,0.12,0.12,0.0,0.12,"8841    25000000
Name: Market_value_eur, dtype: int64"
ENG-Premier League,2223,Brentford,Kristoffer Ajer,NOR,DF,24,1998,9,9,763,8.5,0,0,0,0,0,0,0,0,0.0,0.0,0.0,0.0,0.0,"9012    18000000
Name: Market_value_eur, dtype: int64"
ENG-Premier League,2223,Brentford,Mads Roerslev,DEN,"MF,DF",23,1999,20,12,1108,12.3,0,0,0,0,0,0,0,0,0.0,0.0,0.0,0.0,0.0,"10000    8000000
Name: Market_value_eur, dtype: int64"
ENG-Premier League,2223,Brentford,Mathias Jensen,DEN,MF,26,1996,37,37,2803,31.1,5,6,11,5,0,0,5,0,0.16,0.19,0.35,0.16,0.35,"10640    30000000
Name: Market_value_eur, dtype: int64"
ENG-Premier League,2223,Brentford,Mathias Jørgensen,DEN,DF,32,1990,18,11,1103,12.3,0,0,0,0,0,0,2,0,0.0,0.0,0.0,0.0,0.0,"10640    30000000
Name: Market_value_eur, dtype: int64"
ENG-Premier League,2223,Brentford,Mikkel Damsgaard,DEN,"MF,FW",22,2000,26,9,988,11.0,0,0,0,0,0,0,4,0,0.0,0.0,0.0,0.0,0.0,"11304    13000000
Name: Market_value_eur, dtype: int64"
ENG-Premier League,2223,Brentford,Rico Henry,JAM,"DF,MF",25,1997,37,37,3238,36.0,0,2,2,0,0,0,4,0,0.0,0.06,0.06,0.0,0.06,"12888    28000000
Name: Market_value_eur, dtype: int64"
ENG-Premier League,2223,Brentford,Shandon Baptiste,GRN,MF,24,1998,23,4,618,6.9,0,1,1,0,0,0,3,1,0.0,0.15,0.15,0.0,0.15,"13904    3000000
Name: Market_value_eur, dtype: int64"
ENG-Premier League,2223,Brentford,Vitaly Janelt,GER,MF,24,1998,35,24,2208,24.5,3,1,4,3,0,0,3,0,0.12,0.04,0.16,0.12,0.16,"15384    22000000
Name: Market_value_eur, dtype: int64"
ENG-Premier League,2223,Brentford,Yoane Wissa,COD,FW,25,1996,38,16,1606,17.8,7,3,10,7,0,0,3,0,0.39,0.17,0.56,0.39,0.56,"15841    25000000
Name: Market_value_eur, dtype: int64"
ENG-Premier League,2223,Brighton,Adam Lallana,ENG,MF,34,1988,16,12,722,8.0,2,1,3,2,0,0,0,0,0.25,0.12,0.37,0.25,0.37,"217    1200000
Name: Market_value_eur, dtype: int64"
ENG-Premier League,2223,Brighton,Adam Webster,ENG,DF,27,1995,27,23,1985,22.1,0,0,0,0,0,0,2,0,0.0,0.0,0.0,0.0,0.0,"268    25000000
Name: Market_value_eur, dtype: int64"
ENG-Premier League,2223,Brighton,Alexis Mac Allister,ARG,MF,23,1998,35,31,2886,32.1,10,2,12,4,6,6,8,0,0.31,0.06,0.37,0.12,0.19,"623    65000000
Name: Market_value_eur, dtype: int64"
ENG-Premier League,2223,Brighton,Andrew Moran,IRL,MF,18,2003,1,0,12,0.1,0,0,0,0,0,0,0,0,0.0,0.0,0.0,0.0,0.0,"909    25000000
Name: Market_value_eur, dtype: int64"
ENG-Premier League,2223,Brighton,Danny Welbeck,ENG,FW,31,1990,31,21,1854,20.6,6,3,9,6,0,0,0,0,0.29,0.15,0.44,0.29,0.44,"3517    7000000
Name: Market_value_eur, dtype: int64"
ENG-Premier League,2223,Brighton,Facundo Buonanotte,ARG,MF,17,2004,13,6,565,6.3,1,1,2,1,0,0,2,0,0.16,0.16,0.32,0.16,0.32,"4746    12000000
Name: Market_value_eur, dtype: int64"
ENG-Premier League,2223,Brighton,Jack Hinshelwood,ENG,"DF,MF",17,2005,1,0,2,0.0,0,0,0,0,0,0,0,0,0.0,0.0,0.0,0.0,0.0,"6324    7000000
Name: Market_value_eur, dtype: int64"
ENG-Premier League,2223,Brighton,Jan Paul van Hecke,NED,DF,22,2000,8,3,295,3.3,0,0,0,0,0,0,2,0,0.0,0.0,0.0,0.0,0.0,"6947    15000000
Name: Market_value_eur, dtype: int64"
ENG-Premier League,2223,Brighton,Jason Steele,ENG,GK,31,1990,15,15,1350,15.0,0,1,1,0,0,0,1,0,0.0,0.07,0.07,0.0,0.07,"7046    4000000
Name: Market_value_eur, dtype: int64"
ENG-Premier League,2223,Brighton,Joël Veltman,NED,DF,30,1992,31,25,2188,24.3,1,1,2,1,0,0,6,0,0.04,0.04,0.08,0.04,0.08,"8397    10000000
Name: Market_value_eur, dtype: int64"
ENG-Premier League,2223,Brighton,Kaoru Mitoma,JPN,MF,25,1997,33,24,2318,25.8,7,5,12,7,0,0,0,0,0.27,0.19,0.47,0.27,0.47,"8609    50000000
Name: Market_value_eur, dtype: int64"
ENG-Premier League,2223,Brighton,Leandro Trossard,BEL,"MF,FW",27,1994,16,16,1315,14.6,7,2,9,7,0,0,1,0,0.48,0.14,0.62,0.48,0.62,"9168    38000000
Name: Market_value_eur, dtype: int64"
ENG-Premier League,2223,Brighton,Levi Colwill,ENG,DF,19,2003,17,13,1220,13.6,0,2,2,0,0,0,1,0,0.0,0.15,0.15,0.0,0.15,"9366    55000000
Name: Market_value_eur, dtype: int64"
ENG-Premier League,2223,Brighton,Lewis Dunk,ENG,DF,30,1991,36,36,3239,36.0,1,0,1,1,0,0,4,0,0.03,0.0,0.03,0.03,0.03,"9417    16000000
Name: Market_value_eur, dtype: int64"
ENG-Premier League,2223,Brighton,Moisés Caicedo,ECU,MF,20,2001,37,34,3139,34.9,1,1,2,1,0,0,10,0,0.03,0.03,0.06,0.03,0.06,"11397    90000000
Name: Market_value_eur, dtype: int64"
ENG-Premier League,2223,Brighton,Odeluga Offiah,ENG,DF,19,2002,2,0,25,0.3,0,0,0,0,0,0,0,0,0.0,0.0,0.0,0.0,0.0,"11949    300000
Name: Market_value_eur, dtype: int64"
ENG-Premier League,2223,Brighton,Robert Sánchez,ESP,GK,24,1997,23,23,2070,23.0,0,0,0,0,0,0,2,0,0.0,0.0,0.0,0.0,0.0,"13001    30000000
Name: Market_value_eur, dtype: int64"
ENG-Premier League,2223,Brighton,Solly March,ENG,MF,28,1994,33,31,2715,30.2,6,7,13,6,0,0,2,0,0.2,0.23,0.43,0.2,0.43,"14126    22000000
Name: Market_value_eur, dtype: int64"
ENG-Premier League,2223,Brighton,Yasin Ayari,SWE,MF,18,2003,3,1,67,0.7,0,0,0,0,0,0,0,0,0.0,0.0,0.0,0.0,0.0,"15817    6000000
Name: Market_value_eur, dtype: int64"
ENG-Premier League,2223,Chelsea,Armando Broja,ALB,FW,20,2001,12,2,294,3.3,1,0,1,1,0,0,0,0,0.31,0.0,0.31,0.31,0.31,"1155    28000000
Name: Market_value_eur, dtype: int64"
ENG-Premier League,2223,Chelsea,Ben Chilwell,ENG,"MF,DF",25,1996,23,15,1408,15.6,2,2,4,2,0,0,3,0,0.13,0.13,0.26,0.13,0.26,"1379    300000
Name: Market_value_eur, dtype: int64"
ENG-Premier League,2223,Chelsea,Benoît Badiashile,FRA,DF,21,2001,11,10,905,10.1,1,0,1,1,0,0,2,0,0.1,0.0,0.1,0.1,0.1,"1606    40000000
Name: Market_value_eur, dtype: int64"
ENG-Premier League,2223,Chelsea,Carney Chukwuemeka,AUT,MF,18,2003,14,2,354,3.9,0,0,0,0,0,0,0,0,0.0,0.0,0.0,0.0,0.0,"2070    200000
Name: Market_value_eur, dtype: int64"
ENG-Premier League,2223,Chelsea,Conor Gallagher,ENG,MF,22,2000,35,18,1621,18.0,3,1,4,3,0,0,11,1,0.17,0.06,0.22,0.17,0.22,"2908    42000000
Name: Market_value_eur, dtype: int64"
ENG-Premier League,2223,Chelsea,David Datro Fofana,CIV,FW,19,2002,3,1,70,0.8,0,0,0,0,0,0,0,0,0.0,0.0,0.0,0.0,0.0,"3631    12000000
Name: Market_value_eur, dtype: int64"
ENG-Premier League,2223,Chelsea,Enzo Fernández,ARG,MF,21,2001,18,18,1547,17.2,0,2,2,0,0,0,3,0,0.0,0.12,0.12,0.0,0.12,"4538    85000000
Name: Market_value_eur, dtype: int64"
ENG-Premier League,2223,Chelsea,João Félix,POR,"FW,MF",22,1999,16,11,941,10.5,4,0,4,4,0,0,1,1,0.38,0.0,0.38,0.38,0.38,"8363    60000000
Name: Market_value_eur, dtype: int64"
ENG-Premier League,2223,Chelsea,Kai Havertz,GER,"FW,MF",23,1999,35,30,2569,28.5,7,1,8,6,1,1,5,0,0.25,0.04,0.28,0.21,0.25,"8579    60000000
Name: Market_value_eur, dtype: int64"
ENG-Premier League,2223,Chelsea,Kepa Arrizabalaga,ESP,GK,27,1994,29,29,2565,28.5,0,0,0,0,0,0,1,0,0.0,0.0,0.0,0.0,0.0,"8772    20000000
Name: Market_value_eur, dtype: int64"
ENG-Premier League,2223,Chelsea,Lewis Hall,ENG,"MF,DF",17,2004,9,8,654,7.3,0,0,0,0,0,0,1,0,0.0,0.0,0.0,0.0,0.0,"9437    18000000
Name: Market_value_eur, dtype: int64"
ENG-Premier League,2223,Chelsea,Marc Cucurella,ESP,"DF,MF",24,1998,24,21,1671,18.6,0,2,2,0,0,0,4,0,0.0,0.11,0.11,0.0,0.11,"10098    40000000
Name: Market_value_eur, dtype: int64"
ENG-Premier League,2223,Chelsea,Mason Mount,ENG,MF,23,1999,24,20,1648,18.3,3,2,5,3,0,0,4,0,0.16,0.11,0.27,0.16,0.27,"10566    65000000
Name: Market_value_eur, dtype: int64"
ENG-Premier League,2223,Chelsea,Mateo Kovačić,CRO,MF,28,1994,27,17,1707,19.0,1,2,3,1,0,0,8,0,0.05,0.11,0.16,0.05,0.16,"10599    38000000
Name: Market_value_eur, dtype: int64"
ENG-Premier League,2223,Chelsea,Mykhailo Mudryk,UKR,"FW,MF",21,2001,15,7,657,7.3,0,2,2,0,0,0,1,0,0.0,0.27,0.27,0.0,0.27,"11470    60000000
Name: Market_value_eur, dtype: int64"
ENG-Premier League,2223,Chelsea,Noni Madueke,ENG,"FW,MF",20,2002,12,7,643,7.1,1,0,1,1,0,0,0,0,0.14,0.0,0.14,0.14,0.14,"11918    30000000
Name: Market_value_eur, dtype: int64"
ENG-Premier League,2223,Chelsea,Omari Hutchinson,ENG,MF,18,2003,1,0,23,0.3,0,0,0,0,0,0,0,0,0.0,0.0,0.0,0.0,0.0,"12044    3000000
Name: Market_value_eur, dtype: int64"
ENG-Premier League,2223,Chelsea,Reece James,ENG,"DF,MF",22,1999,16,14,1244,13.8,1,1,2,1,0,0,4,0,0.07,0.07,0.14,0.07,0.14,"12678    65000000
Name: Market_value_eur, dtype: int64"
ENG-Premier League,2223,Chelsea,Trevoh Chalobah,ENG,DF,23,1999,25,18,1608,17.9,0,0,0,0,0,0,4,0,0.0,0.0,0.0,0.0,0.0,"15142    18000000
Name: Market_value_eur, dtype: int64"
ENG-Premier League,2223,Chelsea,Wesley Fofana,FRA,DF,21,2000,15,12,1183,13.1,1,0,1,1,0,0,3,0,0.08,0.0,0.08,0.08,0.08,"15611    55000000
Name: Market_value_eur, dtype: int64"
ENG-Premier League,2223,Crystal Palace,Albert Sambi Lokonga,BEL,MF,22,1999,9,6,536,6.0,0,0,0,0,0,0,2,0,0.0,0.0,0.0,0.0,0.0,"430    250000
Name: Market_value_eur, dtype: int64"
ENG-Premier League,2223,Crystal Palace,Cheick Doucouré,MLI,MF,22,2000,34,34,2769,30.8,0,3,3,0,0,0,10,1,0.0,0.1,0.1,0.0,0.1,"2454    35000000
Name: Market_value_eur, dtype: int64"
ENG-Premier League,2223,Crystal Palace,Chris Richards,USA,DF,22,2000,9,4,447,5.0,0,0,0,0,0,0,0,0,0.0,0.0,0.0,0.0,0.0,"2631    10000000
Name: Market_value_eur, dtype: int64"
ENG-Premier League,2223,Crystal Palace,David Ozoh,ENG,MF,17,2005,1,0,1,0.0,0,0,0,0,0,0,0,0,0.0,0.0,0.0,0.0,0.0,"3745    700000
Name: Market_value_eur, dtype: int64"
ENG-Premier League,2223,Crystal Palace,Eberechi Eze,ENG,"MF,FW",24,1998,38,30,2636,29.3,10,4,14,9,1,1,3,0,0.34,0.14,0.48,0.31,0.44,"4181    48000000
Name: Market_value_eur, dtype: int64"
ENG-Premier League,2223,Crystal Palace,James McArthur,SCO,MF,34,1987,4,0,54,0.6,0,0,0,0,0,0,0,0,0.0,0.0,0.0,0.0,0.0,"6718    400000
Name: Market_value_eur, dtype: int64"
ENG-Premier League,2223,Crystal Palace,James Tomkins,ENG,DF,33,1989,6,3,338,3.8,1,0,1,1,0,0,3,1,0.27,0.0,0.27,0.27,0.27,"6840    800000
Name: Market_value_eur, dtype: int64"
ENG-Premier League,2223,Crystal Palace,Jean-Philippe Mateta,FRA,FW,25,1997,29,6,770,8.6,2,0,2,2,0,0,3,0,0.23,0.0,0.23,0.23,0.23,"7192    7000000
Name: Market_value_eur, dtype: int64"
ENG-Premier League,2223,Crystal Palace,Joachim Andersen,DEN,DF,26,1996,32,32,2782,30.9,1,0,1,1,0,0,8,0,0.03,0.0,0.03,0.03,0.03,"7372    35000000
Name: Market_value_eur, dtype: int64"
ENG-Premier League,2223,Crystal Palace,Joel Ward,ENG,DF,32,1989,28,24,2256,25.1,1,0,1,1,0,0,6,0,0.04,0.0,0.04,0.04,0.04,"7631    1200000
Name: Market_value_eur, dtype: int64"
ENG-Premier League,2223,Crystal Palace,Jordan Ayew,GHA,"FW,MF",30,1991,38,31,2714,30.2,4,3,7,4,0,0,5,0,0.13,0.1,0.23,0.13,0.23,"7971    5000000
Name: Market_value_eur, dtype: int64"
ENG-Premier League,2223,Crystal Palace,Joseph Whitworth,ENG,GK,18,2004,2,2,180,2.0,0,0,0,0,0,0,0,0,0.0,0.0,0.0,0.0,0.0,"7546    1000000
Name: Market_value_eur, dtype: int64"
ENG-Premier League,2223,Crystal Palace,Luka Milivojević,SRB,MF,31,1991,18,5,512,5.7,0,0,0,0,0,0,2,0,0.0,0.0,0.0,0.0,0.0,"9757    2000000
Name: Market_value_eur, dtype: int64"
ENG-Premier League,2223,Crystal Palace,Malcolm Ebiowei,ENG,MF,18,2003,3,0,34,0.4,0,0,0,0,0,0,0,0,0.0,0.0,0.0,0.0,0.0,"10022    3000000
Name: Market_value_eur, dtype: int64"
ENG-Premier League,2223,Crystal Palace,Marc Guéhi,ENG,DF,22,2000,37,37,3329,37.0,1,0,1,1,0,0,8,0,0.03,0.0,0.03,0.03,0.03,"10110    38000000
Name: Market_value_eur, dtype: int64"
ENG-Premier League,2223,Crystal Palace,Nathaniel Clyne,ENG,DF,31,1991,22,19,1640,18.2,0,0,0,0,0,0,3,0,0.0,0.0,0.0,0.0,0.0,"11643    2000000
Name: Market_value_eur, dtype: int64"
ENG-Premier League,2223,Crystal Palace,Sam Johnstone,ENG,GK,29,1993,9,9,810,9.0,0,0,0,0,0,0,1,0,0.0,0.0,0.0,0.0,0.0,"13533    12000000
Name: Market_value_eur, dtype: int64"
ENG-Premier League,2223,Crystal Palace,Tyrick Mitchell,ENG,DF,22,1999,36,34,2891,32.1,0,2,2,0,0,0,5,1,0.0,0.06,0.06,0.0,0.06,"15223    22000000
Name: Market_value_eur, dtype: int64"
ENG-Premier League,2223,Crystal Palace,Will Hughes,ENG,MF,27,1995,27,7,842,9.4,1,1,2,1,0,0,4,0,0.11,0.11,0.21,0.11,0.21,"15658    9000000
Name: Market_value_eur, dtype: int64"
ENG-Premier League,2223,Everton,Alex Iwobi,NGA,MF,26,1996,38,38,3378,37.5,2,7,9,2,0,0,2,0,0.05,0.19,0.24,0.05,0.24,"493    28000000
Name: Market_value_eur, dtype: int64"
ENG-Premier League,2223,Everton,Amadou Onana,BEL,MF,20,2001,33,29,2488,27.6,1,2,3,1,0,0,9,0,0.04,0.07,0.11,0.04,0.11,"779    50000000
Name: Market_value_eur, dtype: int64"
ENG-Premier League,2223,Everton,Anthony Gordon,ENG,"FW,MF",21,2001,16,12,1095,12.2,3,0,3,3,0,0,6,0,0.25,0.0,0.25,0.25,0.25,"1039    50000000
Name: Market_value_eur, dtype: int64"
ENG-Premier League,2223,Everton,Asmir Begović,BIH,GK,35,1987,1,1,90,1.0,0,0,0,0,0,0,0,0,0.0,0.0,0.0,0.0,0.0,"1274    800000
Name: Market_value_eur, dtype: int64"
ENG-Premier League,2223,Everton,Ben Godfrey,ENG,DF,24,1998,13,10,802,8.9,0,1,1,0,0,0,2,0,0.0,0.11,0.11,0.0,0.11,"1493    2000000
Name: Market_value_eur, dtype: int64"
ENG-Premier League,2223,Everton,Conor Coady,ENG,DF,29,1993,24,23,2096,23.3,1,1,2,1,0,0,2,0,0.04,0.04,0.09,0.04,0.09,"2901    12000000
Name: Market_value_eur, dtype: int64"
ENG-Premier League,2223,Everton,Dominic Calvert-Lewin,ENG,FW,25,1997,17,15,1165,12.9,2,1,3,1,1,1,3,0,0.15,0.08,0.23,0.08,0.15,"4084    25000000
Name: Market_value_eur, dtype: int64"
ENG-Premier League,2223,Everton,Dwight McNeil,ENG,"MF,FW",22,1999,36,28,2498,27.8,7,3,10,7,0,0,5,0,0.25,0.11,0.36,0.25,0.36,"4147    20000000
Name: Market_value_eur, dtype: int64"
ENG-Premier League,2223,Everton,Ellis Simms,ENG,FW,21,2001,11,2,228,2.5,1,0,1,1,0,0,0,0,0.39,0.0,0.39,0.39,0.39,"4368    6000000
Name: Market_value_eur, dtype: int64"
ENG-Premier League,2223,Everton,Idrissa Gueye,SEN,MF,32,1989,33,32,2577,28.6,0,1,1,0,0,0,7,0,0.0,0.03,0.03,0.0,0.03,"6088    5000000
Name: Market_value_eur, dtype: int64"
ENG-Premier League,2223,Everton,Isaac Price,NIR,MF,18,2003,1,0,33,0.4,0,0,0,0,0,0,1,0,0.0,0.0,0.0,0.0,0.0,"6175    1500000
Name: Market_value_eur, dtype: int64"
ENG-Premier League,2223,Everton,James Garner,ENG,MF,21,2001,16,7,804,8.9,0,1,1,0,0,0,3,0,0.0,0.11,0.11,0.0,0.11,"6658    20000000
Name: Market_value_eur, dtype: int64"
ENG-Premier League,2223,Everton,James Tarkowski,ENG,DF,29,1992,38,38,3420,38.0,1,1,2,1,0,0,6,0,0.03,0.03,0.05,0.03,0.05,"6819    18000000
Name: Market_value_eur, dtype: int64"
ENG-Premier League,2223,Everton,Jordan Pickford,ENG,GK,28,1994,37,37,3330,37.0,0,1,1,0,0,0,6,0,0.0,0.03,0.03,0.0,0.03,"8060    25000000
Name: Market_value_eur, dtype: int64"
ENG-Premier League,2223,Everton,Michael Keane,ENG,DF,29,1993,12,10,985,10.9,1,2,3,1,0,0,0,0,0.09,0.18,0.27,0.09,0.27,"11117    10000000
Name: Market_value_eur, dtype: int64"
ENG-Premier League,2223,Everton,Nathan Patterson,SCO,"DF,MF",20,2001,19,14,1279,14.2,0,0,0,0,0,0,3,0,0.0,0.0,0.0,0.0,0.0,"11595    16000000
Name: Market_value_eur, dtype: int64"
ENG-Premier League,2223,Everton,Séamus Coleman,IRL,"DF,MF",33,1988,23,20,1656,18.4,1,0,1,1,0,0,1,0,0.05,0.0,0.05,0.05,0.05,"14525    1000000
Name: Market_value_eur, dtype: int64"
ENG-Premier League,2223,Everton,Tom Cannon,IRL,FW,19,2002,2,0,25,0.3,0,0,0,0,0,0,0,0,0.0,0.0,0.0,0.0,0.0,"14852    6000000
Name: Market_value_eur, dtype: int64"
ENG-Premier League,2223,Everton,Tom Davies,ENG,MF,24,1998,19,4,538,6.0,0,0,0,0,0,0,3,0,0.0,0.0,0.0,0.0,0.0,"14887    9000000
Name: Market_value_eur, dtype: int64"
ENG-Premier League,2223,Everton,Vitaliy Mykolenko,UKR,"DF,MF",23,1999,34,30,2655,29.5,0,0,0,0,0,0,4,0,0.0,0.0,0.0,0.0,0.0,"15373    28000000
Name: Market_value_eur, dtype: int64"
ENG-Premier League,2223,Fulham,Andreas Pereira,BRA,MF,26,1996,33,33,2692,29.9,4,6,10,3,1,1,8,0,0.13,0.2,0.33,0.1,0.3,"909    25000000
Name: Market_value_eur, dtype: int64"
ENG-Premier League,2223,Fulham,Antonee Robinson,USA,DF,24,1997,35,35,3088,34.3,0,1,1,0,0,0,8,0,0.0,0.03,0.03,0.0,0.03,"1099    20000000
Name: Market_value_eur, dtype: int64"
ENG-Premier League,2223,Fulham,Bernd Leno,GER,GK,30,1992,36,36,3240,36.0,0,0,0,0,0,0,3,0,0.0,0.0,0.0,0.0,0.0,"1665    13000000
Name: Market_value_eur, dtype: int64"
ENG-Premier League,2223,Fulham,Bobby De Cordova-Reid,JAM,"MF,DF",29,1993,36,29,2475,27.5,4,1,5,4,0,0,8,0,0.15,0.04,0.18,0.15,0.18,"1750    7000000
Name: Market_value_eur, dtype: int64"
ENG-Premier League,2223,Fulham,Daniel James,WAL,"MF,FW",24,1997,20,5,621,6.9,2,1,3,2,0,0,0,0,0.29,0.14,0.43,0.29,0.43,"3328    14000000
Name: Market_value_eur, dtype: int64"
ENG-Premier League,2223,Fulham,Harrison Reed,ENG,MF,27,1995,37,35,2866,31.8,3,4,7,3,0,0,5,0,0.09,0.13,0.22,0.09,0.22,"5778    18000000
Name: Market_value_eur, dtype: int64"
ENG-Premier League,2223,Fulham,Harry Wilson,WAL,MF,25,1997,29,13,1100,12.2,2,3,5,2,0,0,1,0,0.16,0.25,0.41,0.16,0.41,"5852    17000000
Name: Market_value_eur, dtype: int64"
ENG-Premier League,2223,Fulham,Issa Diop,MAR,DF,25,1997,25,21,2012,22.4,1,0,1,1,0,0,2,0,0.04,0.0,0.04,0.04,0.04,"6204    22000000
Name: Market_value_eur, dtype: int64"
ENG-Premier League,2223,Fulham,Jay Stansfield,ENG,MF,19,2002,3,1,87,1.0,0,0,0,0,0,0,0,0,0.0,0.0,0.0,0.0,0.0,"7104    2800000
Name: Market_value_eur, dtype: int64"
ENG-Premier League,2223,Fulham,Josh Onomah,ENG,"FW,MF",25,1997,2,0,15,0.2,0,0,0,0,0,0,0,0,0.0,0.0,0.0,0.0,0.0,"8252    1500000
Name: Market_value_eur, dtype: int64"
ENG-Premier League,2223,Fulham,João Palhinha,POR,MF,27,1995,35,35,3108,34.5,3,0,3,3,0,0,14,0,0.09,0.0,0.09,0.09,0.09,"8363    60000000
Name: Market_value_eur, dtype: int64"
ENG-Premier League,2223,Fulham,Kenny Tete,NED,DF,26,1995,31,29,2569,28.5,1,5,6,1,0,0,8,0,0.04,0.18,0.21,0.04,0.21,"8745    15000000
Name: Market_value_eur, dtype: int64"
ENG-Premier League,2223,Fulham,Luke Harris,WAL,MF,17,2005,3,0,13,0.1,0,0,0,0,0,0,0,0,0.0,0.0,0.0,0.0,0.0,"9881    1000000
Name: Market_value_eur, dtype: int64"
ENG-Premier League,2223,Fulham,Nathaniel Chalobah,ENG,MF,27,1994,4,1,12,0.1,0,0,0,0,0,0,0,1,0.0,0.0,0.0,0.0,0.0,"11629    1800000
Name: Market_value_eur, dtype: int64"
ENG-Premier League,2223,Fulham,Neeskens Kebano,COD,MF,30,1992,17,9,764,8.5,0,3,3,0,0,0,0,0,0.0,0.35,0.35,0.0,0.35,"11688    3000000
Name: Market_value_eur, dtype: int64"
ENG-Premier League,2223,Fulham,Saša Lukić,SRB,MF,25,1996,12,4,412,4.6,0,0,0,0,0,0,1,0,0.0,0.0,0.0,0.0,0.0,"13678    12000000
Name: Market_value_eur, dtype: int64"
ENG-Premier League,2223,Fulham,Shane Duffy,IRL,"DF,MF",30,1992,5,0,20,0.2,0,0,0,0,0,0,0,0,0.0,0.0,0.0,0.0,0.0,"13919    2000000
Name: Market_value_eur, dtype: int64"
ENG-Premier League,2223,Fulham,Tim Ream,USA,DF,34,1987,33,33,2897,32.2,1,0,1,1,0,0,2,0,0.03,0.0,0.03,0.03,0.03,"14748    5000000
Name: Market_value_eur, dtype: int64"
ENG-Premier League,2223,Fulham,Tom Cairney,SCO,MF,31,1991,33,6,988,11.0,2,0,2,2,0,0,2,0,0.18,0.0,0.18,0.18,0.18,"14848    2000000
Name: Market_value_eur, dtype: int64"
ENG-Premier League,2223,Fulham,Tosin Adarabioyo,ENG,DF,24,1997,25,23,2085,23.2,1,0,1,1,0,0,4,0,0.04,0.0,0.04,0.04,0.04,"15120    16000000
Name: Market_value_eur, dtype: int64"
ENG-Premier League,2223,Fulham,Tyrese Francois,AUS,MF,22,2000,1,0,1,0.0,0,0,0,0,0,0,0,0,0.0,0.0,0.0,0.0,0.0,"15218    500000
Name: Market_value_eur, dtype: int64"
ENG-Premier League,2223,Leeds United,Adam Forshaw,ENG,MF,30,1991,12,5,479,5.3,0,0,0,0,0,0,0,0,0.0,0.0,0.0,0.0,0.0,"188    1200000
Name: Market_value_eur, dtype: int64"
ENG-Premier League,2223,Leeds United,Brenden Aaronson,USA,MF,21,2000,36,28,2372,26.4,1,3,4,1,0,0,2,0,0.04,0.11,0.15,0.04,0.15,"1946    25000000
Name: Market_value_eur, dtype: int64"
ENG-Premier League,2223,Leeds United,Cody Drameh,ENG,DF,20,2001,1,1,69,0.8,0,0,0,0,0,0,0,0,0.0,0.0,0.0,0.0,0.0,"2803    3500000
Name: Market_value_eur, dtype: int64"
ENG-Premier League,2223,Leeds United,Crysencio Summerville,NED,"MF,FW",20,2001,28,12,1426,15.8,4,2,6,4,0,0,4,0,0.25,0.13,0.38,0.25,0.38,"3064    18000000
Name: Market_value_eur, dtype: int64"
ENG-Premier League,2223,Leeds United,Daniel James,WAL,MF,24,1997,4,2,198,2.2,0,0,0,0,0,0,0,0,0.0,0.0,0.0,0.0,0.0,"3328    14000000
Name: Market_value_eur, dtype: int64"
ENG-Premier League,2223,Leeds United,Darko Gyabi,ENG,MF,18,2004,1,0,8,0.1,0,0,0,0,0,0,0,0,0.0,0.0,0.0,0.0,0.0,"3547    2000000
Name: Market_value_eur, dtype: int64"
ENG-Premier League,2223,Leeds United,Georginio Rutter,FRA,FW,20,2002,11,1,273,3.0,0,1,1,0,0,0,0,0,0.0,0.33,0.33,0.0,0.33,"5452    22000000
Name: Market_value_eur, dtype: int64"
ENG-Premier League,2223,Leeds United,Illan Meslier,FRA,GK,22,2000,34,34,3060,34.0,0,0,0,0,0,0,3,0,0.0,0.0,0.0,0.0,0.0,"6158    20000000
Name: Market_value_eur, dtype: int64"
ENG-Premier League,2223,Leeds United,Jack Harrison,ENG,MF,25,1996,36,34,2708,30.1,5,7,12,5,0,0,2,0,0.17,0.23,0.4,0.17,0.4,"6316    22000000
Name: Market_value_eur, dtype: int64"
ENG-Premier League,2223,Leeds United,Joe Gelhardt,ENG,FW,20,2002,15,1,212,2.4,0,2,2,0,0,0,1,0,0.0,0.85,0.85,0.0,0.85,"7452    8000000
Name: Market_value_eur, dtype: int64"
ENG-Premier League,2223,Leeds United,Liam Cooper,SCO,DF,30,1991,18,16,1426,15.8,1,0,1,1,0,0,5,0,0.06,0.0,0.06,0.06,0.06,"9507    3000000
Name: Market_value_eur, dtype: int64"
ENG-Premier League,2223,Leeds United,Luke Ayling,ENG,DF,30,1991,29,22,2054,22.8,2,1,3,2,0,0,3,0,0.09,0.04,0.13,0.09,0.13,"9825    1800000
Name: Market_value_eur, dtype: int64"
ENG-Premier League,2223,Leeds United,Marc Roca,ESP,MF,25,1996,32,29,2315,25.7,1,2,3,1,0,0,7,0,0.04,0.08,0.12,0.04,0.12,"10091    1000000
Name: Market_value_eur, dtype: int64"
ENG-Premier League,2223,Leeds United,Pascal Struijk,NED,DF,22,1999,29,26,2200,24.4,2,1,3,2,0,0,5,0,0.08,0.04,0.12,0.08,0.12,"12178    18000000
Name: Market_value_eur, dtype: int64"
ENG-Premier League,2223,Leeds United,Patrick Bamford,ENG,FW,28,1993,28,18,1515,16.8,4,2,6,4,0,2,3,0,0.24,0.12,0.36,0.24,0.36,"12192    10000000
Name: Market_value_eur, dtype: int64"
ENG-Premier League,2223,Leeds United,Rodrigo,ESP,"FW,MF",31,1991,31,23,1935,21.5,13,1,14,12,1,1,6,0,0.6,0.05,0.65,0.56,0.6,"13038    6000000
Name: Market_value_eur, dtype: int64"
ENG-Premier League,2223,Leeds United,Tyler Adams,USA,MF,23,1999,24,24,2156,24.0,0,0,0,0,0,0,6,1,0.0,0.0,0.0,0.0,0.0,"15174    20000000
Name: Market_value_eur, dtype: int64"
ENG-Premier League,2223,Leeds United,Wilfried Gnonto,ITA,"MF,FW",18,2003,24,14,1354,15.0,2,4,6,2,0,0,7,0,0.13,0.27,0.4,0.13,0.4,"15627    18000000
Name: Market_value_eur, dtype: int64"
ENG-Premier League,2223,Leicester City,Boubakary Soumaré,FRA,MF,23,1999,26,20,1629,18.1,0,0,0,0,0,0,9,0,0.0,0.0,0.0,0.0,0.0,"1828    20000000
Name: Market_value_eur, dtype: int64"
ENG-Premier League,2223,Leicester City,Daniel Iversen,DEN,GK,25,1997,12,12,1080,12.0,0,0,0,0,0,0,0,0,0.0,0.0,0.0,0.0,0.0,"3320    5000000
Name: Market_value_eur, dtype: int64"
ENG-Premier League,2223,Leicester City,Danny Ward,WAL,GK,29,1993,26,26,2340,26.0,0,0,0,0,0,0,0,0,0.0,0.0,0.0,0.0,0.0,"3501    700000
Name: Market_value_eur, dtype: int64"
ENG-Premier League,2223,Leicester City,Harry Souttar,AUS,DF,23,1998,12,11,992,11.0,0,1,1,0,0,0,2,0,0.0,0.09,0.09,0.0,0.09,"5843    15000000
Name: Market_value_eur, dtype: int64"
ENG-Premier League,2223,Leicester City,Harvey Barnes,ENG,"MF,FW",24,1997,34,32,2711,30.1,13,1,14,13,0,0,3,0,0.43,0.03,0.46,0.43,0.46,"5872    35000000
Name: Market_value_eur, dtype: int64"
ENG-Premier League,2223,Leicester City,James Justin,ENG,"DF,MF",24,1998,14,14,1252,13.9,0,0,0,0,0,0,0,0,0.0,0.0,0.0,0.0,0.0,"6686    20000000
Name: Market_value_eur, dtype: int64"
ENG-Premier League,2223,Leicester City,James Maddison,ENG,"MF,FW",25,1996,30,28,2480,27.6,10,9,19,9,1,2,10,0,0.36,0.33,0.69,0.33,0.65,"6699    70000000
Name: Market_value_eur, dtype: int64"
ENG-Premier League,2223,Leicester City,Jonny Evans,NIR,DF,34,1988,13,12,1051,11.7,0,0,0,0,0,0,1,0,0.0,0.0,0.0,0.0,0.0,"7954    2000000
Name: Market_value_eur, dtype: int64"
ENG-Premier League,2223,Leicester City,Kiernan Dewsbury-Hall,ENG,MF,23,1998,31,28,2306,25.6,2,2,4,2,0,0,5,1,0.08,0.08,0.16,0.08,0.16,"8920    30000000
Name: Market_value_eur, dtype: int64"
ENG-Premier League,2223,Leicester City,Lewis Brunt,ENG,"DF,MF",21,2000,1,0,23,0.3,0,0,0,0,0,0,0,0,0.0,0.0,0.0,0.0,0.0,"8684    15000000
Name: Market_value_eur, dtype: int64"
ENG-Premier League,2223,Leicester City,Luke Thomas,ENG,DF,21,2001,17,11,1073,11.9,0,0,0,0,0,0,3,0,0.0,0.0,0.0,0.0,0.0,"9924    12000000
Name: Market_value_eur, dtype: int64"
ENG-Premier League,2223,Leicester City,Marc Albrighton,ENG,MF,32,1989,6,1,237,2.6,1,0,1,1,0,0,0,0,0.38,0.0,0.38,0.38,0.38,"10091    1000000
Name: Market_value_eur, dtype: int64"
ENG-Premier League,2223,Leicester City,Nampalys Mendy,SEN,MF,30,1992,19,7,757,8.4,1,0,1,1,0,0,1,0,0.12,0.0,0.12,0.12,0.12,"11506    3000000
Name: Market_value_eur, dtype: int64"
ENG-Premier League,2223,Leicester City,Patson Daka,ZAM,FW,23,1998,30,13,1187,13.2,4,4,8,4,0,0,2,0,0.3,0.3,0.61,0.3,0.61,"12220    18000000
Name: Market_value_eur, dtype: int64"
ENG-Premier League,2223,Leicester City,Ricardo Pereira,POR,"DF,MF",28,1993,10,5,454,5.0,1,1,2,1,0,0,2,0,0.2,0.2,0.4,0.2,0.4,"12785    10000000
Name: Market_value_eur, dtype: int64"
ENG-Premier League,2223,Leicester City,Tetê,BRA,"MF,FW",22,2000,13,9,734,8.2,1,0,1,1,0,0,0,0,0.12,0.0,0.12,0.12,0.12,"7192    7000000
Name: Market_value_eur, dtype: int64"
ENG-Premier League,2223,Leicester City,Timothy Castagne,BEL,"DF,MF",26,1995,37,36,3254,36.2,2,3,5,2,0,0,3,0,0.06,0.08,0.14,0.06,0.14,"14793    25000000
Name: Market_value_eur, dtype: int64"
ENG-Premier League,2223,Leicester City,Victor Bernth Kristiansen,DEN,DF,19,2002,12,11,892,9.9,0,1,1,0,0,0,2,0,0.0,0.1,0.1,0.0,0.1,"15300    12000000
Name: Market_value_eur, dtype: int64"
ENG-Premier League,2223,Leicester City,Wesley Fofana,FRA,DF,21,2000,2,2,180,2.0,0,0,0,0,0,0,1,0,0.0,0.0,0.0,0.0,0.0,"15611    55000000
Name: Market_value_eur, dtype: int64"
ENG-Premier League,2223,Leicester City,Youri Tielemans,BEL,MF,25,1997,31,27,2344,26.0,3,2,5,2,1,2,4,0,0.12,0.08,0.19,0.08,0.15,"15881    30000000
Name: Market_value_eur, dtype: int64"
ENG-Premier League,2223,Liverpool,Alex Oxlade-Chamberlain,ENG,FW,28,1993,9,4,335,3.7,1,0,1,1,0,0,0,0,0.27,0.0,0.27,0.27,0.27,"476    200000
Name: Market_value_eur, dtype: int64"
ENG-Premier League,2223,Liverpool,Alisson,BRA,GK,29,1992,37,37,3330,37.0,0,1,1,0,0,0,1,0,0.0,0.03,0.03,0.0,0.03,"709    45000000
Name: Market_value_eur, dtype: int64"
ENG-Premier League,2223,Liverpool,Andy Robertson,SCO,DF,28,1994,34,29,2583,28.7,0,8,8,0,0,0,3,0,0.0,0.28,0.28,0.0,0.28,"870    48000000
Name: Market_value_eur, dtype: int64"
ENG-Premier League,2223,Liverpool,Ben Gannon-Doak,SCO,MF,16,2005,2,0,26,0.3,0,0,0,0,0,0,0,0,0.0,0.0,0.0,0.0,0.0,"1434    10000000
Name: Market_value_eur, dtype: int64"
ENG-Premier League,2223,Liverpool,Bobby Clark,ENG,MF,17,2005,1,0,8,0.1,0,0,0,0,0,0,0,0,0.0,0.0,0.0,0.0,0.0,"1750    7000000
Name: Market_value_eur, dtype: int64"
ENG-Premier League,2223,Liverpool,Caoimhín Kelleher,IRL,GK,23,1998,1,1,90,1.0,0,0,0,0,0,0,0,0,0.0,0.0,0.0,0.0,0.0,"2242    15000000
Name: Market_value_eur, dtype: int64"
ENG-Premier League,2223,Liverpool,Cody Gakpo,NED,FW,23,1999,21,17,1458,16.2,7,2,9,7,0,0,0,0,0.43,0.12,0.56,0.43,0.56,"2811    55000000
Name: Market_value_eur, dtype: int64"
ENG-Premier League,2223,Liverpool,Curtis Jones,ENG,MF,21,2001,18,12,1035,11.5,3,1,4,3,0,0,2,0,0.26,0.09,0.35,0.26,0.35,"3111    30000000
Name: Market_value_eur, dtype: int64"
ENG-Premier League,2223,Liverpool,Fabio Carvalho,POR,"MF,FW",19,2002,13,4,347,3.9,2,0,2,2,0,0,0,0,0.52,0.0,0.52,0.52,0.52,"5036    16000000
Name: Market_value_eur, dtype: int64"
ENG-Premier League,2223,Liverpool,Harvey Elliott,ENG,MF,19,2003,32,18,1613,17.9,1,2,3,1,0,0,2,0,0.06,0.11,0.17,0.06,0.17,"5886    35000000
Name: Market_value_eur, dtype: int64"
ENG-Premier League,2223,Liverpool,Ibrahima Konaté,FRA,DF,23,1999,18,17,1552,17.2,0,0,0,0,0,0,5,0,0.0,0.0,0.0,0.0,0.0,"6071    38000000
Name: Market_value_eur, dtype: int64"
ENG-Premier League,2223,Liverpool,James Milner,ENG,"MF,DF",36,1986,31,7,913,10.1,0,1,1,0,0,0,2,0,0.0,0.1,0.1,0.0,0.1,"6760    1500000
Name: Market_value_eur, dtype: int64"
ENG-Premier League,2223,Liverpool,Joe Gomez,ENG,DF,25,1997,21,15,1466,16.3,0,0,0,0,0,0,3,0,0.0,0.0,0.0,0.0,0.0,"7462    22000000
Name: Market_value_eur, dtype: int64"
ENG-Premier League,2223,Liverpool,Jordan Henderson,ENG,MF,32,1990,35,23,2074,23.0,0,2,2,0,0,0,2,0,0.0,0.09,0.09,0.0,0.09,"8031    10000000
Name: Market_value_eur, dtype: int64"
ENG-Premier League,2223,Liverpool,Joël Matip,CMR,DF,30,1991,14,12,1092,12.1,1,0,1,1,0,0,3,0,0.08,0.0,0.08,0.08,0.08,"7613    12000000
Name: Market_value_eur, dtype: int64"
ENG-Premier League,2223,Liverpool,Luis Díaz,COL,FW,25,1997,17,11,996,11.1,4,2,6,4,0,0,2,0,0.36,0.18,0.54,0.36,0.54,"1387    16000000
Name: Market_value_eur, dtype: int64"
ENG-Premier League,2223,Liverpool,Mohamed Salah,EGY,FW,30,1992,38,37,3290,36.6,19,12,31,17,2,4,2,0,0.52,0.33,0.85,0.47,0.79,"11381    70000000
Name: Market_value_eur, dtype: int64"
ENG-Premier League,2223,Liverpool,Nathaniel Phillips,ENG,DF,25,1997,2,1,66,0.7,0,0,0,0,0,0,0,0,0.0,0.0,0.0,0.0,0.0,"11651    4000000
Name: Market_value_eur, dtype: int64"
ENG-Premier League,2223,Liverpool,Stefan Bajcetic,ESP,MF,17,2004,11,6,526,5.8,1,0,1,1,0,0,2,0,0.17,0.0,0.17,0.17,0.17,"14176    13000000
Name: Market_value_eur, dtype: int64"
ENG-Premier League,2223,Liverpool,Thiago Alcántara,ESP,MF,31,1991,18,14,1254,13.9,0,0,0,0,0,0,2,0,0.0,0.0,0.0,0.0,0.0,"14662    15000000
Name: Market_value_eur, dtype: int64"
ENG-Premier League,2223,Liverpool,Trent Alexander-Arnold,ENG,DF,23,1998,37,34,2923,32.5,2,9,11,2,0,0,5,0,0.06,0.28,0.34,0.06,0.34,"582    70000000
Name: Market_value_eur, dtype: int64"
ENG-Premier League,2223,Liverpool,Virgil van Dijk,NED,DF,31,1991,32,32,2835,31.5,3,1,4,3,0,0,3,0,0.1,0.03,0.13,0.1,0.13,"15364    45000000
Name: Market_value_eur, dtype: int64"
ENG-Premier League,2223,Manchester City,Bernardo Silva,POR,"MF,FW",27,1994,34,24,2205,24.5,4,5,9,4,0,0,5,0,0.16,0.2,0.37,0.16,0.37,"1648    80000000
Name: Market_value_eur, dtype: int64"
ENG-Premier League,2223,Manchester City,Cole Palmer,ENG,"MF,FW",20,2002,14,2,370,4.1,0,1,1,0,0,0,1,0,0.0,0.24,0.24,0.0,0.24,"2821    45000000
Name: Market_value_eur, dtype: int64"
ENG-Premier League,2223,Manchester City,Ederson Moraes,BRA,GK,28,1993,35,35,3150,35.0,0,1,1,0,0,0,3,0,0.0,0.03,0.03,0.0,0.03,"4208    40000000
Name: Market_value_eur, dtype: int64"
ENG-Premier League,2223,Manchester City,Erling Haaland,NOR,"FW,MF",22,2000,35,33,2769,30.8,36,8,44,29,7,7,5,0,1.17,0.26,1.43,0.94,1.2,"4572    180000000
Name: Market_value_eur, dtype: int64"
ENG-Premier League,2223,Manchester City,Jack Grealish,ENG,"FW,MF",26,1995,28,23,2055,22.8,5,7,12,5,0,0,4,0,0.22,0.31,0.53,0.22,0.53,"6298    75000000
Name: Market_value_eur, dtype: int64"
ENG-Premier League,2223,Manchester City,John Stones,ENG,"DF,MF",28,1994,23,21,1846,20.5,2,2,4,2,0,0,2,0,0.1,0.1,0.2,0.1,0.2,"7785    40000000
Name: Market_value_eur, dtype: int64"
ENG-Premier League,2223,Manchester City,Kalvin Phillips,ENG,"MF,DF",26,1995,12,2,300,3.3,0,0,0,0,0,0,1,0,0.0,0.0,0.0,0.0,0.0,"8597    35000000
Name: Market_value_eur, dtype: int64"
ENG-Premier League,2223,Manchester City,Kevin De Bruyne,BEL,MF,31,1991,32,28,2417,26.9,7,16,23,7,0,0,1,0,0.26,0.6,0.86,0.26,0.86,"8815    500000
Name: Market_value_eur, dtype: int64"
ENG-Premier League,2223,Manchester City,Kyle Walker,ENG,"DF,MF",32,1990,27,22,1958,21.8,0,0,0,0,0,0,3,0,0.0,0.0,0.0,0.0,0.0,"9105    13000000
Name: Market_value_eur, dtype: int64"
ENG-Premier League,2223,Manchester City,Manuel Akanji,SUI,"DF,MF",27,1995,29,24,2287,25.4,0,1,1,0,0,0,2,0,0.0,0.04,0.04,0.0,0.04,"10064    42000000
Name: Market_value_eur, dtype: int64"
ENG-Premier League,2223,Manchester City,Nathan Aké,NED,DF,27,1995,26,22,1873,20.8,1,0,1,1,0,0,2,0,0.05,0.0,0.05,0.05,0.05,"11519    42000000
Name: Market_value_eur, dtype: int64"
ENG-Premier League,2223,Manchester City,Phil Foden,ENG,"FW,MF",22,2000,32,22,1842,20.5,11,6,17,11,0,0,1,0,0.54,0.29,0.83,0.54,0.83,"12463    110000000
Name: Market_value_eur, dtype: int64"
ENG-Premier League,2223,Manchester City,Rico Lewis,ENG,"DF,MF",17,2004,14,10,903,10.0,0,0,0,0,0,0,1,0,0.0,0.0,0.0,0.0,0.0,"12893    38000000
Name: Market_value_eur, dtype: int64"
ENG-Premier League,2223,Manchester City,Rodri,ESP,"MF,DF",26,1996,36,34,2911,32.3,2,6,8,2,0,0,5,0,0.06,0.19,0.25,0.06,0.25,"13021    110000000
Name: Market_value_eur, dtype: int64"
ENG-Premier League,2223,Manchester City,Rúben Dias,POR,"DF,MF",25,1997,26,22,1998,22.2,0,0,0,0,0,0,3,0,0.0,0.0,0.0,0.0,0.0,"13455    80000000
Name: Market_value_eur, dtype: int64"
ENG-Premier League,2223,Manchester City,Shea Charles,NIR,"DF,MF",18,2003,1,0,28,0.3,0,0,0,0,0,0,0,0,0.0,0.0,0.0,0.0,0.0,"14024    11000000
Name: Market_value_eur, dtype: int64"
ENG-Premier League,2223,Manchester City,Stefan Ortega,GER,GK,29,1992,3,3,270,3.0,0,0,0,0,0,0,0,0,0.0,0.0,0.0,0.0,0.0,"14210    9000000
Name: Market_value_eur, dtype: int64"
ENG-Premier League,2223,Manchester City,İlkay Gündoğan,GER,MF,31,1990,31,27,2353,26.1,8,4,12,8,0,1,0,0,0.31,0.15,0.46,0.31,0.46,"16015    20000000
Name: Market_value_eur, dtype: int64"
ENG-Premier League,2223,Manchester Utd,Aaron Wan-Bissaka,COD,DF,24,1997,19,16,1435,15.9,0,0,0,0,0,0,2,0,0.0,0.0,0.0,0.0,0.0,"80    25000000
Name: Market_value_eur, dtype: int64"
ENG-Premier League,2223,Manchester Utd,Alejandro Garnacho,ARG,MF,18,2004,19,5,569,6.3,3,2,5,3,0,0,3,0,0.47,0.32,0.79,0.47,0.79,"451    30000000
Name: Market_value_eur, dtype: int64"
ENG-Premier League,2223,Manchester Utd,Anthony Elanga,SWE,MF,20,2002,16,5,426,4.7,0,1,1,0,0,0,0,0,0.0,0.21,0.21,0.0,0.21,"1028    18000000
Name: Market_value_eur, dtype: int64"
ENG-Premier League,2223,Manchester Utd,Anthony Martial,FRA,FW,26,1995,21,11,978,10.9,6,2,8,5,1,1,0,0,0.55,0.18,0.74,0.46,0.64,"1025    250000
Name: Market_value_eur, dtype: int64"
ENG-Premier League,2223,Manchester Utd,Bruno Fernandes,POR,MF,27,1994,37,37,3316,36.8,8,8,16,6,2,2,6,0,0.22,0.22,0.43,0.16,0.38,"2005    75000000
Name: Market_value_eur, dtype: int64"
ENG-Premier League,2223,Manchester Utd,Casemiro,BRA,MF,30,1992,28,24,2124,23.6,4,3,7,4,0,0,7,2,0.17,0.13,0.3,0.17,0.3,"2345    40000000
Name: Market_value_eur, dtype: int64"
ENG-Premier League,2223,Manchester Utd,David de Gea,ESP,GK,31,1990,38,38,3420,38.0,0,0,0,0,0,0,0,0,0.0,0.0,0.0,0.0,0.0,"1750    7000000
Name: Market_value_eur, dtype: int64"
ENG-Premier League,2223,Manchester Utd,Diogo Dalot,POR,DF,23,1999,26,24,2154,23.9,1,2,3,1,0,0,6,0,0.04,0.08,0.13,0.04,0.13,"4013    40000000
Name: Market_value_eur, dtype: int64"
ENG-Premier League,2223,Manchester Utd,Fred,BRA,MF,29,1993,35,12,1249,13.9,2,2,4,2,0,0,6,0,0.14,0.14,0.29,0.14,0.29,"5006    500000
Name: Market_value_eur, dtype: int64"
ENG-Premier League,2223,Manchester Utd,Harry Maguire,ENG,DF,29,1993,16,8,767,8.5,0,0,0,0,0,0,4,0,0.0,0.0,0.0,0.0,0.0,"5835    25000000
Name: Market_value_eur, dtype: int64"
ENG-Premier League,2223,Manchester Utd,Jadon Sancho,ENG,MF,22,2000,26,21,1686,18.7,6,3,9,6,0,0,0,0,0.32,0.16,0.48,0.32,0.48,"6477    55000000
Name: Market_value_eur, dtype: int64"
ENG-Premier League,2223,Manchester Utd,Kobbie Mainoo,ENG,MF,17,2005,1,0,11,0.1,0,0,0,0,0,0,0,0,0.0,0.0,0.0,0.0,0.0,"8949    6000000
Name: Market_value_eur, dtype: int64"
ENG-Premier League,2223,Manchester Utd,Lisandro Martínez,ARG,DF,24,1998,27,24,2114,23.5,1,0,1,1,0,0,6,0,0.04,0.0,0.04,0.04,0.04,"9602    50000000
Name: Market_value_eur, dtype: int64"
ENG-Premier League,2223,Manchester Utd,Luke Shaw,ENG,DF,27,1995,31,30,2552,28.4,1,2,3,1,0,0,8,0,0.04,0.07,0.11,0.04,0.11,"9915    42000000
Name: Market_value_eur, dtype: int64"
ENG-Premier League,2223,Manchester Utd,Scott McTominay,SCO,MF,25,1996,24,10,1160,12.9,1,0,1,1,0,0,8,0,0.08,0.0,0.08,0.08,0.08,"549    20000000
Name: Market_value_eur, dtype: int64"
ENG-Premier League,2223,Manchester Utd,Tyrell Malacia,NED,DF,22,1999,22,14,1396,15.5,0,0,0,0,0,0,6,0,0.0,0.0,0.0,0.0,0.0,"15207    22000000
Name: Market_value_eur, dtype: int64"
ENG-Premier League,2223,Manchester Utd,Victor Lindelöf,SWE,DF,28,1994,20,14,1365,15.2,0,0,0,0,0,0,1,0,0.0,0.0,0.0,0.0,0.0,"15316    18000000
Name: Market_value_eur, dtype: int64"
ENG-Premier League,2223,Newcastle,Alexander Isak,SWE,FW,22,1999,22,17,1522,16.9,10,1,11,8,2,2,3,0,0.59,0.06,0.65,0.47,0.53,"582    70000000
Name: Market_value_eur, dtype: int64"
ENG-Premier League,2223,Newcastle,Anthony Gordon,ENG,"FW,MF",21,2001,16,4,487,5.4,1,0,1,1,0,0,1,0,0.18,0.0,0.18,0.18,0.18,"1039    50000000
Name: Market_value_eur, dtype: int64"
ENG-Premier League,2223,Newcastle,Bruno Guimarães,BRA,MF,24,1997,32,32,2726,30.3,4,5,9,4,0,0,7,0,0.13,0.17,0.3,0.13,0.3,"2015    85000000
Name: Market_value_eur, dtype: int64"
ENG-Premier League,2223,Newcastle,Callum Wilson,ENG,FW,30,1992,31,21,1877,20.9,18,5,23,15,3,3,4,0,0.86,0.24,1.1,0.72,0.96,"2166    16000000
Name: Market_value_eur, dtype: int64"
ENG-Premier League,2223,Newcastle,Chris Wood,NZL,FW,30,1991,18,4,446,5.0,2,0,2,1,1,1,0,0,0.4,0.0,0.4,0.2,0.2,"2660    8000000
Name: Market_value_eur, dtype: int64"
ENG-Premier League,2223,Newcastle,Dan Burn,ENG,DF,30,1992,38,35,3111,34.6,1,0,1,1,0,0,5,0,0.03,0.0,0.03,0.03,0.03,"3211    10000000
Name: Market_value_eur, dtype: int64"
ENG-Premier League,2223,Newcastle,Elliot Anderson,ENG,MF,19,2002,22,3,410,4.6,0,1,1,0,0,0,0,0,0.0,0.22,0.22,0.0,0.22,"4308    13000000
Name: Market_value_eur, dtype: int64"
ENG-Premier League,2223,Newcastle,Emil Krafth,SWE,DF,27,1994,1,0,1,0.0,0,0,0,0,0,0,0,0,0.0,0.0,0.0,0.0,0.0,"4397    3000000
Name: Market_value_eur, dtype: int64"
ENG-Premier League,2223,Newcastle,Fabian Schär,SUI,DF,30,1991,36,36,3206,35.6,1,3,4,1,0,0,7,0,0.03,0.08,0.11,0.03,0.11,"4709    10000000
Name: Market_value_eur, dtype: int64"
ENG-Premier League,2223,Newcastle,Jacob Murphy,ENG,FW,27,1995,36,14,1251,13.9,4,2,6,4,0,0,0,0,0.29,0.14,0.43,0.29,0.43,"6451    15000000
Name: Market_value_eur, dtype: int64"
ENG-Premier League,2223,Newcastle,Jamaal Lascelles,ENG,DF,28,1993,7,2,218,2.4,0,0,0,0,0,0,4,0,0.0,0.0,0.0,0.0,0.0,"6571    7000000
Name: Market_value_eur, dtype: int64"
ENG-Premier League,2223,Newcastle,Jamal Lewis,NIR,"DF,MF",24,1998,2,0,11,0.1,0,0,0,0,0,0,0,0,0.0,0.0,0.0,0.0,0.0,"8684    15000000
Name: Market_value_eur, dtype: int64"
ENG-Premier League,2223,Newcastle,Joe Willock,ENG,MF,22,1999,35,31,2558,28.4,3,6,9,3,0,0,1,0,0.11,0.21,0.32,0.11,0.32,"7560    38000000
Name: Market_value_eur, dtype: int64"
ENG-Premier League,2223,Newcastle,Joelinton,BRA,"MF,FW",25,1996,32,30,2661,29.6,6,1,7,6,0,0,12,0,0.2,0.03,0.24,0.2,0.24,"7642    42000000
Name: Market_value_eur, dtype: int64"
ENG-Premier League,2223,Newcastle,Kieran Trippier,ENG,DF,31,1990,38,38,3341,37.1,1,7,8,1,0,0,5,0,0.03,0.19,0.22,0.03,0.22,"8913    11000000
Name: Market_value_eur, dtype: int64"
ENG-Premier League,2223,Newcastle,Lewis Miley,ENG,MF,16,2006,1,0,15,0.2,0,0,0,0,0,0,0,0,0.0,0.0,0.0,0.0,0.0,"9445    13000000
Name: Market_value_eur, dtype: int64"
ENG-Premier League,2223,Newcastle,Martin Dúbravka,SVK,GK,33,1989,2,1,157,1.7,0,0,0,0,0,0,0,0,0.0,0.0,0.0,0.0,0.0,"10502    2500000
Name: Market_value_eur, dtype: int64"
ENG-Premier League,2223,Newcastle,Matt Ritchie,SCO,"DF,MF",32,1989,7,0,39,0.4,0,0,0,0,0,0,0,0,0.0,0.0,0.0,0.0,0.0,"10745    1000000
Name: Market_value_eur, dtype: int64"
ENG-Premier League,2223,Newcastle,Matt Targett,ENG,DF,26,1995,17,6,610,6.8,0,0,0,0,0,0,1,0,0.0,0.0,0.0,0.0,0.0,"10757    13000000
Name: Market_value_eur, dtype: int64"
ENG-Premier League,2223,Newcastle,Nick Pope,ENG,GK,30,1992,37,37,3261,36.2,0,0,0,0,0,0,3,1,0.0,0.0,0.0,0.0,0.0,"11751    20000000
Name: Market_value_eur, dtype: int64"
ENG-Premier League,2223,Newcastle,Ryan Fraser,SCO,FW,28,1994,8,3,313,3.5,0,0,0,0,0,0,1,0,0.0,0.0,0.0,0.0,0.0,"13357    200000
Name: Market_value_eur, dtype: int64"
ENG-Premier League,2223,Newcastle,Sean Longstaff,ENG,MF,24,1997,33,28,2518,28.0,1,4,5,1,0,0,2,0,0.04,0.14,0.18,0.04,0.18,"13771    25000000
Name: Market_value_eur, dtype: int64"
ENG-Premier League,2223,Newcastle,Sven Botman,NED,DF,22,2000,36,35,3127,34.7,0,0,0,0,0,0,2,0,0.0,0.0,0.0,0.0,0.0,"14481    45000000
Name: Market_value_eur, dtype: int64"
ENG-Premier League,2223,Nottingham,André Ayew,GHA,FW,32,1989,13,1,316,3.5,0,0,0,0,0,1,1,0,0.0,0.0,0.0,0.0,0.0,"909    25000000
Name: Market_value_eur, dtype: int64"
ENG-Premier League,2223,Nottingham,Brennan Johnson,WAL,"FW,MF",21,2001,38,33,2934,32.6,8,3,11,7,1,3,6,0,0.25,0.09,0.34,0.21,0.31,"1953    48000000
Name: Market_value_eur, dtype: int64"
ENG-Premier League,2223,Nottingham,Cheikhou Kouyaté,SEN,"MF,DF",32,1989,21,10,882,9.8,1,0,1,1,0,0,3,0,0.1,0.0,0.1,0.1,0.1,"2484    2000000
Name: Market_value_eur, dtype: int64"
ENG-Premier League,2223,Nottingham,Chris Wood,NZL,FW,30,1991,7,5,372,4.1,1,0,1,1,0,0,0,0,0.24,0.0,0.24,0.24,0.24,"2660    8000000
Name: Market_value_eur, dtype: int64"
ENG-Premier League,2223,Nottingham,Dean Henderson,ENG,GK,25,1997,18,18,1620,18.0,0,0,0,0,0,0,2,0,0.0,0.0,0.0,0.0,0.0,"3814    18000000
Name: Market_value_eur, dtype: int64"
ENG-Premier League,2223,Nottingham,Felipe,BRA,DF,33,1989,16,15,1418,15.8,0,1,1,0,0,0,4,0,0.0,0.06,0.06,0.0,0.06,"4789    2000000
Name: Market_value_eur, dtype: int64"
ENG-Premier League,2223,Nottingham,Jack Colback,ENG,MF,32,1989,11,4,497,5.5,0,0,0,0,0,0,0,0,0.0,0.0,0.0,0.0,0.0,"6260    600000
Name: Market_value_eur, dtype: int64"
ENG-Premier League,2223,Nottingham,Joe Worrall,ENG,DF,25,1997,30,21,2224,24.7,1,0,1,1,0,0,6,0,0.04,0.0,0.04,0.04,0.04,"7571    12000000
Name: Market_value_eur, dtype: int64"
ENG-Premier League,2223,Nottingham,Lewis O'Brien,ENG,MF,23,1998,13,6,584,6.5,1,0,1,1,0,0,2,0,0.15,0.0,0.15,0.15,0.15,"9453    6000000
Name: Market_value_eur, dtype: int64"
ENG-Premier League,2223,Nottingham,Morgan Gibbs-White,ENG,"MF,FW",22,2000,35,34,2971,33.0,5,8,13,3,2,2,5,0,0.15,0.24,0.39,0.09,0.33,"11415    40000000
Name: Market_value_eur, dtype: int64"
ENG-Premier League,2223,Nottingham,Neco Williams,WAL,"DF,MF",21,2001,31,20,1882,20.9,1,0,1,1,0,0,7,0,0.05,0.0,0.05,0.05,0.05,"11656    20000000
Name: Market_value_eur, dtype: int64"
ENG-Premier League,2223,Nottingham,Ryan Yates,ENG,MF,24,1997,26,21,1837,20.4,0,2,2,0,0,0,5,0,0.0,0.1,0.1,0.0,0.1,"13420    12000000
Name: Market_value_eur, dtype: int64"
ENG-Premier League,2223,Nottingham,Serge Aurier,CIV,"DF,MF",29,1992,24,22,1943,21.6,1,0,1,1,0,0,2,0,0.05,0.0,0.05,0.05,0.05,"13897    8000000
Name: Market_value_eur, dtype: int64"
ENG-Premier League,2223,Nottingham,Steve Cook,ENG,DF,31,1991,12,11,957,10.6,0,0,0,0,0,0,4,0,0.0,0.0,0.0,0.0,0.0,"14319    1800000
Name: Market_value_eur, dtype: int64"
ENG-Premier League,2223,Nottingham,Taiwo Awoniyi,NGA,FW,24,1997,27,17,1404,15.6,10,1,11,10,0,0,2,0,0.64,0.06,0.71,0.64,0.71,"14558    30000000
Name: Market_value_eur, dtype: int64"
ENG-Premier League,2223,Nottingham,Wayne Hennessey,WAL,GK,35,1987,4,3,271,3.0,0,0,0,0,0,0,0,0,0.0,0.0,0.0,0.0,0.0,"15476    400000
Name: Market_value_eur, dtype: int64"
ENG-Premier League,2223,Nottingham,Willy Boly,CIV,DF,31,1991,11,9,685,7.6,0,1,1,0,0,0,2,0,0.0,0.13,0.13,0.0,0.13,"15720    2500000
Name: Market_value_eur, dtype: int64"
ENG-Premier League,2223,Southampton,Adam Armstrong,ENG,"MF,FW",25,1997,30,14,1335,14.8,2,1,3,2,0,0,2,0,0.13,0.07,0.2,0.13,0.2,"127    16000000
Name: Market_value_eur, dtype: int64"
ENG-Premier League,2223,Southampton,Alex McCarthy,ENG,GK,32,1989,6,6,540,6.0,0,0,0,0,0,0,0,0,0.0,0.0,0.0,0.0,0.0,"513    1200000
Name: Market_value_eur, dtype: int64"
ENG-Premier League,2223,Southampton,Carlos Alcaraz,ARG,"MF,FW",19,2002,18,13,1029,11.4,4,2,6,4,0,0,3,0,0.35,0.17,0.52,0.35,0.52,"2287    15000000
Name: Market_value_eur, dtype: int64"
ENG-Premier League,2223,Southampton,Gavin Bazunu,IRL,GK,20,2002,32,32,2880,32.0,0,0,0,0,0,0,0,0,0.0,0.0,0.0,0.0,0.0,"5270    18000000
Name: Market_value_eur, dtype: int64"
ENG-Premier League,2223,Southampton,Ibrahima Diallo,FRA,MF,23,1999,18,11,819,9.1,0,0,0,0,0,0,4,0,0.0,0.0,0.0,0.0,0.0,"6064    7000000
Name: Market_value_eur, dtype: int64"
ENG-Premier League,2223,Southampton,Jack Stephens,ENG,DF,28,1994,2,0,46,0.5,0,0,0,0,0,0,0,0,0.0,0.0,0.0,0.0,0.0,"6399    3500000
Name: Market_value_eur, dtype: int64"
ENG-Premier League,2223,Southampton,James Bree,ENG,DF,24,1997,5,4,367,4.1,0,0,0,0,0,0,1,0,0.0,0.0,0.0,0.0,0.0,"6614    2200000
Name: Market_value_eur, dtype: int64"
ENG-Premier League,2223,Southampton,James Ward-Prowse,ENG,MF,27,1994,38,38,3371,37.5,9,4,13,7,2,4,6,0,0.24,0.11,0.35,0.19,0.29,"6873    38000000
Name: Market_value_eur, dtype: int64"
ENG-Premier League,2223,Southampton,Jan Bednarek,POL,DF,26,1996,20,20,1672,18.6,0,0,0,0,0,0,5,0,0.0,0.0,0.0,0.0,0.0,"6947    15000000
Name: Market_value_eur, dtype: int64"
ENG-Premier League,2223,Southampton,Joe Aribo,NGA,"MF,FW",26,1996,21,13,1224,13.6,2,0,2,2,0,0,2,0,0.15,0.0,0.15,0.15,0.15,"7396    11000000
Name: Market_value_eur, dtype: int64"
ENG-Premier League,2223,Southampton,Juan Larios,ESP,DF,18,2004,5,2,152,1.7,0,0,0,0,0,0,0,0,0.0,0.0,0.0,0.0,0.0,"8415    7000000
Name: Market_value_eur, dtype: int64"
ENG-Premier League,2223,Southampton,Kyle Walker-Peters,ENG,"DF,MF",25,1997,31,30,2650,29.4,1,0,1,1,0,0,4,0,0.03,0.0,0.03,0.03,0.03,"9115    25000000
Name: Market_value_eur, dtype: int64"
ENG-Premier League,2223,Southampton,Nathan Redmond,ENG,"FW,MF",28,1994,1,0,1,0.0,0,0,0,0,0,0,0,0,0.0,0.0,0.0,0.0,0.0,"11611    10000000
Name: Market_value_eur, dtype: int64"
ENG-Premier League,2223,Southampton,Paul Onuachu,NGA,FW,28,1994,11,4,407,4.5,0,0,0,0,0,0,0,0,0.0,0.0,0.0,0.0,0.0,"6947    15000000
Name: Market_value_eur, dtype: int64"
ENG-Premier League,2223,Southampton,Roméo Lavia,BEL,MF,18,2004,29,26,2221,24.7,1,0,1,1,0,0,9,0,0.04,0.0,0.04,0.04,0.04,"13143    50000000
Name: Market_value_eur, dtype: int64"
ENG-Premier League,2223,Southampton,Samuel Amo-Ameyaw,ENG,"FW,MF",16,2006,1,0,4,0.0,0,0,0,0,0,0,0,0,0.0,0.0,0.0,0.0,0.0,"13629    2500000
Name: Market_value_eur, dtype: int64"
ENG-Premier League,2223,Southampton,Samuel Edozie,ENG,"MF,FW",19,2003,17,5,567,6.3,0,0,0,0,0,0,0,0,0.0,0.0,0.0,0.0,0.0,"13619    8000000
Name: Market_value_eur, dtype: int64"
ENG-Premier League,2223,Southampton,Theo Walcott,ENG,"MF,FW",33,1989,20,13,1129,12.5,2,2,4,2,0,0,1,0,0.16,0.16,0.32,0.16,0.32,"14647    1000000
Name: Market_value_eur, dtype: int64"
ENG-Premier League,2223,Southampton,Tino Livramento,ENG,"DF,MF",19,2002,2,0,28,0.3,0,0,0,0,0,0,0,0,0.0,0.0,0.0,0.0,0.0,"14801    35000000
Name: Market_value_eur, dtype: int64"
ENG-Premier League,2223,Tottenham,Ben Davies,WAL,"DF,MF",29,1993,31,26,2288,25.4,2,2,4,2,0,0,4,0,0.08,0.08,0.16,0.08,0.16,"1412    15000000
Name: Market_value_eur, dtype: int64"
ENG-Premier League,2223,Tottenham,Cristian Romero,ARG,DF,24,1998,27,26,2364,26.3,0,1,1,0,0,0,11,1,0.0,0.04,0.04,0.0,0.04,"3056    65000000
Name: Market_value_eur, dtype: int64"
ENG-Premier League,2223,Tottenham,Dejan Kulusevski,SWE,"MF,FW",22,2000,30,23,2067,23.0,2,7,9,2,0,0,2,0,0.09,0.3,0.39,0.09,0.39,"3885    55000000
Name: Market_value_eur, dtype: int64"
ENG-Premier League,2223,Tottenham,Djed Spence,ENG,"DF,MF",21,2000,4,0,7,0.1,0,0,0,0,0,0,0,0,0.0,0.0,0.0,0.0,0.0,"4063    10000000
Name: Market_value_eur, dtype: int64"
ENG-Premier League,2223,Tottenham,Emerson,BRA,"MF,DF",23,1999,26,20,1735,19.3,2,1,3,2,0,0,2,1,0.1,0.05,0.16,0.1,0.16,"4208    40000000
Name: Market_value_eur, dtype: int64"
ENG-Premier League,2223,Tottenham,Fraser Forster,ENG,GK,34,1988,14,13,1215,13.5,0,0,0,0,0,0,1,0,0.0,0.0,0.0,0.0,0.0,"4975    1500000
Name: Market_value_eur, dtype: int64"
ENG-Premier League,2223,Tottenham,Harvey White,ENG,MF,20,2001,1,0,5,0.1,0,0,0,0,0,0,0,0,0.0,0.0,0.0,0.0,0.0,"5900    600000
Name: Market_value_eur, dtype: int64"
ENG-Premier League,2223,Tottenham,Japhet Tanganga,ENG,DF,23,1999,4,2,146,1.6,0,0,0,0,0,0,0,0,0.0,0.0,0.0,0.0,0.0,"6978    7000000
Name: Market_value_eur, dtype: int64"
ENG-Premier League,2223,Tottenham,Matt Doherty,IRL,MF,30,1992,12,7,667,7.4,1,0,1,1,0,0,0,0,0.13,0.0,0.13,0.13,0.13,"10688    9000000
Name: Market_value_eur, dtype: int64"
ENG-Premier League,2223,Tottenham,Oliver Skipp,ENG,MF,21,2000,23,18,1491,16.6,1,0,1,1,0,0,7,0,0.06,0.0,0.06,0.06,0.06,"11992    15000000
Name: Market_value_eur, dtype: int64"
ENG-Premier League,2223,Tottenham,Pape Matar Sarr,SEN,MF,19,2002,11,2,218,2.4,0,1,1,0,0,0,1,0,0.0,0.41,0.41,0.0,0.41,"12169    35000000
Name: Market_value_eur, dtype: int64"
ENG-Premier League,2223,Tottenham,Pedro Porro,ESP,MF,22,1999,15,13,1131,12.6,3,3,6,3,0,0,0,0,0.24,0.24,0.48,0.24,0.48,"12346    45000000
Name: Market_value_eur, dtype: int64"
ENG-Premier League,2223,Tottenham,Richarlison,BRA,"MF,FW",25,1997,27,12,1010,11.2,1,3,4,1,0,0,3,0,0.09,0.27,0.36,0.09,0.36,"12855    48000000
Name: Market_value_eur, dtype: int64"
ENG-Premier League,2223,Tottenham,Rodrigo Bentancur,URU,MF,25,1997,18,17,1500,16.7,5,2,7,5,0,0,8,0,0.3,0.12,0.42,0.3,0.42,"13047    40000000
Name: Market_value_eur, dtype: int64"
ENG-Premier League,2223,Tottenham,Ryan Sessegnon,ENG,"MF,DF",22,2000,17,9,813,9.0,2,0,2,2,0,0,4,0,0.22,0.0,0.22,0.22,0.22,"13366    18000000
Name: Market_value_eur, dtype: int64"
ENG-Premier League,2223,Tottenham,Yves Bissouma,MLI,MF,25,1996,23,10,1010,11.2,0,0,0,0,0,0,6,0,0.0,0.0,0.0,0.0,0.0,"15904    30000000
Name: Market_value_eur, dtype: int64"
ENG-Premier League,2223,West Ham,Aaron Cresswell,ENG,DF,32,1989,28,24,2235,24.8,0,1,1,0,0,0,3,0,0.0,0.04,0.04,0.0,0.04,"18    1200000
Name: Market_value_eur, dtype: int64"
ENG-Premier League,2223,West Ham,Alphonse Areola,FRA,GK,29,1993,5,2,309,3.4,0,0,0,0,0,0,0,0,0.0,0.0,0.0,0.0,0.0,"749    10000000
Name: Market_value_eur, dtype: int64"
ENG-Premier League,2223,West Ham,Angelo Ogbonna,ITA,DF,34,1988,16,13,1237,13.7,0,0,0,0,0,0,0,0,0.0,0.0,0.0,0.0,0.0,"1005    900000
Name: Market_value_eur, dtype: int64"
ENG-Premier League,2223,West Ham,Ben Johnson,ENG,"DF,MF",22,2000,17,9,866,9.6,0,0,0,0,0,0,0,0,0.0,0.0,0.0,0.0,0.0,"1476    10000000
Name: Market_value_eur, dtype: int64"
ENG-Premier League,2223,West Ham,Craig Dawson,ENG,DF,32,1990,8,8,720,8.0,0,0,0,0,0,0,2,0,0.0,0.0,0.0,0.0,0.0,"3011    2000000
Name: Market_value_eur, dtype: int64"
ENG-Premier League,2223,West Ham,Danny Ings,ENG,FW,30,1992,17,7,775,8.6,2,2,4,2,0,0,1,0,0.23,0.23,0.46,0.23,0.46,"3442    12000000
Name: Market_value_eur, dtype: int64"
ENG-Premier League,2223,West Ham,Declan Rice,ENG,MF,23,1999,37,36,3273,36.4,4,2,6,4,0,1,5,0,0.11,0.05,0.16,0.11,0.16,"3865    110000000
Name: Market_value_eur, dtype: int64"
ENG-Premier League,2223,West Ham,Divin Mubama,ENG,FW,17,2004,3,0,38,0.4,0,0,0,0,0,0,0,0,0.0,0.0,0.0,0.0,0.0,"4039    1000000
Name: Market_value_eur, dtype: int64"
ENG-Premier League,2223,West Ham,Flynn Downes,ENG,MF,23,1999,21,7,762,8.5,0,0,0,0,0,0,2,0,0.0,0.0,0.0,0.0,0.0,"4911    9000000
Name: Market_value_eur, dtype: int64"
ENG-Premier League,2223,West Ham,Jarrod Bowen,ENG,"MF,FW",25,1996,38,36,3233,35.9,6,5,11,5,1,2,2,0,0.17,0.14,0.31,0.14,0.28,"6993    50000000
Name: Market_value_eur, dtype: int64"
ENG-Premier League,2223,West Ham,Lucas Paquetá,BRA,MF,24,1997,28,27,2151,23.9,4,3,7,3,1,1,5,0,0.17,0.13,0.29,0.13,0.25,"9711    65000000
Name: Market_value_eur, dtype: int64"
ENG-Premier League,2223,West Ham,Pablo Fornals,ESP,MF,26,1996,32,17,1503,16.7,3,1,4,3,0,0,0,0,0.18,0.06,0.24,0.18,0.24,"12103    500000
Name: Market_value_eur, dtype: int64"
ENG-Premier League,2223,West Ham,Tomáš Souček,CZE,MF,27,1995,36,32,2815,31.3,2,3,5,2,0,0,3,0,0.06,0.1,0.16,0.06,0.16,"15096    35000000
Name: Market_value_eur, dtype: int64"
ENG-Premier League,2223,West Ham,Łukasz Fabiański,POL,GK,37,1985,36,36,3111,34.6,0,0,0,0,0,0,1,0,0.0,0.0,0.0,0.0,0.0,"9810    900000
Name: Market_value_eur, dtype: int64"
ENG-Premier League,2223,Wolves,Adama Traoré,ESP,"MF,FW",26,1996,34,12,1496,16.6,2,1,3,2,0,0,2,0,0.12,0.06,0.18,0.12,0.18,"299    12000000
Name: Market_value_eur, dtype: int64"
ENG-Premier League,2223,Wolves,Chem Campbell,WAL,"FW,MF",19,2002,5,0,74,0.8,0,0,0,0,0,0,0,0,0.0,0.0,0.0,0.0,0.0,"2487    1000000
Name: Market_value_eur, dtype: int64"
ENG-Premier League,2223,Wolves,Craig Dawson,ENG,DF,32,1990,17,17,1414,15.7,1,0,1,1,0,0,4,0,0.06,0.0,0.06,0.06,0.06,"3011    2000000
Name: Market_value_eur, dtype: int64"
ENG-Premier League,2223,Wolves,Daniel Bentley,ENG,GK,29,1993,2,2,180,2.0,0,0,0,0,0,0,0,0,0.0,0.0,0.0,0.0,0.0,"3306    2000000
Name: Market_value_eur, dtype: int64"
ENG-Premier League,2223,Wolves,Diego Costa,ESP,FW,33,1988,23,16,1241,13.8,1,0,1,1,0,0,5,1,0.07,0.0,0.07,0.07,0.07,"3968    2000000
Name: Market_value_eur, dtype: int64"
ENG-Premier League,2223,Wolves,Hugo Bueno,ESP,DF,19,2002,21,16,1310,14.6,0,1,1,0,0,0,1,0,0.0,0.07,0.07,0.0,0.07,"6016    6000000
Name: Market_value_eur, dtype: int64"
ENG-Premier League,2223,Wolves,Hwang Hee-chan,KOR,"FW,MF",26,1996,27,12,1130,12.6,3,1,4,3,0,0,1,0,0.24,0.08,0.32,0.24,0.32,"5918    22000000
Name: Market_value_eur, dtype: int64"
ENG-Premier League,2223,Wolves,Joe Hodge,IRL,MF,19,2002,6,1,175,1.9,0,0,0,0,0,0,1,0,0.0,0.0,0.0,0.0,0.0,"7510    100000
Name: Market_value_eur, dtype: int64"
ENG-Premier League,2223,Wolves,José Sá,POR,GK,29,1993,36,36,3240,36.0,0,0,0,0,0,0,2,0,0.0,0.0,0.0,0.0,0.0,"8329    18000000
Name: Market_value_eur, dtype: int64"
ENG-Premier League,2223,Wolves,João Gomes,BRA,MF,21,2001,11,7,653,7.3,1,0,1,1,0,0,5,0,0.14,0.0,0.14,0.14,0.14,"8351    22000000
Name: Market_value_eur, dtype: int64"
ENG-Premier League,2223,Wolves,Matheus Cunha,BRA,FW,23,1999,17,12,965,10.7,2,0,2,2,0,0,1,0,0.19,0.0,0.19,0.19,0.19,"10621    32000000
Name: Market_value_eur, dtype: int64"
ENG-Premier League,2223,Wolves,Matheus Nunes,POR,MF,23,1998,34,30,2467,27.4,1,1,2,1,0,0,2,1,0.04,0.04,0.07,0.04,0.07,"10628    55000000
Name: Market_value_eur, dtype: int64"
ENG-Premier League,2223,Wolves,Max Kilman,ENG,DF,25,1997,37,37,3307,36.7,0,0,0,0,0,0,3,0,0.0,0.0,0.0,0.0,0.0,"10976    35000000
Name: Market_value_eur, dtype: int64"
ENG-Premier League,2223,Wolves,Morgan Gibbs-White,ENG,MF,22,2000,2,2,180,2.0,0,0,0,0,0,0,1,0,0.0,0.0,0.0,0.0,0.0,"11415    40000000
Name: Market_value_eur, dtype: int64"
ENG-Premier League,2223,Wolves,Nathan Collins,IRL,DF,21,2001,26,19,1814,20.2,0,0,0,0,0,0,2,1,0.0,0.0,0.0,0.0,0.0,"11547    25000000
Name: Market_value_eur, dtype: int64"
ENG-Premier League,2223,Wolves,Pablo Sarabia,ESP,"MF,FW",30,1992,13,9,765,8.5,1,0,1,1,0,0,3,0,0.12,0.0,0.12,0.12,0.12,"12136    16000000
Name: Market_value_eur, dtype: int64"
ENG-Premier League,2223,Wolves,Pedro Neto,POR,"MF,FW",22,2000,18,13,964,10.7,0,0,0,0,0,0,1,0,0.0,0.0,0.0,0.0,0.0,"12337    42000000
Name: Market_value_eur, dtype: int64"
ENG-Premier League,2223,Wolves,Rayan Aït-Nouri,ALG,"DF,MF",21,2001,21,9,1076,12.0,1,0,1,1,0,0,4,0,0.08,0.0,0.08,0.08,0.08,"12627    28000000
Name: Market_value_eur, dtype: int64"
ENG-Premier League,2223,Wolves,Raúl Jiménez,MEX,FW,31,1991,15,8,846,9.4,0,1,1,0,0,0,0,0,0.0,0.11,0.11,0.0,0.11,"12653    9000000
Name: Market_value_eur, dtype: int64"
ENG-Premier League,2223,Wolves,Toti Gomes,POR,DF,23,1999,17,10,984,10.9,1,0,1,1,0,0,6,0,0.09,0.0,0.09,0.09,0.09,"15126    14000000
Name: Market_value_eur, dtype: int64"
ENG-Premier League,2324,Arsenal,Aaron Ramsdale,ENG,GK,25,1998,6,6,540,6.0,0,0,0,0,0,0,0,0,0.0,0.0,0.0,0.0,0.0,"63    25000000
Name: Market_value_eur, dtype: int64"
ENG-Premier League,2324,Arsenal,Ben White,ENG,DF,25,1997,37,35,2988,33.2,4,4,8,4,0,0,8,0,0.12,0.12,0.24,0.12,0.24,"1559    55000000
Name: Market_value_eur, dtype: int64"
ENG-Premier League,2324,Arsenal,Bukayo Saka,ENG,FW,21,2001,35,35,2919,32.4,16,9,25,10,6,6,4,0,0.49,0.28,0.77,0.31,0.59,"2051    150000000
Name: Market_value_eur, dtype: int64"
ENG-Premier League,2324,Arsenal,David Raya,ESP,GK,27,1995,32,32,2880,32.0,0,0,0,0,0,0,2,0,0.0,0.0,0.0,0.0,0.0,"3758    40000000
Name: Market_value_eur, dtype: int64"
ENG-Premier League,2324,Arsenal,Declan Rice,ENG,MF,24,1999,38,37,3225,35.8,7,8,15,7,0,0,5,0,0.2,0.22,0.42,0.2,0.42,"3866    120000000
Name: Market_value_eur, dtype: int64"
ENG-Premier League,2324,Arsenal,Eddie Nketiah,ENG,FW,24,1999,27,10,1082,12.0,5,2,7,5,0,0,3,0,0.42,0.17,0.58,0.42,0.58,"4195    30000000
Name: Market_value_eur, dtype: int64"
ENG-Premier League,2324,Arsenal,Emile Smith Rowe,ENG,MF,23,2000,13,3,353,3.9,0,1,1,0,0,0,0,0,0.0,0.25,0.25,0.0,0.25,"4406    32000000
Name: Market_value_eur, dtype: int64"
ENG-Premier League,2324,Arsenal,Gabriel Jesus,BRA,FW,26,1997,27,17,1478,16.4,4,5,9,4,0,0,6,0,0.24,0.3,0.55,0.24,0.55,"5083    65000000
Name: Market_value_eur, dtype: int64"
ENG-Premier League,2324,Arsenal,Gabriel Magalhães,BRA,DF,25,1997,36,34,3044,33.8,4,0,4,4,0,0,4,0,0.12,0.0,0.12,0.12,0.12,"5048    75000000
Name: Market_value_eur, dtype: int64"
ENG-Premier League,2324,Arsenal,Gabriel Martinelli,BRA,FW,22,2001,35,24,2019,22.4,6,4,10,6,0,0,1,0,0.27,0.18,0.45,0.27,0.45,"5091    80000000
Name: Market_value_eur, dtype: int64"
ENG-Premier League,2324,Arsenal,Jakub Kiwior,POL,DF,23,2000,20,11,946,10.5,1,3,4,1,0,0,1,0,0.1,0.29,0.38,0.1,0.38,"6552    30000000
Name: Market_value_eur, dtype: int64"
ENG-Premier League,2324,Arsenal,Jurriën Timber,NED,DF,22,2001,2,1,71,0.8,0,0,0,0,0,0,2,0,0.0,0.0,0.0,0.0,0.0,"8488    45000000
Name: Market_value_eur, dtype: int64"
ENG-Premier League,2324,Arsenal,Kai Havertz,GER,"MF,FW",24,1999,37,30,2634,29.3,13,7,20,12,1,1,11,0,0.44,0.24,0.68,0.41,0.65,"8580    75000000
Name: Market_value_eur, dtype: int64"
ENG-Premier League,2324,Arsenal,Leandro Trossard,BEL,"FW,MF",28,1994,34,18,1649,18.3,12,1,13,12,0,0,2,0,0.65,0.05,0.71,0.65,0.71,"9169    35000000
Name: Market_value_eur, dtype: int64"
ENG-Premier League,2324,Arsenal,Martin Ødegaard,NOR,MF,24,1998,35,35,3091,34.3,8,10,18,6,2,2,2,0,0.23,0.29,0.52,0.17,0.47,"10531    110000000
Name: Market_value_eur, dtype: int64"
ENG-Premier League,2324,Arsenal,Oleksandr Zinchenko,UKR,DF,26,1996,27,20,1722,19.1,1,2,3,1,0,0,2,0,0.05,0.1,0.16,0.05,0.16,"910    25000000
Name: Market_value_eur, dtype: int64"
ENG-Premier League,2324,Arsenal,Reiss Nelson,ENG,FW,23,1999,15,1,268,3.0,0,0,0,0,0,0,1,0,0.0,0.0,0.0,0.0,0.0,"12711    18000000
Name: Market_value_eur, dtype: int64"
ENG-Premier League,2324,Arsenal,William Saliba,FRA,DF,22,2001,38,38,3420,38.0,2,1,3,2,0,0,4,0,0.05,0.03,0.08,0.05,0.08,"15705    80000000
Name: Market_value_eur, dtype: int64"
ENG-Premier League,2324,Aston Villa,Bertrand Traoré,BFA,"FW,MF",27,1995,2,0,11,0.1,0,0,0,0,0,0,0,0,0.0,0.0,0.0,0.0,0.0,"1680    9000000
Name: Market_value_eur, dtype: int64"
ENG-Premier League,2324,Aston Villa,Boubacar Kamara,FRA,MF,23,1999,20,20,1652,18.4,0,1,1,0,0,0,7,1,0.0,0.05,0.05,0.0,0.05,"1820    38000000
Name: Market_value_eur, dtype: int64"
ENG-Premier League,2324,Aston Villa,Calum Chambers,ENG,MF,28,1995,5,1,152,1.7,0,1,1,0,0,0,1,0,0.0,0.59,0.59,0.0,0.59,"2181    4000000
Name: Market_value_eur, dtype: int64"
ENG-Premier League,2324,Aston Villa,Cameron Archer,ENG,"FW,MF",22,2001,1,0,6,0.1,0,0,0,0,0,0,1,0,0.0,0.0,0.0,0.0,0.0,"2199    15000000
Name: Market_value_eur, dtype: int64"
ENG-Premier League,2324,Aston Villa,Douglas Luiz,BRA,MF,25,1998,35,35,2993,33.3,9,5,14,5,4,4,12,0,0.27,0.15,0.42,0.15,0.3,"4132    70000000
Name: Market_value_eur, dtype: int64"
ENG-Premier League,2324,Aston Villa,Emiliano Martínez,ARG,GK,30,1992,34,34,3015,33.5,0,0,0,0,0,0,4,0,0.0,0.0,0.0,0.0,0.0,"4444    28000000
Name: Market_value_eur, dtype: int64"
ENG-Premier League,2324,Aston Villa,Ezri Konsa,ENG,DF,25,1997,35,35,3069,34.1,1,0,1,1,0,0,5,0,0.03,0.0,0.03,0.03,0.03,"4678    35000000
Name: Market_value_eur, dtype: int64"
ENG-Premier League,2324,Aston Villa,Finley Munroe,ENG,DF,18,2005,1,0,4,0.0,0,0,0,0,0,0,0,0,0.0,0.0,0.0,0.0,0.0,"4856    100000
Name: Market_value_eur, dtype: int64"
ENG-Premier League,2324,Aston Villa,Jacob Ramsey,ENG,MF,22,2001,16,8,853,9.5,1,1,2,1,0,0,2,0,0.11,0.11,0.21,0.11,0.21,"6459    35000000
Name: Market_value_eur, dtype: int64"
ENG-Premier League,2324,Aston Villa,Jaden Philogene Bidace,ENG,"FW,MF",21,2002,1,0,4,0.0,0,0,0,0,0,0,0,0,0.0,0.0,0.0,0.0,0.0,"6469    15000000
Name: Market_value_eur, dtype: int64"
ENG-Premier League,2324,Aston Villa,John McGinn,SCO,MF,28,1994,35,35,2999,33.3,6,4,10,6,0,0,9,1,0.18,0.12,0.3,0.18,0.3,"7734    30000000
Name: Market_value_eur, dtype: int64"
ENG-Premier League,2324,Aston Villa,Kaine Kesler-Hayden,ENG,"DF,MF",20,2002,3,0,6,0.1,0,0,0,0,0,0,0,0,0.0,0.0,0.0,0.0,0.0,"8589    2200000
Name: Market_value_eur, dtype: int64"
ENG-Premier League,2324,Aston Villa,Lucas Digne,FRA,DF,30,1993,33,27,2410,26.8,1,3,4,1,0,0,7,0,0.04,0.11,0.15,0.04,0.15,"9701    12000000
Name: Market_value_eur, dtype: int64"
ENG-Premier League,2324,Aston Villa,Matty Cash,POL,"DF,MF",25,1997,29,23,2142,23.8,2,2,4,2,0,0,8,0,0.08,0.08,0.17,0.08,0.17,"10862    28000000
Name: Market_value_eur, dtype: int64"
ENG-Premier League,2324,Aston Villa,Morgan Rogers,ENG,MF,21,2002,11,8,638,7.1,3,1,4,3,0,0,3,0,0.42,0.14,0.56,0.42,0.56,"11424    40000000
Name: Market_value_eur, dtype: int64"
ENG-Premier League,2324,Aston Villa,Ollie Watkins,ENG,FW,27,1995,37,37,3217,35.7,19,13,32,19,0,0,4,0,0.53,0.36,0.9,0.53,0.9,"12018    65000000
Name: Market_value_eur, dtype: int64"
ENG-Premier League,2324,Aston Villa,Omari Kellyman,ENG,"FW,MF",17,2005,2,0,37,0.4,0,0,0,0,0,0,0,0,0.0,0.0,0.0,0.0,0.0,"12049    1500000
Name: Market_value_eur, dtype: int64"
ENG-Premier League,2324,Aston Villa,Pau Torres,ESP,DF,26,1997,29,27,2464,27.4,2,0,2,2,0,0,1,0,0.07,0.0,0.07,0.07,0.07,"12229    45000000
Name: Market_value_eur, dtype: int64"
ENG-Premier League,2324,Aston Villa,Tim Iroegbunam,ENG,MF,20,2003,9,1,164,1.8,0,0,0,0,0,0,0,0,0.0,0.0,0.0,0.0,0.0,"14749    10000000
Name: Market_value_eur, dtype: int64"
ENG-Premier League,2324,Aston Villa,Tyrone Mings,ENG,DF,30,1993,1,1,30,0.3,0,0,0,0,0,0,0,0,0.0,0.0,0.0,0.0,0.0,"15240    13000000
Name: Market_value_eur, dtype: int64"
ENG-Premier League,2324,Aston Villa,Youri Tielemans,BEL,"MF,FW",26,1997,32,17,1622,18.0,2,6,8,2,0,0,3,0,0.11,0.33,0.44,0.11,0.44,"15882    30000000
Name: Market_value_eur, dtype: int64"
ENG-Premier League,2324,Bournemouth,Adam Smith,ENG,DF,32,1991,28,25,2150,23.9,0,2,2,0,0,0,6,0,0.0,0.08,0.08,0.0,0.08,"256    1000000
Name: Market_value_eur, dtype: int64"
ENG-Premier League,2324,Bournemouth,Alex Scott,ENG,MF,19,2003,23,11,1014,11.3,1,1,2,1,0,0,3,0,0.09,0.09,0.18,0.09,0.18,"550    20000000
Name: Market_value_eur, dtype: int64"
ENG-Premier League,2324,Bournemouth,Antoine Semenyo,GHA,MF,23,2000,33,25,2105,23.4,8,2,10,8,0,0,6,0,0.34,0.09,0.43,0.34,0.43,"1076    28000000
Name: Market_value_eur, dtype: int64"
ENG-Premier League,2324,Bournemouth,Chris Mepham,WAL,DF,25,1997,10,6,617,6.9,0,1,1,0,0,0,2,0,0.0,0.15,0.15,0.0,0.15,"2621    6000000
Name: Market_value_eur, dtype: int64"
ENG-Premier League,2324,Bournemouth,Dango Ouattara,BFA,"DF,MF",21,2002,30,12,1229,13.7,1,2,3,1,0,0,3,0,0.07,0.15,0.22,0.07,0.22,"3258    20000000
Name: Market_value_eur, dtype: int64"
ENG-Premier League,2324,Bournemouth,David Brooks,WAL,MF,26,1997,13,2,282,3.1,1,1,2,1,0,0,1,0,0.32,0.32,0.64,0.32,0.64,"3632    9000000
Name: Market_value_eur, dtype: int64"
ENG-Premier League,2324,Bournemouth,Dominic Sadi,ENG,MF,19,2003,1,0,1,0.0,0,0,0,0,0,0,0,0,0.0,0.0,0.0,0.0,0.0,"4094    125000
Name: Market_value_eur, dtype: int64"
ENG-Premier League,2324,Bournemouth,Dominic Solanke,ENG,FW,25,1997,38,37,3325,36.9,19,3,22,17,2,3,3,0,0.51,0.08,0.6,0.46,0.54,"4107    45000000
Name: Market_value_eur, dtype: int64"
ENG-Premier League,2324,Bournemouth,Enes Ünal,TUR,FW,26,1997,16,2,328,3.6,2,2,4,2,0,0,1,0,0.55,0.55,1.1,0.55,1.1,"4520    20000000
Name: Market_value_eur, dtype: int64"
ENG-Premier League,2324,Bournemouth,Hamed Junior Traorè,CIV,MF,23,2000,3,0,47,0.5,0,0,0,0,0,0,0,0,0.0,0.0,0.0,0.0,0.0,"300    10000000
Name: Market_value_eur, dtype: int64"
ENG-Premier League,2324,Bournemouth,Jaidon Anthony,ENG,MF,23,1999,3,2,152,1.7,0,0,0,0,0,0,1,0,0.0,0.0,0.0,0.0,0.0,"6485    6000000
Name: Market_value_eur, dtype: int64"
ENG-Premier League,2324,Bournemouth,James Hill,ENG,DF,21,2002,5,1,76,0.8,0,0,0,0,0,0,0,0,0.0,0.0,0.0,0.0,0.0,"6664    2000000
Name: Market_value_eur, dtype: int64"
ENG-Premier League,2324,Bournemouth,Joe Rothwell,ENG,MF,28,1995,11,3,386,4.3,0,0,0,0,0,0,0,0,0.0,0.0,0.0,0.0,0.0,"7511    300000
Name: Market_value_eur, dtype: int64"
ENG-Premier League,2324,Bournemouth,Justin Kluivert,NED,MF,24,1999,32,26,1916,21.3,7,1,8,7,0,0,5,0,0.33,0.05,0.38,0.33,0.38,"8516    22000000
Name: Market_value_eur, dtype: int64"
ENG-Premier League,2324,Bournemouth,Lewis Cook,ENG,MF,26,1997,33,32,2786,31.0,0,3,3,0,0,0,5,1,0.0,0.1,0.1,0.0,0.1,"9396    14000000
Name: Market_value_eur, dtype: int64"
ENG-Premier League,2324,Bournemouth,Marcos Senesi,ARG,DF,26,1997,31,26,2242,24.9,4,5,9,4,0,0,13,0,0.16,0.2,0.36,0.16,0.36,"10235    24000000
Name: Market_value_eur, dtype: int64"
ENG-Premier League,2324,Bournemouth,Marcus Tavernier,ENG,MF,24,1999,30,25,2118,23.5,3,4,7,3,0,0,3,0,0.13,0.17,0.3,0.13,0.3,"10291    20000000
Name: Market_value_eur, dtype: int64"
ENG-Premier League,2324,Bournemouth,Mark Travers,IRL,GK,24,1999,4,4,360,4.0,0,0,0,0,0,0,0,0,0.0,0.0,0.0,0.0,0.0,"10396    4000000
Name: Market_value_eur, dtype: int64"
ENG-Premier League,2324,Bournemouth,Milos Kerkez,HUN,DF,19,2003,28,22,1970,21.9,0,1,1,0,0,0,4,1,0.0,0.05,0.05,0.0,0.05,"11324    28000000
Name: Market_value_eur, dtype: int64"
ENG-Premier League,2324,Bournemouth,Neto,BRA,GK,34,1989,32,32,2880,32.0,0,0,0,0,0,0,5,0,0.0,0.0,0.0,0.0,0.0,"12338    55000000
Name: Market_value_eur, dtype: int64"
ENG-Premier League,2324,Bournemouth,Philip Billing,DEN,MF,27,1996,29,13,1398,15.5,2,2,4,2,0,0,3,1,0.13,0.13,0.26,0.13,0.26,"12530    22000000
Name: Market_value_eur, dtype: int64"
ENG-Premier League,2324,Bournemouth,Romain Faivre,FRA,MF,25,1998,5,0,41,0.5,0,0,0,0,0,0,1,0,0.0,0.0,0.0,0.0,0.0,"13104    15000000
Name: Market_value_eur, dtype: int64"
ENG-Premier League,2324,Bournemouth,Ryan Christie,SCO,MF,28,1995,37,35,2907,32.3,0,5,5,0,0,0,6,0,0.0,0.15,0.15,0.0,0.15,"13277    12000000
Name: Market_value_eur, dtype: int64"
ENG-Premier League,2324,Bournemouth,Tyler Adams,USA,MF,24,1999,3,1,121,1.3,0,0,0,0,0,0,0,0,0.0,0.0,0.0,0.0,0.0,"15175    15000000
Name: Market_value_eur, dtype: int64"
ENG-Premier League,2324,Brentford,Aaron Hickey,SCO,"DF,MF",21,2002,9,9,713,7.9,0,0,0,0,0,0,5,0,0.0,0.0,0.0,0.0,0.0,"26    28000000
Name: Market_value_eur, dtype: int64"
ENG-Premier League,2324,Brentford,Ben Mee,ENG,DF,33,1989,16,15,1272,14.1,2,0,2,2,0,0,1,1,0.14,0.0,0.14,0.14,0.14,"1494    1000000
Name: Market_value_eur, dtype: int64"
ENG-Premier League,2324,Brentford,Bryan Mbeumo,CMR,FW,23,1999,25,22,1960,21.8,9,6,15,6,3,3,2,0,0.41,0.28,0.69,0.28,0.55,"2037    50000000
Name: Market_value_eur, dtype: int64"
ENG-Premier League,2324,Brentford,Christian Nørgaard,DEN,MF,29,1994,31,30,2505,27.8,2,1,3,2,0,0,8,0,0.07,0.04,0.11,0.07,0.11,"2695    18000000
Name: Market_value_eur, dtype: int64"
ENG-Premier League,2324,Brentford,Ethan Pinnock,JAM,DF,30,1993,29,28,2521,28.0,2,0,2,2,0,0,1,0,0.07,0.0,0.07,0.07,0.07,"4623    12000000
Name: Market_value_eur, dtype: int64"
ENG-Premier League,2324,Brentford,Frank Onyeka,NGA,MF,25,1998,26,11,1161,12.9,1,2,3,1,0,0,8,0,0.08,0.16,0.23,0.08,0.23,"4955    9000000
Name: Market_value_eur, dtype: int64"
ENG-Premier League,2324,Brentford,Josh Dasilva,ENG,MF,24,1998,3,0,24,0.3,0,0,0,0,0,0,0,0,0.0,0.0,0.0,0.0,0.0,"8194    10000000
Name: Market_value_eur, dtype: int64"
ENG-Premier League,2324,Brentford,Keane Lewis-Potter,ENG,"FW,MF",22,2001,30,15,1441,16.0,3,1,4,3,0,0,0,0,0.19,0.06,0.25,0.19,0.25,"8685    20000000
Name: Market_value_eur, dtype: int64"
ENG-Premier League,2324,Brentford,Kevin Schade,GER,FW,21,2001,11,3,333,3.7,2,1,3,2,0,0,0,0,0.54,0.27,0.81,0.54,0.81,"8842    22000000
Name: Market_value_eur, dtype: int64"
ENG-Premier League,2324,Brentford,Kristoffer Ajer,NOR,DF,25,1998,28,21,1832,20.4,2,1,3,2,0,0,5,0,0.1,0.05,0.15,0.1,0.15,"9013    18000000
Name: Market_value_eur, dtype: int64"
ENG-Premier League,2324,Brentford,Mads Roerslev,DEN,"MF,DF",24,1999,34,22,1985,22.1,1,2,3,1,0,0,1,0,0.05,0.09,0.14,0.05,0.14,"10001    12000000
Name: Market_value_eur, dtype: int64"
ENG-Premier League,2324,Brentford,Mathias Jensen,DEN,MF,27,1996,32,27,2204,24.5,3,3,6,3,0,0,5,0,0.12,0.12,0.25,0.12,0.25,"10641    28000000
Name: Market_value_eur, dtype: int64"
ENG-Premier League,2324,Brentford,Mathias Jørgensen,DEN,DF,33,1990,14,12,1087,12.1,1,0,1,1,0,0,4,0,0.08,0.0,0.08,0.08,0.08,"10641    28000000
Name: Market_value_eur, dtype: int64"
ENG-Premier League,2324,Brentford,Mikkel Damsgaard,DEN,MF,23,2000,23,7,842,9.4,0,2,2,0,0,0,2,0,0.0,0.21,0.21,0.0,0.21,"11305    15000000
Name: Market_value_eur, dtype: int64"
ENG-Premier League,2324,Brentford,Myles Peart-Harris,ENG,MF,20,2002,3,0,13,0.1,0,0,0,0,0,0,0,0,0.0,0.0,0.0,0.0,0.0,"11479    700000
Name: Market_value_eur, dtype: int64"
ENG-Premier League,2324,Brentford,Nathan Collins,IRL,DF,22,2001,32,29,2652,29.5,1,1,2,1,0,0,3,0,0.03,0.03,0.07,0.03,0.07,"11548    28000000
Name: Market_value_eur, dtype: int64"
ENG-Premier League,2324,Brentford,Rico Henry,JAM,DF,26,1997,5,5,401,4.5,0,1,1,0,0,0,1,0,0.0,0.22,0.22,0.0,0.22,"12889    20000000
Name: Market_value_eur, dtype: int64"
ENG-Premier League,2324,Brentford,Shandon Baptiste,GRN,MF,25,1998,10,2,229,2.5,1,1,2,1,0,0,1,0,0.39,0.39,0.79,0.39,0.79,"13905    2500000
Name: Market_value_eur, dtype: int64"
ENG-Premier League,2324,Brentford,Vitaly Janelt,GER,"MF,DF",25,1998,38,37,3054,33.9,1,3,4,1,0,0,8,0,0.03,0.09,0.12,0.03,0.12,"15385    22000000
Name: Market_value_eur, dtype: int64"
ENG-Premier League,2324,Brentford,Yehor Yarmoliuk,UKR,MF,19,2004,27,6,688,7.6,0,0,0,0,0,0,2,0,0.0,0.0,0.0,0.0,0.0,"15825    12000000
Name: Market_value_eur, dtype: int64"
ENG-Premier League,2324,Brentford,Yoane Wissa,COD,FW,26,1996,34,29,2493,27.7,12,3,15,12,0,0,7,0,0.43,0.11,0.54,0.43,0.54,"15842    28000000
Name: Market_value_eur, dtype: int64"
ENG-Premier League,2324,Brighton,Adam Lallana,ENG,MF,35,1988,25,13,850,9.4,0,1,1,0,0,0,2,0,0.0,0.11,0.11,0.0,0.11,"218    1000000
Name: Market_value_eur, dtype: int64"
ENG-Premier League,2324,Brighton,Adam Webster,ENG,DF,28,1995,15,13,1144,12.7,0,0,0,0,0,0,2,0,0.0,0.0,0.0,0.0,0.0,"269    20000000
Name: Market_value_eur, dtype: int64"
ENG-Premier League,2324,Brighton,Bart Verbruggen,NED,GK,20,2002,21,21,1890,21.0,0,0,0,0,0,0,3,0,0.0,0.0,0.0,0.0,0.0,"1346    25000000
Name: Market_value_eur, dtype: int64"
ENG-Premier League,2324,Brighton,Carlos Baleba,CMR,MF,19,2004,27,15,1325,14.7,0,0,0,0,0,0,7,0,0.0,0.0,0.0,0.0,0.0,"2293    35000000
Name: Market_value_eur, dtype: int64"
ENG-Premier League,2324,Brighton,Danny Welbeck,ENG,"FW,MF",32,1990,29,21,1693,18.8,5,1,6,5,0,0,4,0,0.27,0.05,0.32,0.27,0.32,"3518    5000000
Name: Market_value_eur, dtype: int64"
ENG-Premier League,2324,Brighton,Facundo Buonanotte,ARG,"MF,FW",18,2004,27,17,1364,15.2,3,1,4,3,0,0,7,0,0.2,0.07,0.26,0.2,0.26,"4747    22000000
Name: Market_value_eur, dtype: int64"
ENG-Premier League,2324,Brighton,Igor,BRA,DF,25,1998,24,17,1637,18.2,0,0,0,0,0,0,4,0,0.0,0.0,0.0,0.0,0.0,"6111    15000000
Name: Market_value_eur, dtype: int64"
ENG-Premier League,2324,Brighton,Jack Hinshelwood,ENG,"DF,MF",18,2005,12,8,869,9.7,3,0,3,3,0,0,1,0,0.31,0.0,0.31,0.31,0.31,"6325    24000000
Name: Market_value_eur, dtype: int64"
ENG-Premier League,2324,Brighton,James Milner,ENG,"DF,MF",37,1986,15,11,773,8.6,0,2,2,0,0,0,3,0,0.0,0.23,0.23,0.0,0.23,"6761    1000000
Name: Market_value_eur, dtype: int64"
ENG-Premier League,2324,Brighton,Jan Paul van Hecke,NED,DF,23,2000,28,26,2369,26.3,0,0,0,0,0,0,4,0,0.0,0.0,0.0,0.0,0.0,"6948    32000000
Name: Market_value_eur, dtype: int64"
ENG-Premier League,2324,Brighton,Jason Steele,ENG,GK,32,1990,17,17,1530,17.0,0,0,0,0,0,0,0,0,0.0,0.0,0.0,0.0,0.0,"7047    3500000
Name: Market_value_eur, dtype: int64"
ENG-Premier League,2324,Brighton,João Pedro,BRA,"MF,FW",21,2001,31,19,2045,22.7,9,3,12,5,4,5,2,0,0.4,0.13,0.53,0.22,0.35,"8372    50000000
Name: Market_value_eur, dtype: int64"
ENG-Premier League,2324,Brighton,Joël Veltman,NED,DF,31,1992,27,17,1588,17.6,1,1,2,1,0,0,4,0,0.06,0.06,0.11,0.06,0.11,"8398    10000000
Name: Market_value_eur, dtype: int64"
ENG-Premier League,2324,Brighton,Kaoru Mitoma,JPN,"MF,FW",26,1997,19,15,1486,16.5,3,4,7,3,0,0,4,0,0.18,0.24,0.42,0.18,0.42,"8610    45000000
Name: Market_value_eur, dtype: int64"
ENG-Premier League,2324,Brighton,Lewis Dunk,ENG,DF,31,1991,33,33,2869,31.9,3,1,4,3,0,0,7,1,0.09,0.03,0.13,0.09,0.13,"9418    12000000
Name: Market_value_eur, dtype: int64"
ENG-Premier League,2324,Brighton,Mark O'Mahony,IRL,FW,18,2005,3,1,63,0.7,0,0,0,0,0,0,1,0,0.0,0.0,0.0,0.0,0.0,"10370    500000
Name: Market_value_eur, dtype: int64"
ENG-Premier League,2324,Brighton,Odeluga Offiah,ENG,DF,20,2002,4,1,128,1.4,0,0,0,0,0,0,0,0,0.0,0.0,0.0,0.0,0.0,"11950    600000
Name: Market_value_eur, dtype: int64"
ENG-Premier League,2324,Brighton,Simon Adingra,CIV,MF,21,2002,31,25,2222,24.7,6,1,7,6,0,0,3,0,0.24,0.04,0.28,0.24,0.28,"14049    30000000
Name: Market_value_eur, dtype: int64"
ENG-Premier League,2324,Brighton,Solly March,ENG,"MF,DF",29,1994,7,7,554,6.2,3,1,4,3,0,0,1,0,0.49,0.16,0.65,0.49,0.65,"14127    18000000
Name: Market_value_eur, dtype: int64"
ENG-Premier League,2324,Burnley,Aaron Ramsey,ENG,MF,20,2003,14,5,527,5.9,0,0,0,0,0,0,1,0,0.0,0.0,0.0,0.0,0.0,"69    15000000
Name: Market_value_eur, dtype: int64"
ENG-Premier League,2324,Burnley,Benson Manuel,ANG,MF,26,1997,8,1,116,1.3,0,0,0,0,0,0,0,0,0.0,0.0,0.0,0.0,0.0,"1619    5000000
Name: Market_value_eur, dtype: int64"
ENG-Premier League,2324,Burnley,Charlie Taylor,ENG,DF,29,1993,28,25,2331,25.9,1,1,2,1,0,0,8,0,0.04,0.04,0.08,0.04,0.08,"2436    3000000
Name: Market_value_eur, dtype: int64"
ENG-Premier League,2324,Burnley,Connor Roberts,WAL,DF,27,1995,14,8,823,9.1,0,1,1,0,0,0,5,1,0.0,0.11,0.11,0.0,0.11,"2857    7000000
Name: Market_value_eur, dtype: int64"
ENG-Premier League,2324,Burnley,Dara O'Shea,IRL,DF,24,1999,33,32,2892,32.1,3,4,7,3,0,0,5,1,0.09,0.12,0.22,0.09,0.22,"3543    14000000
Name: Market_value_eur, dtype: int64"
ENG-Premier League,2324,Burnley,David Datro Fofana,CIV,FW,20,2002,15,10,879,9.8,4,1,5,4,0,0,1,0,0.41,0.1,0.51,0.41,0.51,"3632    9000000
Name: Market_value_eur, dtype: int64"
ENG-Premier League,2324,Burnley,Han-Noah Massengo,FRA,MF,22,2001,3,0,16,0.2,0,0,0,0,0,0,0,0,0.0,0.0,0.0,0.0,0.0,"11893    20000000
Name: Market_value_eur, dtype: int64"
ENG-Premier League,2324,Burnley,Hjalmar Ekdal,SWE,DF,24,1998,8,5,437,4.9,0,0,0,0,0,0,2,0,0.0,0.0,0.0,0.0,0.0,"5995    7000000
Name: Market_value_eur, dtype: int64"
ENG-Premier League,2324,Burnley,Jack Cork,ENG,"DF,MF",34,1989,4,0,27,0.3,0,0,0,0,0,0,0,0,0.0,0.0,0.0,0.0,0.0,"6286    800000
Name: Market_value_eur, dtype: int64"
ENG-Premier League,2324,Burnley,Jacob Bruun Larsen,DEN,MF,24,1998,32,16,1249,13.9,6,0,6,5,1,1,1,0,0.43,0.0,0.43,0.36,0.36,"6434    8000000
Name: Market_value_eur, dtype: int64"
ENG-Premier League,2324,Burnley,James Trafford,ENG,GK,20,2002,28,28,2520,28.0,0,0,0,0,0,0,2,0,0.0,0.0,0.0,0.0,0.0,"6844    18000000
Name: Market_value_eur, dtype: int64"
ENG-Premier League,2324,Burnley,Jay Rodriguez,ENG,FW,34,1989,21,7,822,9.1,2,1,3,1,1,1,0,0,0.22,0.11,0.33,0.11,0.22,"7091    1000000
Name: Market_value_eur, dtype: int64"
ENG-Premier League,2324,Burnley,Jordan Beyer,GER,DF,23,2000,15,15,1234,13.7,0,1,1,0,0,0,6,0,0.0,0.07,0.07,0.0,0.07,"7980    13000000
Name: Market_value_eur, dtype: int64"
ENG-Premier League,2324,Burnley,Josh Brownhill,ENG,MF,27,1995,33,23,2252,25.0,4,2,6,4,0,0,4,1,0.16,0.08,0.24,0.16,0.24,"8214    200000
Name: Market_value_eur, dtype: int64"
ENG-Premier League,2324,Burnley,Josh Cullen,IRL,MF,27,1996,25,23,2057,22.9,2,3,5,2,0,0,9,0,0.09,0.13,0.22,0.09,0.22,"8186    10000000
Name: Market_value_eur, dtype: int64"
ENG-Premier League,2324,Burnley,Lyle Foster,RSA,"FW,MF",22,2000,24,22,1899,21.1,5,3,8,5,0,0,0,1,0.24,0.14,0.38,0.24,0.38,"9953    13000000
Name: Market_value_eur, dtype: int64"
ENG-Premier League,2324,Burnley,Maxime Estève,FRA,DF,21,2002,16,15,1309,14.5,0,0,0,0,0,0,6,0,0.0,0.0,0.0,0.0,0.0,"10969    11000000
Name: Market_value_eur, dtype: int64"
ENG-Premier League,2324,Burnley,Michael Obafemi,IRL,FW,23,2000,2,0,20,0.2,0,0,0,0,0,0,0,0,0.0,0.0,0.0,0.0,0.0,"11143    2800000
Name: Market_value_eur, dtype: int64"
ENG-Premier League,2324,Burnley,Mike Trésor,BEL,"MF,FW",24,1999,16,3,420,4.7,0,0,0,0,0,0,0,0,0.0,0.0,0.0,0.0,0.0,"11244    13000000
Name: Market_value_eur, dtype: int64"
ENG-Premier League,2324,Burnley,Nathan Redmond,ENG,"FW,MF",29,1994,12,0,142,1.6,0,0,0,0,0,0,1,0,0.0,0.0,0.0,0.0,0.0,"11612    5000000
Name: Market_value_eur, dtype: int64"
ENG-Premier League,2324,Burnley,Sander Berge,NOR,MF,25,1998,37,34,3005,33.4,1,2,3,1,0,0,10,1,0.03,0.06,0.09,0.03,0.09,"13640    20000000
Name: Market_value_eur, dtype: int64"
ENG-Premier League,2324,Burnley,Wilson Odobert,FRA,"MF,FW",18,2004,29,25,2098,23.3,3,2,5,3,0,0,3,0,0.13,0.09,0.21,0.13,0.21,"15752    18000000
Name: Market_value_eur, dtype: int64"
ENG-Premier League,2324,Burnley,Zeki Amdouni,SUI,FW,22,2000,34,27,1953,21.7,5,1,6,4,1,1,2,0,0.23,0.05,0.28,0.18,0.23,"15933    15000000
Name: Market_value_eur, dtype: int64"
ENG-Premier League,2324,Chelsea,Alex Matos,ENG,MF,18,2004,1,0,1,0.0,0,0,0,0,0,0,0,0,0.0,0.0,0.0,0.0,0.0,"499    1200000
Name: Market_value_eur, dtype: int64"
ENG-Premier League,2324,Chelsea,Alfie Gilchrist,ENG,DF,19,2003,11,2,207,2.3,1,0,1,1,0,0,1,0,0.43,0.0,0.43,0.43,0.43,"635    5000000
Name: Market_value_eur, dtype: int64"
ENG-Premier League,2324,Chelsea,Armando Broja,ALB,FW,21,2001,13,6,454,5.0,1,0,1,1,0,0,0,0,0.2,0.0,0.2,0.2,0.2,"1156    22000000
Name: Market_value_eur, dtype: int64"
ENG-Premier League,2324,Chelsea,Axel Disasi,FRA,DF,25,1998,31,29,2579,28.7,2,0,2,2,0,0,6,0,0.07,0.0,0.07,0.07,0.07,"1291    40000000
Name: Market_value_eur, dtype: int64"
ENG-Premier League,2324,Chelsea,Ben Chilwell,ENG,"MF,DF",26,1996,13,9,756,8.4,0,1,1,0,0,0,5,0,0.0,0.12,0.12,0.0,0.12,"1494    1000000
Name: Market_value_eur, dtype: int64"
ENG-Premier League,2324,Chelsea,Benoît Badiashile,FRA,DF,22,2001,18,15,1338,14.9,0,1,1,0,0,0,3,0,0.0,0.07,0.07,0.0,0.07,"1607    32000000
Name: Market_value_eur, dtype: int64"
ENG-Premier League,2324,Chelsea,Cole Palmer,ENG,"MF,FW",21,2002,33,29,2607,29.0,22,11,33,13,9,9,7,0,0.76,0.38,1.14,0.45,0.83,"2822    130000000
Name: Market_value_eur, dtype: int64"
ENG-Premier League,2324,Chelsea,Conor Gallagher,ENG,MF,23,2000,37,37,3128,34.8,5,7,12,5,0,0,9,1,0.14,0.2,0.35,0.14,0.35,"2909    50000000
Name: Market_value_eur, dtype: int64"
ENG-Premier League,2324,Chelsea,Enzo Fernández,ARG,MF,22,2001,28,26,2209,24.5,3,2,5,2,1,2,7,0,0.12,0.08,0.2,0.08,0.16,"4539    75000000
Name: Market_value_eur, dtype: int64"
ENG-Premier League,2324,Chelsea,Ian Maatsen,NED,MF,21,2002,12,1,209,2.3,0,0,0,0,0,0,1,0,0.0,0.0,0.0,0.0,0.0,"6046    40000000
Name: Market_value_eur, dtype: int64"
ENG-Premier League,2324,Chelsea,Jimi Tauriainen,ENG,FW,19,2004,1,0,1,0.0,0,0,0,0,0,0,0,0,0.0,0.0,0.0,0.0,0.0,"7346    200000
Name: Market_value_eur, dtype: int64"
ENG-Premier League,2324,Chelsea,Joshua Acheampong,ENG,DF,17,2006,1,0,6,0.1,0,0,0,0,0,0,0,0,0.0,0.0,0.0,0.0,0.0,"8163    1000000
Name: Market_value_eur, dtype: int64"
ENG-Premier League,2324,Chelsea,Lesley Ugochukwu,FRA,MF,19,2004,12,3,301,3.3,0,0,0,0,0,0,2,0,0.0,0.0,0.0,0.0,0.0,"9361    25000000
Name: Market_value_eur, dtype: int64"
ENG-Premier League,2324,Chelsea,Levi Colwill,ENG,DF,20,2003,23,20,1797,20.0,1,1,2,1,0,0,2,0,0.05,0.05,0.1,0.05,0.1,"9367    55000000
Name: Market_value_eur, dtype: int64"
ENG-Premier League,2324,Chelsea,Malo Gusto,FRA,"DF,MF",20,2003,27,19,1751,19.5,0,6,6,0,0,0,7,1,0.0,0.31,0.31,0.0,0.31,"10038    35000000
Name: Market_value_eur, dtype: int64"
ENG-Premier League,2324,Chelsea,Marc Cucurella,ESP,DF,25,1998,21,20,1782,19.8,0,2,2,0,0,0,10,0,0.0,0.1,0.1,0.0,0.1,"10099    30000000
Name: Market_value_eur, dtype: int64"
ENG-Premier League,2324,Chelsea,Mason Burstow,ENG,FW,19,2003,2,0,9,0.1,0,0,0,0,0,0,0,0,0.0,0.0,0.0,0.0,0.0,"10559    1800000
Name: Market_value_eur, dtype: int64"
ENG-Premier League,2324,Chelsea,Moisés Caicedo,ECU,MF,21,2001,35,33,2866,31.8,1,3,4,1,0,0,11,0,0.03,0.09,0.13,0.03,0.13,"11398    80000000
Name: Market_value_eur, dtype: int64"
ENG-Premier League,2324,Chelsea,Mykhailo Mudryk,UKR,MF,22,2001,31,18,1576,17.5,5,2,7,5,0,0,5,0,0.29,0.11,0.4,0.29,0.4,"11471    35000000
Name: Market_value_eur, dtype: int64"
ENG-Premier League,2324,Chelsea,Noni Madueke,ENG,MF,21,2002,23,13,1053,11.7,5,2,7,4,1,1,2,0,0.43,0.17,0.6,0.34,0.51,"11919    40000000
Name: Market_value_eur, dtype: int64"
ENG-Premier League,2324,Chelsea,Reece James,ENG,"DF,MF",23,1999,10,5,419,4.7,0,2,2,0,0,0,2,2,0.0,0.43,0.43,0.0,0.43,"12679    40000000
Name: Market_value_eur, dtype: int64"
ENG-Premier League,2324,Chelsea,Robert Sánchez,ESP,GK,25,1997,16,16,1433,15.9,0,0,0,0,0,0,2,0,0.0,0.0,0.0,0.0,0.0,"13002    25000000
Name: Market_value_eur, dtype: int64"
ENG-Premier League,2324,Chelsea,Roméo Lavia,BEL,MF,19,2004,1,0,33,0.4,0,0,0,0,0,0,0,0,0.0,0.0,0.0,0.0,0.0,"13144    40000000
Name: Market_value_eur, dtype: int64"
ENG-Premier League,2324,Chelsea,Trevoh Chalobah,ENG,DF,24,1999,13,10,952,10.6,1,0,1,1,0,0,1,0,0.09,0.0,0.09,0.09,0.09,"15143    13000000
Name: Market_value_eur, dtype: int64"
ENG-Premier League,2324,Crystal Palace,Adam Wharton,ENG,MF,19,2004,16,15,1297,14.4,0,3,3,0,0,0,2,0,0.0,0.21,0.21,0.0,0.21,"274    32000000
Name: Market_value_eur, dtype: int64"
ENG-Premier League,2324,Crystal Palace,Cheick Doucouré,MLI,MF,23,2000,11,11,919,10.2,0,0,0,0,0,0,2,0,0.0,0.0,0.0,0.0,0.0,"2455    35000000
Name: Market_value_eur, dtype: int64"
ENG-Premier League,2324,Crystal Palace,Chris Richards,USA,"DF,MF",23,2000,26,23,2094,23.3,1,1,2,1,0,0,3,0,0.04,0.04,0.09,0.04,0.09,"2632    12000000
Name: Market_value_eur, dtype: int64"
ENG-Premier League,2324,Crystal Palace,Daniel Muñoz,COL,"MF,DF",27,1996,16,16,1439,16.0,0,4,4,0,0,0,4,0,0.0,0.25,0.25,0.0,0.25,"3338    25000000
Name: Market_value_eur, dtype: int64"
ENG-Premier League,2324,Crystal Palace,David Ozoh,ENG,MF,18,2005,9,0,156,1.7,0,0,0,0,0,0,1,0,0.0,0.0,0.0,0.0,0.0,"3746    700000
Name: Market_value_eur, dtype: int64"
ENG-Premier League,2324,Crystal Palace,Dean Henderson,ENG,GK,26,1997,18,18,1620,18.0,0,0,0,0,0,0,2,0,0.0,0.0,0.0,0.0,0.0,"3815    15000000
Name: Market_value_eur, dtype: int64"
ENG-Premier League,2324,Crystal Palace,Eberechi Eze,ENG,"MF,FW",25,1998,27,24,2055,22.8,11,4,15,10,1,1,3,0,0.48,0.18,0.66,0.44,0.61,"4182    60000000
Name: Market_value_eur, dtype: int64"
ENG-Premier League,2324,Crystal Palace,James Tomkins,ENG,"DF,MF",34,1989,4,0,10,0.1,0,0,0,0,0,0,0,0,0.0,0.0,0.0,0.0,0.0,"6841    700000
Name: Market_value_eur, dtype: int64"
ENG-Premier League,2324,Crystal Palace,Jean-Philippe Mateta,FRA,FW,26,1997,35,25,2282,25.4,16,5,21,14,2,2,3,0,0.63,0.2,0.83,0.55,0.75,"7193    20000000
Name: Market_value_eur, dtype: int64"
ENG-Premier League,2324,Crystal Palace,Jefferson Lerma,COL,"MF,DF",28,1994,28,27,2400,26.7,1,1,2,1,0,0,8,0,0.04,0.04,0.07,0.04,0.07,"7241    20000000
Name: Market_value_eur, dtype: int64"
ENG-Premier League,2324,Crystal Palace,Joachim Andersen,DEN,DF,27,1996,38,38,3415,37.9,2,3,5,2,0,0,7,0,0.05,0.08,0.13,0.05,0.13,"7373    35000000
Name: Market_value_eur, dtype: int64"
ENG-Premier League,2324,Crystal Palace,Joel Ward,ENG,DF,33,1989,26,23,1980,22.0,0,1,1,0,0,0,4,0,0.0,0.05,0.05,0.0,0.05,"7632    1000000
Name: Market_value_eur, dtype: int64"
ENG-Premier League,2324,Crystal Palace,Jordan Ayew,GHA,"MF,FW",31,1991,35,30,2543,28.3,4,7,11,4,0,0,9,1,0.14,0.25,0.39,0.14,0.39,"7972    4000000
Name: Market_value_eur, dtype: int64"
ENG-Premier League,2324,Crystal Palace,Marc Guéhi,ENG,DF,23,2000,25,23,2021,22.5,0,1,1,0,0,0,2,0,0.0,0.04,0.04,0.0,0.04,"10111    45000000
Name: Market_value_eur, dtype: int64"
ENG-Premier League,2324,Crystal Palace,Nathaniel Clyne,ENG,DF,32,1991,19,14,1338,14.9,0,0,0,0,0,0,0,0,0.0,0.0,0.0,0.0,0.0,"11644    1500000
Name: Market_value_eur, dtype: int64"
ENG-Premier League,2324,Crystal Palace,Remi Matthews,ENG,GK,29,1994,1,0,4,0.0,0,0,0,0,0,0,0,0,0.0,0.0,0.0,0.0,0.0,"12729    500000
Name: Market_value_eur, dtype: int64"
ENG-Premier League,2324,Crystal Palace,Sam Johnstone,ENG,GK,30,1993,20,20,1796,20.0,0,0,0,0,0,0,1,0,0.0,0.0,0.0,0.0,0.0,"13534    10000000
Name: Market_value_eur, dtype: int64"
ENG-Premier League,2324,Crystal Palace,Tyrick Mitchell,ENG,"DF,MF",23,1999,37,37,3204,35.6,2,3,5,2,0,0,6,0,0.06,0.08,0.14,0.06,0.14,"15224    25000000
Name: Market_value_eur, dtype: int64"
ENG-Premier League,2324,Crystal Palace,Will Hughes,ENG,MF,28,1995,30,23,1891,21.0,0,1,1,0,0,0,6,0,0.0,0.05,0.05,0.0,0.05,"15659    9000000
Name: Market_value_eur, dtype: int64"
ENG-Premier League,2324,Everton,Alex Iwobi,NGA,MF,27,1996,2,2,140,1.6,0,0,0,0,0,0,0,0,0.0,0.0,0.0,0.0,0.0,"494    25000000
Name: Market_value_eur, dtype: int64"
ENG-Premier League,2324,Everton,Amadou Onana,BEL,MF,21,2001,30,23,2091,23.2,2,0,2,2,0,0,5,0,0.09,0.0,0.09,0.09,0.09,"780    55000000
Name: Market_value_eur, dtype: int64"
ENG-Premier League,2324,Everton,André Gomes,POR,MF,30,1993,12,3,508,5.6,1,0,1,1,0,0,4,0,0.18,0.0,0.18,0.18,0.18,"910    25000000
Name: Market_value_eur, dtype: int64"
ENG-Premier League,2324,Everton,Ashley Young,ENG,"DF,MF",38,1985,31,27,2280,25.3,0,0,0,0,0,0,7,1,0.0,0.0,0.0,0.0,0.0,"1256    500000
Name: Market_value_eur, dtype: int64"
ENG-Premier League,2324,Everton,Ben Godfrey,ENG,DF,25,1998,15,13,1120,12.4,0,0,0,0,0,0,2,0,0.0,0.0,0.0,0.0,0.0,"1494    1000000
Name: Market_value_eur, dtype: int64"
ENG-Premier League,2324,Everton,Beto,GNB,FW,25,1998,30,9,951,10.6,3,0,3,3,0,1,2,0,0.28,0.0,0.28,0.28,0.28,"1687    20000000
Name: Market_value_eur, dtype: int64"
ENG-Premier League,2324,Everton,Dominic Calvert-Lewin,ENG,FW,26,1997,32,26,2171,24.1,7,2,9,5,2,2,2,0,0.29,0.08,0.37,0.21,0.29,"4085    22000000
Name: Market_value_eur, dtype: int64"
ENG-Premier League,2324,Everton,Dwight McNeil,ENG,MF,23,1999,35,33,2892,32.1,3,6,9,3,0,0,2,0,0.09,0.19,0.28,0.09,0.28,"4148    25000000
Name: Market_value_eur, dtype: int64"
ENG-Premier League,2324,Everton,Idrissa Gueye,SEN,MF,33,1989,25,24,1884,20.9,4,0,4,4,0,0,8,0,0.19,0.0,0.19,0.19,0.19,"6089    3000000
Name: Market_value_eur, dtype: int64"
ENG-Premier League,2324,Everton,Jack Harrison,ENG,MF,26,1996,29,25,2214,24.6,3,3,6,3,0,0,1,0,0.12,0.12,0.24,0.12,0.24,"6317    18000000
Name: Market_value_eur, dtype: int64"
ENG-Premier League,2324,Everton,James Garner,ENG,MF,22,2001,37,34,3004,33.4,1,2,3,1,0,0,7,0,0.03,0.06,0.09,0.03,0.09,"6659    22000000
Name: Market_value_eur, dtype: int64"
ENG-Premier League,2324,Everton,James Tarkowski,ENG,DF,30,1992,38,38,3419,38.0,1,1,2,1,0,0,11,0,0.03,0.03,0.05,0.03,0.05,"6820    13000000
Name: Market_value_eur, dtype: int64"
ENG-Premier League,2324,Everton,Jarrad Branthwaite,ENG,DF,21,2002,35,35,3116,34.6,3,0,3,3,0,0,8,0,0.09,0.0,0.09,0.09,0.09,"6984    42000000
Name: Market_value_eur, dtype: int64"
ENG-Premier League,2324,Everton,Jordan Pickford,ENG,GK,29,1994,38,38,3420,38.0,0,0,0,0,0,0,5,0,0.0,0.0,0.0,0.0,0.0,"8061    22000000
Name: Market_value_eur, dtype: int64"
ENG-Premier League,2324,Everton,Lewis Dobbin,ENG,MF,20,2003,12,1,232,2.6,1,0,1,1,0,0,1,0,0.39,0.0,0.39,0.39,0.39,"9401    2500000
Name: Market_value_eur, dtype: int64"
ENG-Premier League,2324,Everton,Lewis Warrington,ENG,MF,20,2002,1,0,1,0.0,0,0,0,0,0,0,0,0,0.0,0.0,0.0,0.0,0.0,"9396    14000000
Name: Market_value_eur, dtype: int64"
ENG-Premier League,2324,Everton,Michael Keane,ENG,DF,30,1993,9,4,439,4.9,1,0,1,1,0,0,2,0,0.21,0.0,0.21,0.21,0.21,"11118    6000000
Name: Market_value_eur, dtype: int64"
ENG-Premier League,2324,Everton,Nathan Patterson,SCO,DF,21,2001,20,9,1005,11.2,0,2,2,0,0,0,4,0,0.0,0.18,0.18,0.0,0.18,"11596    15000000
Name: Market_value_eur, dtype: int64"
ENG-Premier League,2324,Everton,Séamus Coleman,IRL,DF,34,1988,12,7,665,7.4,0,0,0,0,0,0,0,0,0.0,0.0,0.0,0.0,0.0,"14526    500000
Name: Market_value_eur, dtype: int64"
ENG-Premier League,2324,Everton,Tom Cannon,IRL,FW,20,2002,1,0,1,0.0,0,0,0,0,0,0,0,0,0.0,0.0,0.0,0.0,0.0,"14853    6000000
Name: Market_value_eur, dtype: int64"
ENG-Premier League,2324,Everton,Tyler Onyango,ENG,MF,20,2003,1,0,1,0.0,0,0,0,0,0,0,0,0,0.0,0.0,0.0,0.0,0.0,"15190    500000
Name: Market_value_eur, dtype: int64"
ENG-Premier League,2324,Everton,Vitaliy Mykolenko,UKR,DF,24,1999,28,28,2469,27.4,2,0,2,2,0,0,1,0,0.07,0.0,0.07,0.07,0.07,"15374    28000000
Name: Market_value_eur, dtype: int64"
ENG-Premier League,2324,Everton,Youssef Chermiti,POR,FW,19,2004,18,1,208,2.3,0,0,0,0,0,0,3,0,0.0,0.0,0.0,0.0,0.0,"15886    9000000
Name: Market_value_eur, dtype: int64"
ENG-Premier League,2324,Fulham,Adama Traoré,ESP,MF,27,1996,17,1,377,4.2,2,3,5,2,0,0,2,0,0.48,0.72,1.19,0.48,1.19,"300    10000000
Name: Market_value_eur, dtype: int64"
ENG-Premier League,2324,Fulham,Alex Iwobi,NGA,MF,27,1996,30,25,2192,24.4,5,2,7,5,0,0,2,0,0.21,0.08,0.29,0.21,0.29,"494    25000000
Name: Market_value_eur, dtype: int64"
ENG-Premier League,2324,Fulham,Andreas Pereira,BRA,MF,27,1996,37,34,2613,29.0,3,7,10,3,0,0,6,0,0.1,0.24,0.34,0.1,0.34,"910    25000000
Name: Market_value_eur, dtype: int64"
ENG-Premier League,2324,Fulham,Antonee Robinson,USA,DF,25,1997,37,37,3265,36.3,0,6,6,0,0,0,6,0,0.0,0.17,0.17,0.0,0.17,"1100    28000000
Name: Market_value_eur, dtype: int64"
ENG-Premier League,2324,Fulham,Armando Broja,ALB,FW,21,2001,8,0,88,1.0,0,1,1,0,0,0,0,0,0.0,1.02,1.02,0.0,1.02,"1156    22000000
Name: Market_value_eur, dtype: int64"
ENG-Premier League,2324,Fulham,Bernd Leno,GER,GK,31,1992,38,38,3420,38.0,0,0,0,0,0,0,3,0,0.0,0.0,0.0,0.0,0.0,"1666    13000000
Name: Market_value_eur, dtype: int64"
ENG-Premier League,2324,Fulham,Bobby De Cordova-Reid,JAM,"MF,FW",30,1993,33,17,1423,15.8,6,2,8,6,0,0,4,0,0.38,0.13,0.51,0.38,0.51,"1751    5000000
Name: Market_value_eur, dtype: int64"
ENG-Premier League,2324,Fulham,Calvin Bassey,NGA,DF,23,1999,29,25,2303,25.6,1,0,1,1,0,0,6,1,0.04,0.0,0.04,0.04,0.04,"2187    16000000
Name: Market_value_eur, dtype: int64"
ENG-Premier League,2324,Fulham,Harrison Reed,ENG,MF,28,1995,27,15,1325,14.7,0,2,2,0,0,0,6,0,0.0,0.14,0.14,0.0,0.14,"5779    15000000
Name: Market_value_eur, dtype: int64"
ENG-Premier League,2324,Fulham,Harry Wilson,WAL,"MF,FW",26,1997,35,16,1620,18.0,4,6,10,4,0,0,6,0,0.22,0.33,0.56,0.22,0.56,"5853    17000000
Name: Market_value_eur, dtype: int64"
ENG-Premier League,2324,Fulham,Issa Diop,MAR,DF,26,1997,18,16,1424,15.8,0,0,0,0,0,0,4,1,0.0,0.0,0.0,0.0,0.0,"6205    20000000
Name: Market_value_eur, dtype: int64"
ENG-Premier League,2324,Fulham,João Palhinha,POR,MF,28,1995,33,31,2699,30.0,4,1,5,4,0,0,13,0,0.13,0.03,0.17,0.13,0.17,"8364    55000000
Name: Market_value_eur, dtype: int64"
ENG-Premier League,2324,Fulham,Kenny Tete,NED,DF,27,1995,14,10,867,9.6,1,0,1,1,0,0,2,0,0.1,0.0,0.1,0.1,0.1,"8746    15000000
Name: Market_value_eur, dtype: int64"
ENG-Premier League,2324,Fulham,Luke Harris,WAL,MF,18,2005,1,0,75,0.8,0,0,0,0,0,0,0,0,0.0,0.0,0.0,0.0,0.0,"9882    1000000
Name: Market_value_eur, dtype: int64"
ENG-Premier League,2324,Fulham,Raúl Jiménez,MEX,FW,32,1991,24,18,1395,15.5,7,0,7,7,0,0,3,1,0.45,0.0,0.45,0.45,0.45,"12654    5000000
Name: Market_value_eur, dtype: int64"
ENG-Premier League,2324,Fulham,Rodrigo Muniz,BRA,FW,22,2001,26,18,1593,17.7,9,1,10,9,0,0,1,0,0.51,0.06,0.56,0.51,0.56,"13060    20000000
Name: Market_value_eur, dtype: int64"
ENG-Premier League,2324,Fulham,Saša Lukić,SRB,MF,26,1996,24,13,1122,12.5,1,0,1,1,0,0,3,0,0.08,0.0,0.08,0.08,0.08,"13679    10000000
Name: Market_value_eur, dtype: int64"
ENG-Premier League,2324,Fulham,Tim Ream,USA,DF,35,1987,18,17,1503,16.7,1,0,1,1,0,0,4,1,0.06,0.0,0.06,0.06,0.06,"14749    10000000
Name: Market_value_eur, dtype: int64"
ENG-Premier League,2324,Fulham,Timothy Castagne,BEL,DF,27,1995,34,29,2634,29.3,1,3,4,1,0,0,3,0,0.03,0.1,0.14,0.03,0.14,"14794    17000000
Name: Market_value_eur, dtype: int64"
ENG-Premier League,2324,Fulham,Tom Cairney,SCO,MF,32,1991,34,14,1488,16.5,1,4,5,1,0,0,3,0,0.06,0.24,0.3,0.06,0.3,"14849    2000000
Name: Market_value_eur, dtype: int64"
ENG-Premier League,2324,Fulham,Tosin Adarabioyo,ENG,DF,25,1997,20,18,1617,18.0,2,0,2,2,0,0,2,0,0.11,0.0,0.11,0.11,0.11,"15121    20000000
Name: Market_value_eur, dtype: int64"
ENG-Premier League,2324,Liverpool,Alexis Mac Allister,ARG,MF,24,1998,33,31,2599,28.9,5,5,10,4,1,1,7,1,0.17,0.17,0.35,0.14,0.31,"624    80000000
Name: Market_value_eur, dtype: int64"
ENG-Premier League,2324,Liverpool,Alisson,BRA,GK,30,1992,28,28,2520,28.0,0,0,0,0,0,0,1,0,0.0,0.0,0.0,0.0,0.0,"710    28000000
Name: Market_value_eur, dtype: int64"
ENG-Premier League,2324,Liverpool,Andy Robertson,SCO,DF,29,1994,23,18,1693,18.8,3,2,5,3,0,0,2,0,0.16,0.11,0.27,0.16,0.27,"871    30000000
Name: Market_value_eur, dtype: int64"
ENG-Premier League,2324,Liverpool,Ben Gannon-Doak,SCO,MF,17,2005,1,0,14,0.2,0,0,0,0,0,0,0,0,0.0,0.0,0.0,0.0,0.0,"1435    10000000
Name: Market_value_eur, dtype: int64"
ENG-Premier League,2324,Liverpool,Bobby Clark,ENG,MF,18,2005,5,1,89,1.0,0,0,0,0,0,0,0,0,0.0,0.0,0.0,0.0,0.0,"1751    5000000
Name: Market_value_eur, dtype: int64"
ENG-Premier League,2324,Liverpool,Caoimhín Kelleher,IRL,GK,24,1998,10,10,900,10.0,0,0,0,0,0,0,0,0,0.0,0.0,0.0,0.0,0.0,"2243    22000000
Name: Market_value_eur, dtype: int64"
ENG-Premier League,2324,Liverpool,Cody Gakpo,NED,"FW,MF",24,1999,35,17,1649,18.3,8,5,13,8,0,0,1,0,0.44,0.27,0.71,0.44,0.71,"2812    60000000
Name: Market_value_eur, dtype: int64"
ENG-Premier League,2324,Liverpool,Conor Bradley,NIR,DF,20,2003,11,10,753,8.4,1,3,4,1,0,0,2,0,0.12,0.36,0.48,0.12,0.48,"2880    20000000
Name: Market_value_eur, dtype: int64"
ENG-Premier League,2324,Liverpool,Curtis Jones,ENG,MF,22,2001,23,14,1167,13.0,1,1,2,1,0,0,3,1,0.08,0.08,0.15,0.08,0.15,"3112    45000000
Name: Market_value_eur, dtype: int64"
ENG-Premier League,2324,Liverpool,Dominik Szoboszlai,HUN,MF,22,2000,33,25,2104,23.4,3,2,5,3,0,0,1,0,0.13,0.09,0.21,0.13,0.21,"4117    75000000
Name: Market_value_eur, dtype: int64"
ENG-Premier League,2324,Liverpool,Harvey Elliott,ENG,"MF,FW",20,2003,34,11,1352,15.0,3,6,9,3,0,0,2,0,0.2,0.4,0.6,0.2,0.6,"5887    35000000
Name: Market_value_eur, dtype: int64"
ENG-Premier League,2324,Liverpool,Ibrahima Konaté,FRA,DF,24,1999,22,17,1574,17.5,0,0,0,0,0,0,5,1,0.0,0.0,0.0,0.0,0.0,"6072    50000000
Name: Market_value_eur, dtype: int64"
ENG-Premier League,2324,Liverpool,James McConnell,ENG,MF,18,2004,3,0,4,0.0,0,0,0,0,0,0,0,0,0.0,0.0,0.0,0.0,0.0,"6739    800000
Name: Market_value_eur, dtype: int64"
ENG-Premier League,2324,Liverpool,Jayden Danns,ENG,FW,17,2006,2,0,9,0.1,0,0,0,0,0,0,1,0,0.0,0.0,0.0,0.0,0.0,"7132    1000000
Name: Market_value_eur, dtype: int64"
ENG-Premier League,2324,Liverpool,Joe Gomez,ENG,DF,26,1997,32,17,1786,19.8,0,1,1,0,0,0,5,0,0.0,0.05,0.05,0.0,0.05,"7463    28000000
Name: Market_value_eur, dtype: int64"
ENG-Premier League,2324,Liverpool,Joël Matip,CMR,DF,31,1991,10,9,781,8.7,0,0,0,0,0,0,2,0,0.0,0.0,0.0,0.0,0.0,"7614    8000000
Name: Market_value_eur, dtype: int64"
ENG-Premier League,2324,Liverpool,Luis Díaz,COL,FW,26,1997,37,32,2629,29.2,8,5,13,8,0,0,3,0,0.27,0.17,0.45,0.27,0.45,"1388    8000000
Name: Market_value_eur, dtype: int64"
ENG-Premier League,2324,Liverpool,Mohamed Salah,EGY,FW,31,1992,32,28,2534,28.2,18,10,28,13,5,7,2,0,0.64,0.36,0.99,0.46,0.82,"11382    55000000
Name: Market_value_eur, dtype: int64"
ENG-Premier League,2324,Liverpool,Owen Beck,WAL,"DF,MF",20,2002,1,0,8,0.1,0,0,0,0,0,0,0,0,0.0,0.0,0.0,0.0,0.0,"12092    1250000
Name: Market_value_eur, dtype: int64"
ENG-Premier League,2324,Liverpool,Ryan Gravenberch,NED,MF,21,2002,26,12,1121,12.5,1,0,1,1,0,0,0,0,0.08,0.0,0.08,0.08,0.08,"13314    55000000
Name: Market_value_eur, dtype: int64"
ENG-Premier League,2324,Liverpool,Stefan Bajcetic,ESP,MF,18,2004,1,0,26,0.3,0,0,0,0,0,0,0,0,0.0,0.0,0.0,0.0,0.0,"14177    11000000
Name: Market_value_eur, dtype: int64"
ENG-Premier League,2324,Liverpool,Thiago Alcántara,ESP,MF,32,1991,1,0,6,0.1,0,0,0,0,0,0,0,0,0.0,0.0,0.0,0.0,0.0,"14663    10000000
Name: Market_value_eur, dtype: int64"
ENG-Premier League,2324,Liverpool,Trent Alexander-Arnold,ENG,DF,24,1998,28,25,2155,23.9,3,4,7,3,0,0,6,0,0.13,0.17,0.29,0.13,0.29,"583    75000000
Name: Market_value_eur, dtype: int64"
ENG-Premier League,2324,Liverpool,Virgil van Dijk,NED,DF,32,1991,36,36,3177,35.3,2,2,4,2,0,0,3,1,0.06,0.06,0.11,0.06,0.11,"15365    30000000
Name: Market_value_eur, dtype: int64"
ENG-Premier League,2324,Liverpool,Wataru Endo,JPN,MF,30,1993,29,20,1722,19.1,1,0,1,1,0,0,10,0,0.05,0.0,0.05,0.05,0.05,"15447    13000000
Name: Market_value_eur, dtype: int64"
ENG-Premier League,2324,Luton Town,Alfie Doughty,ENG,"MF,DF",23,1999,37,34,2925,32.5,2,8,10,2,0,0,5,0,0.06,0.25,0.31,0.06,0.31,"633    10000000
Name: Market_value_eur, dtype: int64"
ENG-Premier League,2324,Luton Town,Andros Townsend,ENG,"MF,FW",32,1991,27,14,1210,13.4,1,3,4,1,0,0,1,0,0.07,0.22,0.3,0.07,0.3,"910    25000000
Name: Market_value_eur, dtype: int64"
ENG-Premier League,2324,Luton Town,Carlton Morris,ENG,"FW,MF",27,1995,38,32,2862,31.8,11,4,15,6,5,5,4,0,0.35,0.13,0.47,0.19,0.31,"2331    13000000
Name: Market_value_eur, dtype: int64"
ENG-Premier League,2324,Luton Town,Cauley Woodrow,ENG,FW,28,1994,24,2,427,4.7,1,1,2,1,0,0,2,0,0.21,0.21,0.42,0.21,0.42,"2359    1000000
Name: Market_value_eur, dtype: int64"
ENG-Premier League,2324,Luton Town,Chiedozie Ogbene,IRL,MF,26,1997,30,20,1995,22.2,4,1,5,4,0,0,1,0,0.18,0.05,0.23,0.18,0.23,"2503    8000000
Name: Market_value_eur, dtype: int64"
ENG-Premier League,2324,Luton Town,Elijah Adebayo,ENG,FW,25,1998,27,16,1419,15.8,10,0,10,10,0,0,1,0,0.63,0.0,0.63,0.63,0.63,"4292    12000000
Name: Market_value_eur, dtype: int64"
ENG-Premier League,2324,Luton Town,Fred Onyedinma,ENG,MF,26,1996,8,4,407,4.5,0,0,0,0,0,0,1,0,0.0,0.0,0.0,0.0,0.0,"5007    500000
Name: Market_value_eur, dtype: int64"
ENG-Premier League,2324,Luton Town,Gabriel Osho,NGA,DF,24,1998,21,21,1846,20.5,2,0,2,2,0,0,3,0,0.1,0.0,0.1,0.1,0.1,"5048    75000000
Name: Market_value_eur, dtype: int64"
ENG-Premier League,2324,Luton Town,Issa Kaboré,BFA,"MF,DF",22,2001,24,21,1729,19.2,0,2,2,0,0,0,7,0,0.0,0.1,0.1,0.0,0.1,"6213    10000000
Name: Market_value_eur, dtype: int64"
ENG-Premier League,2324,Luton Town,Jacob Brown,SCO,"MF,FW",25,1998,19,12,1019,11.3,2,0,2,2,0,0,4,0,0.18,0.0,0.18,0.18,0.18,"6426    4000000
Name: Market_value_eur, dtype: int64"
ENG-Premier League,2324,Luton Town,James Shea,ENG,GK,32,1991,1,0,15,0.2,0,0,0,0,0,0,0,0,0.0,0.0,0.0,0.0,0.0,"6807    200000
Name: Market_value_eur, dtype: int64"
ENG-Premier League,2324,Luton Town,Jordan Clark,ENG,MF,29,1993,23,14,1304,14.5,1,1,2,1,0,0,4,0,0.07,0.07,0.14,0.07,0.14,"8004    1000000
Name: Market_value_eur, dtype: int64"
ENG-Premier League,2324,Luton Town,Luke Berry,ENG,MF,31,1992,17,2,323,3.6,2,1,3,2,0,0,1,0,0.56,0.28,0.84,0.56,0.84,"9834    400000
Name: Market_value_eur, dtype: int64"
ENG-Premier League,2324,Luton Town,Mads Juel Andersen,DEN,DF,25,1997,8,4,400,4.4,1,0,1,1,0,0,1,0,0.23,0.0,0.23,0.23,0.23,"9984    3000000
Name: Market_value_eur, dtype: int64"
ENG-Premier League,2324,Luton Town,Marvelous Nakamba,ZIM,MF,29,1994,13,13,1130,12.6,0,0,0,0,0,0,5,0,0.0,0.0,0.0,0.0,0.0,"10553    5000000
Name: Market_value_eur, dtype: int64"
ENG-Premier League,2324,Luton Town,Pelly Ruddock Mpanzu,COD,MF,30,1993,27,11,1101,12.2,0,0,0,0,0,0,1,0,0.0,0.0,0.0,0.0,0.0,"12356    1500000
Name: Market_value_eur, dtype: int64"
ENG-Premier League,2324,Luton Town,Reece Burke,ENG,DF,26,1996,22,20,1660,18.4,0,4,4,0,0,0,5,0,0.0,0.22,0.22,0.0,0.22,"12666    1800000
Name: Market_value_eur, dtype: int64"
ENG-Premier League,2324,Luton Town,Ross Barkley,ENG,MF,29,1993,32,30,2618,29.1,5,4,9,5,0,0,6,0,0.17,0.14,0.31,0.17,0.31,"13184    8000000
Name: Market_value_eur, dtype: int64"
ENG-Premier League,2324,Luton Town,Ryan Giles,ENG,"MF,DF",23,2000,11,5,503,5.6,0,0,0,0,0,0,0,0,0.0,0.0,0.0,0.0,0.0,"13307    4500000
Name: Market_value_eur, dtype: int64"
ENG-Premier League,2324,Luton Town,Tahith Chong,CUW,"MF,FW",23,1999,33,20,1982,22.0,4,0,4,4,0,0,4,0,0.18,0.0,0.18,0.18,0.18,"14549    6000000
Name: Market_value_eur, dtype: int64"
ENG-Premier League,2324,Luton Town,Teden Mengi,ENG,DF,21,2002,30,28,2469,27.4,1,0,1,1,0,0,3,0,0.04,0.0,0.04,0.04,0.04,"14614    12000000
Name: Market_value_eur, dtype: int64"
ENG-Premier League,2324,Luton Town,Thomas Kaminski,BEL,GK,30,1992,38,38,3405,37.8,0,0,0,0,0,0,3,0,0.0,0.0,0.0,0.0,0.0,"14707    3000000
Name: Market_value_eur, dtype: int64"
ENG-Premier League,2324,Luton Town,Tom Lockyer,WAL,DF,28,1994,14,14,1169,13.0,1,1,2,1,0,0,4,0,0.08,0.08,0.15,0.08,0.15,"14968    2500000
Name: Market_value_eur, dtype: int64"
ENG-Premier League,2324,Manchester City,Bernardo Silva,POR,MF,28,1994,33,29,2578,28.6,6,9,15,6,0,0,8,0,0.21,0.31,0.52,0.21,0.52,"1649    70000000
Name: Market_value_eur, dtype: int64"
ENG-Premier League,2324,Manchester City,Cole Palmer,ENG,"FW,MF",21,2002,1,0,11,0.1,0,0,0,0,0,0,0,0,0.0,0.0,0.0,0.0,0.0,"2822    130000000
Name: Market_value_eur, dtype: int64"
ENG-Premier League,2324,Manchester City,Ederson Moraes,BRA,GK,29,1993,33,33,2785,30.9,0,0,0,0,0,0,5,0,0.0,0.0,0.0,0.0,0.0,"4209    35000000
Name: Market_value_eur, dtype: int64"
ENG-Premier League,2324,Manchester City,Erling Haaland,NOR,"FW,MF",23,2000,31,29,2552,28.4,27,5,32,20,7,8,1,0,0.95,0.18,1.13,0.71,0.88,"4573    200000000
Name: Market_value_eur, dtype: int64"
ENG-Premier League,2324,Manchester City,Jack Grealish,ENG,"MF,FW",27,1995,20,10,1009,11.2,3,1,4,3,0,0,6,0,0.27,0.09,0.36,0.27,0.36,"6299    65000000
Name: Market_value_eur, dtype: int64"
ENG-Premier League,2324,Manchester City,James Mcatee,ENG,MF,20,2002,1,0,1,0.0,0,0,0,0,0,0,0,0,0.0,0.0,0.0,0.0,0.0,"6722    14000000
Name: Market_value_eur, dtype: int64"
ENG-Premier League,2324,Manchester City,Jeremy Doku,BEL,"MF,FW",21,2002,29,18,1595,17.7,3,8,11,3,0,0,3,0,0.17,0.45,0.62,0.17,0.62,"8525    65000000
Name: Market_value_eur, dtype: int64"
ENG-Premier League,2324,Manchester City,John Stones,ENG,DF,29,1994,16,12,1064,11.8,1,0,1,1,0,0,2,0,0.08,0.0,0.08,0.08,0.08,"7786    38000000
Name: Market_value_eur, dtype: int64"
ENG-Premier League,2324,Manchester City,Joško Gvardiol,CRO,DF,21,2002,28,26,2328,25.9,4,1,5,4,0,0,3,0,0.15,0.04,0.19,0.15,0.19,"8298    75000000
Name: Market_value_eur, dtype: int64"
ENG-Premier League,2324,Manchester City,Kalvin Phillips,ENG,"DF,MF",27,1995,4,0,93,1.0,0,0,0,0,0,0,0,0,0.0,0.0,0.0,0.0,0.0,"8598    25000000
Name: Market_value_eur, dtype: int64"
ENG-Premier League,2324,Manchester City,Kyle Walker,ENG,"DF,MF",33,1990,32,30,2767,30.7,0,4,4,0,0,0,2,0,0.0,0.13,0.13,0.0,0.13,"9106    13000000
Name: Market_value_eur, dtype: int64"
ENG-Premier League,2324,Manchester City,Manuel Akanji,SUI,"DF,MF",28,1995,30,28,2511,27.9,2,0,2,2,0,0,4,1,0.07,0.0,0.07,0.07,0.07,"10065    45000000
Name: Market_value_eur, dtype: int64"
ENG-Premier League,2324,Manchester City,Mateo Kovačić,CRO,MF,29,1994,30,16,1551,17.2,1,0,1,1,0,0,4,0,0.06,0.0,0.06,0.06,0.06,"10600    30000000
Name: Market_value_eur, dtype: int64"
ENG-Premier League,2324,Manchester City,Matheus Nunes,POR,"MF,FW",24,1998,17,7,661,7.3,0,2,2,0,0,0,0,0,0.0,0.27,0.27,0.0,0.27,"10629    50000000
Name: Market_value_eur, dtype: int64"
ENG-Premier League,2324,Manchester City,Nathan Aké,NED,DF,28,1995,29,24,2042,22.7,2,2,4,2,0,0,0,0,0.09,0.09,0.18,0.09,0.18,"11520    40000000
Name: Market_value_eur, dtype: int64"
ENG-Premier League,2324,Manchester City,Oscar Bobb,NOR,MF,20,2003,14,2,302,3.4,1,1,2,1,0,0,0,0,0.3,0.3,0.6,0.3,0.6,"12065    25000000
Name: Market_value_eur, dtype: int64"
ENG-Premier League,2324,Manchester City,Phil Foden,ENG,MF,23,2000,35,33,2857,31.7,19,8,27,19,0,0,2,0,0.6,0.25,0.85,0.6,0.85,"12464    150000000
Name: Market_value_eur, dtype: int64"
ENG-Premier League,2324,Manchester City,Rico Lewis,ENG,"DF,MF",18,2004,16,8,809,9.0,2,0,2,2,0,0,1,0,0.22,0.0,0.22,0.22,0.22,"12894    40000000
Name: Market_value_eur, dtype: int64"
ENG-Premier League,2324,Manchester City,Rodri,ESP,"MF,DF",27,1996,34,34,2931,32.6,8,9,17,8,0,0,8,1,0.25,0.28,0.52,0.25,0.52,"13022    130000000
Name: Market_value_eur, dtype: int64"
ENG-Premier League,2324,Manchester City,Rúben Dias,POR,"DF,MF",26,1997,30,28,2559,28.4,0,0,0,0,0,0,0,0,0.0,0.0,0.0,0.0,0.0,"13456    80000000
Name: Market_value_eur, dtype: int64"
ENG-Premier League,2324,Manchester City,Stefan Ortega,GER,GK,30,1992,9,5,635,7.1,0,0,0,0,0,0,0,0,0.0,0.0,0.0,0.0,0.0,"14211    9000000
Name: Market_value_eur, dtype: int64"
ENG-Premier League,2324,Manchester Utd,Aaron Wan-Bissaka,COD,DF,25,1997,22,20,1780,19.8,0,2,2,0,0,0,4,0,0.0,0.1,0.1,0.0,0.1,"81    22000000
Name: Market_value_eur, dtype: int64"
ENG-Premier League,2324,Manchester Utd,Alejandro Garnacho,ARG,MF,19,2004,36,30,2565,28.5,7,4,11,7,0,0,4,0,0.25,0.14,0.39,0.25,0.39,"452    50000000
Name: Market_value_eur, dtype: int64"
ENG-Premier League,2324,Manchester Utd,Amad Diallo,CIV,MF,21,2002,9,3,390,4.3,1,1,2,1,0,0,1,0,0.23,0.23,0.46,0.23,0.46,"772    25000000
Name: Market_value_eur, dtype: int64"
ENG-Premier League,2324,Manchester Utd,André Onana,CMR,GK,27,1996,38,38,3420,38.0,0,0,0,0,0,0,5,0,0.0,0.0,0.0,0.0,0.0,"910    25000000
Name: Market_value_eur, dtype: int64"
ENG-Premier League,2324,Manchester Utd,Bruno Fernandes,POR,MF,28,1994,35,35,3118,34.6,10,8,18,6,4,5,9,0,0.29,0.23,0.52,0.17,0.4,"2006    70000000
Name: Market_value_eur, dtype: int64"
ENG-Premier League,2324,Manchester Utd,Casemiro,BRA,"MF,DF",31,1992,25,24,1982,22.0,1,2,3,1,0,0,7,0,0.05,0.09,0.14,0.05,0.14,"2346    20000000
Name: Market_value_eur, dtype: int64"
ENG-Premier League,2324,Manchester Utd,Diogo Dalot,POR,DF,24,1999,36,35,3174,35.3,2,3,5,2,0,0,6,1,0.06,0.09,0.14,0.06,0.14,"4014    40000000
Name: Market_value_eur, dtype: int64"
ENG-Premier League,2324,Manchester Utd,Hannibal Mejbri,TUN,MF,20,2003,5,1,133,1.5,1,0,1,1,0,0,1,0,0.68,0.0,0.68,0.68,0.68,"5753    9000000
Name: Market_value_eur, dtype: int64"
ENG-Premier League,2324,Manchester Utd,Harry Maguire,ENG,DF,30,1993,22,18,1653,18.4,2,2,4,2,0,0,4,0,0.11,0.11,0.22,0.11,0.22,"5836    18000000
Name: Market_value_eur, dtype: int64"
ENG-Premier League,2324,Manchester Utd,Jadon Sancho,ENG,"FW,MF",23,2000,3,0,79,0.9,0,0,0,0,0,0,0,0,0.0,0.0,0.0,0.0,0.0,"6478    30000000
Name: Market_value_eur, dtype: int64"
ENG-Premier League,2324,Manchester Utd,Jonny Evans,NIR,DF,35,1988,23,15,1392,15.5,0,1,1,0,0,0,2,0,0.0,0.06,0.06,0.0,0.06,"7955    2000000
Name: Market_value_eur, dtype: int64"
ENG-Premier League,2324,Manchester Utd,Kobbie Mainoo,ENG,MF,18,2005,24,24,1924,21.4,3,1,4,3,0,0,3,0,0.14,0.05,0.19,0.14,0.19,"8950    55000000
Name: Market_value_eur, dtype: int64"
ENG-Premier League,2324,Manchester Utd,Lisandro Martínez,ARG,DF,25,1998,11,8,646,7.2,0,1,1,0,0,0,3,0,0.0,0.14,0.14,0.0,0.14,"9603    50000000
Name: Market_value_eur, dtype: int64"
ENG-Premier League,2324,Manchester Utd,Luke Shaw,ENG,DF,28,1995,12,12,959,10.7,0,0,0,0,0,0,6,0,0.0,0.0,0.0,0.0,0.0,"9916    35000000
Name: Market_value_eur, dtype: int64"
ENG-Premier League,2324,Manchester Utd,Mason Mount,ENG,MF,24,1999,14,5,516,5.7,1,0,1,1,0,0,2,0,0.17,0.0,0.17,0.17,0.17,"10567    40000000
Name: Market_value_eur, dtype: int64"
ENG-Premier League,2324,Manchester Utd,Scott McTominay,SCO,"MF,FW",26,1996,32,18,1901,21.1,7,1,8,7,0,0,2,0,0.33,0.05,0.38,0.33,0.38,"550    20000000
Name: Market_value_eur, dtype: int64"
ENG-Premier League,2324,Manchester Utd,Victor Lindelöf,SWE,DF,29,1994,19,14,1328,14.8,1,1,2,1,0,0,2,0,0.07,0.07,0.14,0.07,0.14,"15317    15000000
Name: Market_value_eur, dtype: int64"
ENG-Premier League,2324,Newcastle,Alex Murphy,IRL,DF,19,2004,2,0,13,0.1,0,0,0,0,0,0,0,0,0.0,0.0,0.0,0.0,0.0,"517    250000
Name: Market_value_eur, dtype: int64"
ENG-Premier League,2324,Newcastle,Alexander Isak,SWE,FW,23,1999,30,27,2255,25.1,21,2,23,16,5,6,1,0,0.84,0.08,0.92,0.64,0.72,"583    75000000
Name: Market_value_eur, dtype: int64"
ENG-Premier League,2324,Newcastle,Amadou Diallo,ENG,FW,20,2003,1,0,1,0.0,0,0,0,0,0,0,0,0,0.0,0.0,0.0,0.0,0.0,"772    25000000
Name: Market_value_eur, dtype: int64"
ENG-Premier League,2324,Newcastle,Anthony Gordon,ENG,FW,22,2001,35,34,2890,32.1,11,10,21,10,1,1,12,1,0.34,0.31,0.65,0.31,0.62,"1040    60000000
Name: Market_value_eur, dtype: int64"
ENG-Premier League,2324,Newcastle,Ben Parkinson,ENG,FW,18,2005,1,0,25,0.3,0,0,0,0,0,0,0,0,0.0,0.0,0.0,0.0,0.0,"1494    1000000
Name: Market_value_eur, dtype: int64"
ENG-Premier League,2324,Newcastle,Bruno Guimarães,BRA,MF,25,1997,37,37,3263,36.3,7,8,15,7,0,0,9,0,0.19,0.22,0.41,0.19,0.41,"2016    85000000
Name: Market_value_eur, dtype: int64"
ENG-Premier League,2324,Newcastle,Callum Wilson,ENG,FW,31,1992,20,9,991,11.0,9,1,10,7,2,2,3,0,0.82,0.09,0.91,0.64,0.73,"2167    13000000
Name: Market_value_eur, dtype: int64"
ENG-Premier League,2324,Newcastle,Dan Burn,ENG,DF,31,1992,33,32,2726,30.3,2,2,4,2,0,0,4,0,0.07,0.07,0.13,0.07,0.13,"3212    8000000
Name: Market_value_eur, dtype: int64"
ENG-Premier League,2324,Newcastle,Elliot Anderson,ENG,"MF,FW",20,2002,21,10,1027,11.4,0,2,2,0,0,0,3,0,0.0,0.18,0.18,0.0,0.18,"4309    24000000
Name: Market_value_eur, dtype: int64"
ENG-Premier League,2324,Newcastle,Emil Krafth,SWE,DF,28,1994,17,8,913,10.1,0,0,0,0,0,0,2,0,0.0,0.0,0.0,0.0,0.0,"4398    2500000
Name: Market_value_eur, dtype: int64"
ENG-Premier League,2324,Newcastle,Fabian Schär,SUI,DF,31,1991,36,35,3054,33.9,4,1,5,4,0,0,5,0,0.12,0.03,0.15,0.12,0.15,"4710    10000000
Name: Market_value_eur, dtype: int64"
ENG-Premier League,2324,Newcastle,Harvey Barnes,ENG,"FW,MF",25,1997,21,7,802,8.9,5,3,8,5,0,0,2,0,0.56,0.34,0.9,0.56,0.9,"5873    35000000
Name: Market_value_eur, dtype: int64"
ENG-Premier League,2324,Newcastle,Jacob Murphy,ENG,"FW,MF",28,1995,21,14,1189,13.2,3,7,10,3,0,0,1,0,0.23,0.53,0.76,0.23,0.76,"6452    15000000
Name: Market_value_eur, dtype: int64"
ENG-Premier League,2324,Newcastle,Jamaal Lascelles,ENG,DF,29,1993,16,13,1080,12.0,1,0,1,1,0,0,4,0,0.08,0.0,0.08,0.08,0.08,"6572    7000000
Name: Market_value_eur, dtype: int64"
ENG-Premier League,2324,Newcastle,Joe White,ENG,MF,20,2002,4,0,13,0.1,0,0,0,0,0,0,1,0,0.0,0.0,0.0,0.0,0.0,"7542    275000
Name: Market_value_eur, dtype: int64"
ENG-Premier League,2324,Newcastle,Joe Willock,ENG,MF,23,1999,9,5,419,4.7,1,0,1,1,0,0,0,0,0.21,0.0,0.21,0.21,0.21,"7561    30000000
Name: Market_value_eur, dtype: int64"
ENG-Premier League,2324,Newcastle,Joelinton,BRA,"MF,FW",26,1996,20,15,1279,14.2,2,1,3,2,0,0,6,0,0.14,0.07,0.21,0.14,0.21,"7643    40000000
Name: Market_value_eur, dtype: int64"
ENG-Premier League,2324,Newcastle,Kieran Trippier,ENG,DF,32,1990,28,26,2236,24.8,1,10,11,1,0,0,5,0,0.04,0.4,0.44,0.04,0.44,"8914    10000000
Name: Market_value_eur, dtype: int64"
ENG-Premier League,2324,Newcastle,Lewis Hall,ENG,DF,18,2004,18,8,781,8.7,1,0,1,1,0,0,2,0,0.12,0.0,0.12,0.12,0.12,"9438    25000000
Name: Market_value_eur, dtype: int64"
ENG-Premier League,2324,Newcastle,Lewis Miley,ENG,MF,17,2006,17,14,1202,13.4,1,3,4,1,0,0,1,0,0.07,0.22,0.3,0.07,0.3,"9446    22000000
Name: Market_value_eur, dtype: int64"
ENG-Premier League,2324,Newcastle,Loris Karius,GER,GK,30,1993,1,1,90,1.0,0,0,0,0,0,0,0,0,0.0,0.0,0.0,0.0,0.0,"9640    1000000
Name: Market_value_eur, dtype: int64"
ENG-Premier League,2324,Newcastle,Martin Dúbravka,SVK,GK,34,1989,23,22,1985,22.1,0,0,0,0,0,0,1,0,0.0,0.0,0.0,0.0,0.0,"10503    1000000
Name: Market_value_eur, dtype: int64"
ENG-Premier League,2324,Newcastle,Matt Ritchie,SCO,"DF,MF",33,1989,13,0,128,1.4,1,0,1,1,0,0,1,0,0.7,0.0,0.7,0.7,0.7,"10746    1000000
Name: Market_value_eur, dtype: int64"
ENG-Premier League,2324,Newcastle,Matt Targett,ENG,DF,27,1995,3,1,78,0.9,0,0,0,0,0,0,1,0,0.0,0.0,0.0,0.0,0.0,"10758    10000000
Name: Market_value_eur, dtype: int64"
ENG-Premier League,2324,Newcastle,Nick Pope,ENG,GK,31,1992,15,15,1345,14.9,0,0,0,0,0,0,1,0,0.0,0.0,0.0,0.0,0.0,"11752    16000000
Name: Market_value_eur, dtype: int64"
ENG-Premier League,2324,Newcastle,Paul Dummett,WAL,DF,31,1991,5,0,20,0.2,0,0,0,0,0,0,0,0,0.0,0.0,0.0,0.0,0.0,"12244    900000
Name: Market_value_eur, dtype: int64"
ENG-Premier League,2324,Newcastle,Sandro Tonali,ITA,MF,23,2000,8,5,438,4.9,1,0,1,1,0,0,2,0,0.21,0.0,0.21,0.21,0.21,"13649    38000000
Name: Market_value_eur, dtype: int64"
ENG-Premier League,2324,Newcastle,Sean Longstaff,ENG,MF,25,1997,35,30,2747,30.5,6,2,8,6,0,0,7,0,0.2,0.07,0.26,0.2,0.26,"13772    25000000
Name: Market_value_eur, dtype: int64"
ENG-Premier League,2324,Newcastle,Sven Botman,NED,DF,23,2000,17,15,1377,15.3,2,2,4,2,0,0,2,0,0.13,0.13,0.26,0.13,0.26,"14482    45000000
Name: Market_value_eur, dtype: int64"
ENG-Premier League,2324,Newcastle,Tino Livramento,ENG,DF,20,2002,26,12,1314,14.6,1,0,1,1,0,0,1,0,0.07,0.0,0.07,0.07,0.07,"14802    35000000
Name: Market_value_eur, dtype: int64"
ENG-Premier League,2324,Nottingham,Andrew Omobamidele,IRL,DF,21,2002,11,8,783,8.7,0,0,0,0,0,0,2,0,0.0,0.0,0.0,0.0,0.0,"910    25000000
Name: Market_value_eur, dtype: int64"
ENG-Premier League,2324,Nottingham,Andrey Santos,BRA,MF,19,2004,1,0,8,0.1,0,0,0,0,0,0,0,0,0.0,0.0,0.0,0.0,0.0,"903    25000000
Name: Market_value_eur, dtype: int64"
ENG-Premier League,2324,Nottingham,Anthony Elanga,SWE,"MF,FW",21,2002,36,25,2433,27.0,5,9,14,5,0,0,1,0,0.18,0.33,0.52,0.18,0.52,"1029    25000000
Name: Market_value_eur, dtype: int64"
ENG-Premier League,2324,Nottingham,Brennan Johnson,WAL,"FW,MF",22,2001,3,3,237,2.6,0,0,0,0,0,0,0,0,0.0,0.0,0.0,0.0,0.0,"1954    50000000
Name: Market_value_eur, dtype: int64"
ENG-Premier League,2324,Nottingham,Callum Hudson-Odoi,ENG,"MF,FW",22,2000,29,20,1854,20.6,8,1,9,8,0,0,0,0,0.39,0.05,0.44,0.39,0.44,"2104    24000000
Name: Market_value_eur, dtype: int64"
ENG-Premier League,2324,Nottingham,Cheikhou Kouyaté,SEN,MF,33,1989,12,2,212,2.4,0,0,0,0,0,0,2,0,0.0,0.0,0.0,0.0,0.0,"2485    1000000
Name: Market_value_eur, dtype: int64"
ENG-Premier League,2324,Nottingham,Chris Wood,NZL,FW,31,1991,31,20,1812,20.1,14,1,15,14,0,0,0,0,0.7,0.05,0.75,0.7,0.75,"2661    7000000
Name: Market_value_eur, dtype: int64"
ENG-Premier League,2324,Nottingham,Divock Origi,BEL,"MF,FW",28,1995,20,6,606,6.7,0,1,1,0,0,0,1,0,0.0,0.15,0.15,0.0,0.15,"4053    5000000
Name: Market_value_eur, dtype: int64"
ENG-Premier League,2324,Nottingham,Felipe,BRA,DF,34,1989,7,4,375,4.2,0,0,0,0,0,0,4,0,0.0,0.0,0.0,0.0,0.0,"4790    1500000
Name: Market_value_eur, dtype: int64"
ENG-Premier League,2324,Nottingham,Ibrahim Sangaré,CIV,MF,25,1997,17,13,1035,11.5,0,0,0,0,0,0,6,0,0.0,0.0,0.0,0.0,0.0,"6057    30000000
Name: Market_value_eur, dtype: int64"
ENG-Premier League,2324,Nottingham,Joe Worrall,ENG,DF,26,1997,7,5,439,4.9,0,0,0,0,0,0,0,1,0.0,0.0,0.0,0.0,0.0,"7572    8500000
Name: Market_value_eur, dtype: int64"
ENG-Premier League,2324,Nottingham,Matz Sels,BEL,GK,31,1992,16,16,1440,16.0,0,0,0,0,0,0,1,0,0.0,0.0,0.0,0.0,0.0,"10905    7000000
Name: Market_value_eur, dtype: int64"
ENG-Premier League,2324,Nottingham,Morgan Gibbs-White,ENG,"MF,FW",23,2000,37,35,3156,35.1,5,10,15,4,1,1,9,0,0.14,0.29,0.43,0.11,0.4,"11416    40000000
Name: Market_value_eur, dtype: int64"
ENG-Premier League,2324,Nottingham,Murillo,BRA,DF,21,2002,32,32,2789,31.0,0,2,2,0,0,0,5,0,0.0,0.06,0.06,0.0,0.06,"11463    50000000
Name: Market_value_eur, dtype: int64"
ENG-Premier League,2324,Nottingham,Neco Williams,WAL,"DF,MF",22,2001,26,18,1637,18.2,0,1,1,0,0,0,4,0,0.0,0.05,0.05,0.0,0.05,"11657    17000000
Name: Market_value_eur, dtype: int64"
ENG-Premier League,2324,Nottingham,Nicolás Domínguez,ARG,MF,25,1998,26,19,1495,16.6,2,2,4,2,0,0,4,0,0.12,0.12,0.24,0.12,0.24,"11839    17000000
Name: Market_value_eur, dtype: int64"
ENG-Premier League,2324,Nottingham,Ola Aina,NGA,"DF,MF",26,1996,22,20,1692,18.8,1,1,2,1,0,0,3,0,0.05,0.05,0.11,0.05,0.11,"11960    14000000
Name: Market_value_eur, dtype: int64"
ENG-Premier League,2324,Nottingham,Rodrigo Ribeiro,POR,FW,18,2005,4,0,17,0.2,0,0,0,0,0,0,0,0,0.0,0.0,0.0,0.0,0.0,"13022    130000000
Name: Market_value_eur, dtype: int64"
ENG-Premier League,2324,Nottingham,Ryan Yates,ENG,MF,25,1997,35,21,1992,22.1,1,1,2,1,0,0,6,0,0.05,0.05,0.09,0.05,0.09,"13421    13000000
Name: Market_value_eur, dtype: int64"
ENG-Premier League,2324,Nottingham,Serge Aurier,CIV,"DF,MF",30,1992,12,10,833,9.3,0,2,2,0,0,0,2,0,0.0,0.22,0.22,0.0,0.22,"13898    6000000
Name: Market_value_eur, dtype: int64"
ENG-Premier League,2324,Nottingham,Taiwo Awoniyi,NGA,FW,25,1997,20,12,1042,11.6,6,3,9,6,0,0,2,0,0.52,0.26,0.78,0.52,0.78,"14559    28000000
Name: Market_value_eur, dtype: int64"
ENG-Premier League,2324,Nottingham,Willy Boly,CIV,DF,32,1991,20,18,1438,16.0,2,1,3,2,0,0,3,1,0.13,0.06,0.19,0.13,0.19,"15721    2500000
Name: Market_value_eur, dtype: int64"
ENG-Premier League,2324,Sheffield United,Andre Brooks,JAM,MF,19,2003,20,12,938,10.4,0,0,0,0,0,0,1,0,0.0,0.0,0.0,0.0,0.0,"828    2500000
Name: Market_value_eur, dtype: int64"
ENG-Premier League,2324,Sheffield United,Anis Ben Slimane,TUN,MF,22,2001,15,4,419,4.7,0,0,0,0,0,0,2,0,0.0,0.0,0.0,0.0,0.0,"1023    2500000
Name: Market_value_eur, dtype: int64"
ENG-Premier League,2324,Sheffield United,Ben Brereton,CHI,"FW,MF",24,1999,14,14,1105,12.3,6,1,7,5,1,1,3,0,0.49,0.08,0.57,0.41,0.49,"1388    8000000
Name: Market_value_eur, dtype: int64"
ENG-Premier League,2324,Sheffield United,Ben Osborn,ENG,MF,28,1994,24,14,1367,15.2,0,2,2,0,0,0,3,0,0.0,0.13,0.13,0.0,0.13,"1508    1000000
Name: Market_value_eur, dtype: int64"
ENG-Premier League,2324,Sheffield United,Cameron Archer,ENG,"FW,MF",22,2001,29,21,1832,20.4,4,1,5,4,0,0,1,0,0.2,0.05,0.25,0.2,0.25,"2199    15000000
Name: Market_value_eur, dtype: int64"
ENG-Premier League,2324,Sheffield United,Chris Basham,ENG,"DF,MF",35,1988,8,3,321,3.6,0,0,0,0,0,0,1,0,0.0,0.0,0.0,0.0,0.0,"2536    300000
Name: Market_value_eur, dtype: int64"
ENG-Premier League,2324,Sheffield United,Gustavo Hamer,NED,MF,26,1997,36,34,2910,32.3,4,6,10,4,0,0,9,0,0.12,0.19,0.31,0.12,0.31,"5720    15000000
Name: Market_value_eur, dtype: int64"
ENG-Premier League,2324,Sheffield United,Jack Robinson,ENG,DF,29,1993,34,31,2885,32.1,1,1,2,1,0,0,10,0,0.03,0.03,0.06,0.03,0.06,"6360    1000000
Name: Market_value_eur, dtype: int64"
ENG-Premier League,2324,Sheffield United,James Mcatee,ENG,"MF,FW",20,2002,30,20,1822,20.2,3,3,6,2,1,1,2,0,0.15,0.15,0.3,0.1,0.25,"6722    14000000
Name: Market_value_eur, dtype: int64"
ENG-Premier League,2324,Sheffield United,Jayden Bogle,ENG,"MF,DF",23,2000,34,32,2788,31.0,3,0,3,3,0,0,9,0,0.1,0.0,0.1,0.1,0.1,"7129    5500000
Name: Market_value_eur, dtype: int64"
ENG-Premier League,2324,Sheffield United,John Egan,IRL,DF,30,1992,6,6,482,5.4,0,0,0,0,0,0,2,0,0.0,0.0,0.0,0.0,0.0,"7706    4000000
Name: Market_value_eur, dtype: int64"
ENG-Premier League,2324,Sheffield United,John Fleck,SCO,MF,31,1991,4,1,92,1.0,0,0,0,0,0,0,1,0,0.0,0.0,0.0,0.0,0.0,"7722    900000
Name: Market_value_eur, dtype: int64"
ENG-Premier League,2324,Sheffield United,Luke Thomas,ENG,"MF,DF",22,2001,12,11,917,10.2,0,0,0,0,0,0,3,0,0.0,0.0,0.0,0.0,0.0,"9925    8000000
Name: Market_value_eur, dtype: int64"
ENG-Premier League,2324,Sheffield United,Max Lowe,ENG,"MF,DF",26,1997,10,4,503,5.6,0,0,0,0,0,0,1,0,0.0,0.0,0.0,0.0,0.0,"10930    2500000
Name: Market_value_eur, dtype: int64"
ENG-Premier League,2324,Sheffield United,Oliver Arblaster,ENG,MF,19,2004,12,11,943,10.5,0,0,0,0,0,0,2,0,0.0,0.0,0.0,0.0,0.0,"11964    450000
Name: Market_value_eur, dtype: int64"
ENG-Premier League,2324,Sheffield United,Oliver Norwood,NIR,MF,32,1991,27,16,1440,16.0,1,0,1,0,1,1,8,0,0.06,0.0,0.06,0.0,0.0,"11982    1000000
Name: Market_value_eur, dtype: int64"
ENG-Premier League,2324,Sheffield United,Rhian Brewster,ENG,FW,23,2000,13,3,346,3.8,0,0,0,0,0,0,0,1,0.0,0.0,0.0,0.0,0.0,"12749    3000000
Name: Market_value_eur, dtype: int64"
ENG-Premier League,2324,Sheffield United,Rhys Norrington-Davies,WAL,DF,24,1999,5,2,110,1.2,0,0,0,0,0,0,1,0,0.0,0.0,0.0,0.0,0.0,"12764    2500000
Name: Market_value_eur, dtype: int64"
ENG-Premier League,2324,Sheffield United,Ryan One,SCO,MF,17,2006,1,0,8,0.1,0,0,0,0,0,0,0,0,0.0,0.0,0.0,0.0,0.0,"13277    12000000
Name: Market_value_eur, dtype: int64"
ENG-Premier League,2324,Sheffield United,Tom Davies,ENG,MF,25,1998,9,2,221,2.5,0,0,0,0,0,0,2,0,0.0,0.0,0.0,0.0,0.0,"14888    5000000
Name: Market_value_eur, dtype: int64"
ENG-Premier League,2324,Sheffield United,Vinicius Souza,BRA,MF,24,1999,36,29,2668,29.6,1,0,1,1,0,0,3,0,0.03,0.0,0.03,0.03,0.03,"14171    2000000
Name: Market_value_eur, dtype: int64"
ENG-Premier League,2324,Sheffield United,Wes Foderingham,ENG,GK,32,1991,30,29,2649,29.4,0,0,0,0,0,0,2,0,0.0,0.0,0.0,0.0,0.0,"15578    900000
Name: Market_value_eur, dtype: int64"
ENG-Premier League,2324,Sheffield United,William Osula,DEN,FW,19,2003,21,9,786,8.7,0,0,0,0,0,0,4,0,0.0,0.0,0.0,0.0,0.0,"15696    7000000
Name: Market_value_eur, dtype: int64"
ENG-Premier League,2324,Tottenham,Ben Davies,WAL,DF,30,1993,17,12,1090,12.1,1,0,1,1,0,0,2,0,0.08,0.0,0.08,0.08,0.08,"1413    12000000
Name: Market_value_eur, dtype: int64"
ENG-Premier League,2324,Tottenham,Brennan Johnson,WAL,"MF,FW",22,2001,32,23,2085,23.2,5,10,15,5,0,0,3,0,0.22,0.43,0.65,0.22,0.65,"1954    50000000
Name: Market_value_eur, dtype: int64"
ENG-Premier League,2324,Tottenham,Cristian Romero,ARG,DF,25,1998,33,33,2790,31.0,5,0,5,5,0,0,7,1,0.16,0.0,0.16,0.16,0.16,"3057    65000000
Name: Market_value_eur, dtype: int64"
ENG-Premier League,2324,Tottenham,Dejan Kulusevski,SWE,"MF,FW",23,2000,36,31,2762,30.7,8,3,11,8,0,0,7,0,0.26,0.1,0.36,0.26,0.36,"3886    60000000
Name: Market_value_eur, dtype: int64"
ENG-Premier League,2324,Tottenham,Destiny Udogie,ITA,DF,20,2002,28,28,2391,26.6,2,3,5,2,0,0,7,1,0.08,0.11,0.19,0.08,0.19,"3914    45000000
Name: Market_value_eur, dtype: int64"
ENG-Premier League,2324,Tottenham,Emerson,BRA,DF,24,1999,22,11,1161,12.9,1,0,1,1,0,0,4,0,0.08,0.0,0.08,0.08,0.08,"4209    35000000
Name: Market_value_eur, dtype: int64"
ENG-Premier League,2324,Tottenham,Guglielmo Vicario,ITA,GK,26,1996,38,38,3420,38.0,0,0,0,0,0,0,2,0,0.0,0.0,0.0,0.0,0.0,"5687    35000000
Name: Market_value_eur, dtype: int64"
ENG-Premier League,2324,Tottenham,James Maddison,ENG,MF,26,1996,28,26,2135,23.7,4,9,13,4,0,0,5,0,0.17,0.38,0.55,0.17,0.55,"6700    70000000
Name: Market_value_eur, dtype: int64"
ENG-Premier League,2324,Tottenham,Micky van de Ven,NED,DF,22,2001,27,27,2339,26.0,3,0,3,3,0,0,5,0,0.12,0.0,0.12,0.12,0.12,"11212    55000000
Name: Market_value_eur, dtype: int64"
ENG-Premier League,2324,Tottenham,Oliver Skipp,ENG,"MF,DF",22,2000,21,5,707,7.9,0,0,0,0,0,0,3,0,0.0,0.0,0.0,0.0,0.0,"11993    18000000
Name: Market_value_eur, dtype: int64"
ENG-Premier League,2324,Tottenham,Pape Matar Sarr,SEN,MF,20,2002,34,27,2069,23.0,3,3,6,3,0,0,9,0,0.13,0.13,0.26,0.13,0.26,"12170    45000000
Name: Market_value_eur, dtype: int64"
ENG-Premier League,2324,Tottenham,Pedro Porro,ESP,DF,23,1999,35,35,3089,34.3,3,7,10,3,0,0,3,0,0.09,0.2,0.29,0.09,0.29,"12347    45000000
Name: Market_value_eur, dtype: int64"
ENG-Premier League,2324,Tottenham,Radu Drăgușin,ROU,DF,21,2002,9,4,429,4.8,0,0,0,0,0,0,1,0,0.0,0.0,0.0,0.0,0.0,"12578    25000000
Name: Market_value_eur, dtype: int64"
ENG-Premier League,2324,Tottenham,Richarlison,BRA,"FW,MF",26,1997,28,18,1491,16.6,11,4,15,11,0,0,3,0,0.66,0.24,0.91,0.66,0.91,"12856    40000000
Name: Market_value_eur, dtype: int64"
ENG-Premier League,2324,Tottenham,Rodrigo Bentancur,URU,MF,26,1997,23,13,1005,11.2,1,1,2,1,0,0,7,0,0.09,0.09,0.18,0.09,0.18,"13048    35000000
Name: Market_value_eur, dtype: int64"
ENG-Premier League,2324,Tottenham,Yves Bissouma,MLI,MF,26,1996,28,26,2068,23.0,0,0,0,0,0,0,10,2,0.0,0.0,0.0,0.0,0.0,"15905    35000000
Name: Market_value_eur, dtype: int64"
ENG-Premier League,2324,West Ham,Aaron Cresswell,ENG,DF,33,1989,11,4,436,4.8,0,0,0,0,0,0,1,0,0.0,0.0,0.0,0.0,0.0,"19    900000
Name: Market_value_eur, dtype: int64"
ENG-Premier League,2324,West Ham,Alphonse Areola,FRA,GK,30,1993,31,31,2699,30.0,0,0,0,0,0,0,1,0,0.0,0.0,0.0,0.0,0.0,"750    10000000
Name: Market_value_eur, dtype: int64"
ENG-Premier League,2324,West Ham,Angelo Ogbonna,ITA,DF,35,1988,11,7,635,7.1,0,0,0,0,0,0,1,0,0.0,0.0,0.0,0.0,0.0,"1006    700000
Name: Market_value_eur, dtype: int64"
ENG-Premier League,2324,West Ham,Ben Johnson,ENG,"MF,DF",23,2000,14,4,544,6.0,0,0,0,0,0,0,1,0,0.0,0.0,0.0,0.0,0.0,"1477    9000000
Name: Market_value_eur, dtype: int64"
ENG-Premier League,2324,West Ham,Danny Ings,ENG,"FW,MF",31,1992,20,3,404,4.5,1,0,1,1,0,0,1,0,0.22,0.0,0.22,0.22,0.22,"3443    8000000
Name: Market_value_eur, dtype: int64"
ENG-Premier League,2324,West Ham,Divin Mubama,ENG,FW,18,2004,5,0,80,0.9,0,0,0,0,0,0,0,0,0.0,0.0,0.0,0.0,0.0,"4040    1000000
Name: Market_value_eur, dtype: int64"
ENG-Premier League,2324,West Ham,Edson Álvarez,MEX,MF,25,1997,31,28,2377,26.4,1,1,2,1,0,0,11,0,0.04,0.04,0.08,0.04,0.08,"4226    35000000
Name: Market_value_eur, dtype: int64"
ENG-Premier League,2324,West Ham,George Earthy,ENG,MF,18,2004,3,0,34,0.4,1,0,1,1,0,0,0,0,2.65,0.0,2.65,2.65,2.65,"5347    1000000
Name: Market_value_eur, dtype: int64"
ENG-Premier League,2324,West Ham,James Ward-Prowse,ENG,MF,28,1994,37,34,3001,33.3,7,7,14,5,2,2,4,0,0.21,0.21,0.42,0.15,0.36,"6874    35000000
Name: Market_value_eur, dtype: int64"
ENG-Premier League,2324,West Ham,Jarrod Bowen,ENG,"MF,FW",26,1996,34,34,3019,33.5,16,6,22,16,0,0,2,0,0.48,0.18,0.66,0.48,0.66,"6994    50000000
Name: Market_value_eur, dtype: int64"
ENG-Premier League,2324,West Ham,Kaelan Casey,ENG,DF,18,2004,1,0,1,0.0,0,0,0,0,0,0,0,0,0.0,0.0,0.0,0.0,0.0,"8560    1000000
Name: Market_value_eur, dtype: int64"
ENG-Premier League,2324,West Ham,Kalvin Phillips,ENG,MF,27,1995,8,3,309,3.4,0,0,0,0,0,0,3,1,0.0,0.0,0.0,0.0,0.0,"8598    25000000
Name: Market_value_eur, dtype: int64"
ENG-Premier League,2324,West Ham,Konstantinos Mavropanos,GRE,DF,25,1997,19,16,1500,16.7,1,0,1,1,0,0,2,0,0.06,0.0,0.06,0.06,0.06,"8969    20000000
Name: Market_value_eur, dtype: int64"
ENG-Premier League,2324,West Ham,Lucas Paquetá,BRA,MF,25,1997,31,31,2622,29.1,4,6,10,2,2,2,10,0,0.14,0.21,0.34,0.07,0.27,"9712    65000000
Name: Market_value_eur, dtype: int64"
ENG-Premier League,2324,West Ham,Mohammed Kudus,GHA,MF,22,2000,33,27,2484,27.6,8,6,14,8,0,0,6,0,0.29,0.22,0.51,0.29,0.51,"11391    50000000
Name: Market_value_eur, dtype: int64"
ENG-Premier League,2324,West Ham,Pablo Fornals,ESP,MF,27,1996,15,4,426,4.7,0,0,0,0,0,0,0,0,0.0,0.0,0.0,0.0,0.0,"12104    400000
Name: Market_value_eur, dtype: int64"
ENG-Premier League,2324,West Ham,Tomáš Souček,CZE,MF,28,1995,37,34,2870,31.9,7,2,9,7,0,0,7,0,0.22,0.06,0.28,0.22,0.28,"15097    30000000
Name: Market_value_eur, dtype: int64"
ENG-Premier League,2324,West Ham,Łukasz Fabiański,POL,GK,38,1985,10,7,721,8.0,0,0,0,0,0,0,0,0,0.0,0.0,0.0,0.0,0.0,"9811    700000
Name: Market_value_eur, dtype: int64"
ENG-Premier League,2324,Wolves,Craig Dawson,ENG,DF,33,1990,25,25,2209,24.5,1,1,2,1,0,0,7,0,0.04,0.04,0.08,0.04,0.08,"3012    2000000
Name: Market_value_eur, dtype: int64"
ENG-Premier League,2324,Wolves,Daniel Bentley,ENG,GK,30,1993,5,3,383,4.3,0,0,0,0,0,0,0,0,0.0,0.0,0.0,0.0,0.0,"3307    2000000
Name: Market_value_eur, dtype: int64"
ENG-Premier League,2324,Wolves,Enso Gonzalez,PAR,FW,18,2005,1,0,1,0.0,0,0,0,0,0,0,0,0,0.0,0.0,0.0,0.0,0.0,"4533    4000000
Name: Market_value_eur, dtype: int64"
ENG-Premier League,2324,Wolves,Hugo Bueno,ESP,"MF,DF",20,2002,22,7,741,8.2,0,0,0,0,0,0,1,0,0.0,0.0,0.0,0.0,0.0,"6017    8000000
Name: Market_value_eur, dtype: int64"
ENG-Premier League,2324,Wolves,Hwang Hee-chan,KOR,"FW,MF",27,1996,29,25,2119,23.5,12,3,15,11,1,1,6,0,0.51,0.13,0.64,0.47,0.59,"5919    25000000
Name: Market_value_eur, dtype: int64"
ENG-Premier League,2324,Wolves,Jean-Ricner Bellegarde,HAI,"MF,FW",25,1998,22,10,958,10.6,2,1,3,2,0,0,0,1,0.19,0.09,0.28,0.19,0.28,"7203    18000000
Name: Market_value_eur, dtype: int64"
ENG-Premier League,2324,Wolves,José Sá,POR,GK,30,1993,35,35,3037,33.7,0,1,1,0,0,0,1,0,0.0,0.03,0.03,0.0,0.03,"8330    14000000
Name: Market_value_eur, dtype: int64"
ENG-Premier League,2324,Wolves,João Gomes,BRA,MF,22,2001,34,32,2649,29.4,2,1,3,2,0,0,11,0,0.07,0.03,0.1,0.07,0.1,"8352    40000000
Name: Market_value_eur, dtype: int64"
ENG-Premier League,2324,Wolves,Leon Chiwome,ENG,FW,17,2006,3,2,174,1.9,0,0,0,0,0,0,0,0,0.0,0.0,0.0,0.0,0.0,"9305    1000000
Name: Market_value_eur, dtype: int64"
ENG-Premier League,2324,Wolves,Matheus Cunha,BRA,"FW,MF",24,1999,32,29,2440,27.1,12,7,19,11,1,1,9,0,0.44,0.26,0.7,0.41,0.66,"10622    50000000
Name: Market_value_eur, dtype: int64"
ENG-Premier League,2324,Wolves,Matheus Nunes,POR,MF,24,1998,2,2,179,2.0,0,0,0,0,0,0,2,1,0.0,0.0,0.0,0.0,0.0,"10629    50000000
Name: Market_value_eur, dtype: int64"
ENG-Premier League,2324,Wolves,Matt Doherty,IRL,"MF,DF",31,1992,30,9,1150,12.8,1,0,1,1,0,0,2,0,0.08,0.0,0.08,0.08,0.08,"10689    3000000
Name: Market_value_eur, dtype: int64"
ENG-Premier League,2324,Wolves,Max Kilman,ENG,DF,26,1997,38,38,3420,38.0,2,0,2,2,0,0,7,0,0.05,0.0,0.05,0.05,0.05,"10977    38000000
Name: Market_value_eur, dtype: int64"
ENG-Premier League,2324,Wolves,Nathan Fraser,IRL,FW,18,2005,7,1,186,2.1,0,0,0,0,0,0,1,0,0.0,0.0,0.0,0.0,0.0,"11583    1000000
Name: Market_value_eur, dtype: int64"
ENG-Premier League,2324,Wolves,Pablo Sarabia,ESP,"MF,FW",31,1992,30,20,1745,19.4,4,7,11,2,2,2,5,0,0.21,0.36,0.57,0.1,0.46,"12137    10000000
Name: Market_value_eur, dtype: int64"
ENG-Premier League,2324,Wolves,Pedro Neto,POR,"MF,FW",23,2000,20,18,1516,16.8,2,9,11,2,0,0,4,0,0.12,0.53,0.65,0.12,0.65,"12338    55000000
Name: Market_value_eur, dtype: int64"
ENG-Premier League,2324,Wolves,Rayan Aït-Nouri,ALG,"MF,DF",22,2001,33,29,2329,25.9,2,1,3,2,0,0,7,0,0.08,0.04,0.12,0.08,0.12,"12628    35000000
Name: Market_value_eur, dtype: int64"
ENG-Premier League,2324,Wolves,Santiago Bueno,URU,DF,24,1998,12,9,822,9.1,0,0,0,0,0,0,1,0,0.0,0.0,0.0,0.0,0.0,"13660    8000000
Name: Market_value_eur, dtype: int64"
ENG-Premier League,2324,Wolves,Tawanda Chirewa,ZIM,FW,19,2003,8,1,145,1.6,0,0,0,0,0,0,1,0,0.0,0.0,0.0,0.0,0.0,"14585    500000
Name: Market_value_eur, dtype: int64"
ENG-Premier League,2324,Wolves,Tommy Doyle,ENG,MF,21,2001,26,11,1222,13.6,0,0,0,0,0,0,2,0,0.0,0.0,0.0,0.0,0.0,"15034    10000000
Name: Market_value_eur, dtype: int64"
ENG-Premier League,2324,Wolves,Toti Gomes,POR,DF,24,1999,35,31,2772,30.8,1,3,4,1,0,0,7,0,0.03,0.1,0.13,0.03,0.13,"15127    20000000
Name: Market_value_eur, dtype: int64"
ENG-Premier League,2425,Arsenal,Ben White,ENG,DF,26,1997,17,13,1198,13.3,0,2,2,0,0,0,2,0,0.0,0.15,0.15,0.0,0.15,"1560    50000000
Name: Market_value_eur, dtype: int64"
ENG-Premier League,2425,Arsenal,Bukayo Saka,ENG,"FW,MF",22,2001,25,20,1729,19.2,6,10,16,5,1,1,3,0,0.31,0.52,0.83,0.26,0.78,"2052    150000000
Name: Market_value_eur, dtype: int64"
ENG-Premier League,2425,Arsenal,David Raya,ESP,GK,28,1995,38,38,3420,38.0,0,0,0,0,0,0,3,0,0.0,0.0,0.0,0.0,0.0,"3759    40000000
Name: Market_value_eur, dtype: int64"
ENG-Premier League,2425,Arsenal,Declan Rice,ENG,MF,25,1999,35,33,2825,31.4,4,7,11,4,0,0,7,1,0.13,0.22,0.35,0.13,0.35,"3867    120000000
Name: Market_value_eur, dtype: int64"
ENG-Premier League,2425,Arsenal,Gabriel Jesus,BRA,FW,27,1997,17,6,608,6.8,3,0,3,3,0,0,4,0,0.44,0.0,0.44,0.44,0.44,"5084    40000000
Name: Market_value_eur, dtype: int64"
ENG-Premier League,2425,Arsenal,Gabriel Magalhães,BRA,DF,26,1997,28,28,2363,26.3,3,1,4,3,0,0,4,0,0.11,0.04,0.15,0.11,0.15,"5049    75000000
Name: Market_value_eur, dtype: int64"
ENG-Premier League,2425,Arsenal,Gabriel Martinelli,BRA,"FW,MF",23,2001,33,25,2290,25.4,8,4,12,8,0,0,1,0,0.31,0.16,0.47,0.31,0.47,"5092    55000000
Name: Market_value_eur, dtype: int64"
ENG-Premier League,2425,Arsenal,Jakub Kiwior,POL,DF,24,2000,17,10,1122,12.5,1,0,1,1,0,0,1,0,0.08,0.0,0.08,0.08,0.08,"6553    28000000
Name: Market_value_eur, dtype: int64"
ENG-Premier League,2425,Arsenal,Jurriën Timber,NED,DF,23,2001,30,27,2417,26.9,1,3,4,1,0,0,7,0,0.04,0.11,0.15,0.04,0.15,"8489    70000000
Name: Market_value_eur, dtype: int64"
ENG-Premier League,2425,Arsenal,Kai Havertz,GER,FW,25,1999,23,21,1875,20.8,9,3,12,9,0,0,5,0,0.43,0.14,0.58,0.43,0.58,"8581    70000000
Name: Market_value_eur, dtype: int64"
ENG-Premier League,2425,Arsenal,Leandro Trossard,BEL,FW,29,1994,38,28,2546,28.3,8,7,15,8,0,0,4,1,0.28,0.25,0.53,0.28,0.53,"9170    22000000
Name: Market_value_eur, dtype: int64"
ENG-Premier League,2425,Arsenal,Martin Ødegaard,NOR,MF,25,1998,30,26,2325,25.8,3,8,11,2,1,1,4,0,0.12,0.31,0.43,0.08,0.39,"10532    100000000
Name: Market_value_eur, dtype: int64"
ENG-Premier League,2425,Arsenal,Mikel Merino,ESP,"MF,FW",28,1996,28,17,1586,17.6,7,2,9,7,0,0,4,1,0.4,0.11,0.51,0.4,0.51,"11279    35000000
Name: Market_value_eur, dtype: int64"
ENG-Premier League,2425,Arsenal,Myles Lewis-Skelly,ENG,DF,17,2006,23,15,1369,15.2,1,0,1,1,0,0,3,2,0.07,0.0,0.07,0.07,0.07,"11475    45000000
Name: Market_value_eur, dtype: int64"
ENG-Premier League,2425,Arsenal,Nathan Butler-Oyedeji,ENG,"FW,MF",21,2003,1,0,7,0.1,0,0,0,0,0,0,0,0,0.0,0.0,0.0,0.0,0.0,"11521    32000000
Name: Market_value_eur, dtype: int64"
ENG-Premier League,2425,Arsenal,Oleksandr Zinchenko,UKR,"DF,MF",27,1996,15,5,527,5.9,0,1,1,0,0,0,1,0,0.0,0.17,0.17,0.0,0.17,"911    28000000
Name: Market_value_eur, dtype: int64"
ENG-Premier League,2425,Arsenal,Reiss Nelson,ENG,"FW,MF",24,1999,1,0,3,0.0,0,0,0,0,0,0,0,0,0.0,0.0,0.0,0.0,0.0,"12712    16000000
Name: Market_value_eur, dtype: int64"
ENG-Premier League,2425,Arsenal,Riccardo Calafiori,ITA,DF,22,2002,19,11,983,10.9,2,1,3,2,0,0,4,0,0.18,0.09,0.27,0.18,0.27,"12793    50000000
Name: Market_value_eur, dtype: int64"
ENG-Premier League,2425,Arsenal,William Saliba,FRA,DF,23,2001,35,35,3039,33.8,2,0,2,2,0,0,2,1,0.06,0.0,0.06,0.06,0.06,"15706    90000000
Name: Market_value_eur, dtype: int64"
ENG-Premier League,2425,Aston Villa,Amadou Onana,BEL,MF,22,2001,26,20,1617,18.0,3,0,3,3,0,0,4,0,0.17,0.0,0.17,0.17,0.17,"781    50000000
Name: Market_value_eur, dtype: int64"
ENG-Premier League,2425,Aston Villa,Andrés García,ESP,"DF,MF",21,2003,7,5,318,3.5,0,0,0,0,0,0,0,0,0.0,0.0,0.0,0.0,0.0,"927    7000000
Name: Market_value_eur, dtype: int64"
ENG-Premier League,2425,Aston Villa,Axel Disasi,FRA,DF,26,1998,7,5,490,5.4,0,0,0,0,0,0,2,0,0.0,0.0,0.0,0.0,0.0,"1292    25000000
Name: Market_value_eur, dtype: int64"
ENG-Premier League,2425,Aston Villa,Boubacar Kamara,FRA,"MF,DF",24,1999,26,20,1726,19.2,1,0,1,1,0,0,2,0,0.05,0.0,0.05,0.05,0.05,"1821    40000000
Name: Market_value_eur, dtype: int64"
ENG-Premier League,2425,Aston Villa,Emi Buendía,ARG,"FW,MF",27,1996,12,0,98,1.1,0,0,0,0,0,0,1,0,0.0,0.0,0.0,0.0,0.0,"4419    18000000
Name: Market_value_eur, dtype: int64"
ENG-Premier League,2425,Aston Villa,Emiliano Martínez,ARG,GK,31,1992,37,37,3194,35.5,0,0,0,0,0,0,5,1,0.0,0.0,0.0,0.0,0.0,"4445    20000000
Name: Market_value_eur, dtype: int64"
ENG-Premier League,2425,Aston Villa,Ezri Konsa,ENG,DF,26,1997,34,33,2936,32.6,2,0,2,2,0,0,1,0,0.06,0.0,0.06,0.06,0.06,"4679    35000000
Name: Market_value_eur, dtype: int64"
ENG-Premier League,2425,Aston Villa,Ian Maatsen,NED,DF,22,2002,29,10,1139,12.7,1,2,3,1,0,0,2,0,0.08,0.16,0.24,0.08,0.24,"6047    28000000
Name: Market_value_eur, dtype: int64"
ENG-Premier League,2425,Aston Villa,Jacob Ramsey,ENG,MF,23,2001,29,19,1623,18.0,1,3,4,1,0,0,4,1,0.06,0.17,0.22,0.06,0.22,"6460    40000000
Name: Market_value_eur, dtype: int64"
ENG-Premier League,2425,Aston Villa,Jaden Philogene Bidace,ENG,MF,22,2002,11,2,332,3.7,0,0,0,0,0,0,4,1,0.0,0.0,0.0,0.0,0.0,"6470    18000000
Name: Market_value_eur, dtype: int64"
ENG-Premier League,2425,Aston Villa,John McGinn,SCO,MF,29,1994,34,27,2223,24.7,1,4,5,1,0,0,7,0,0.04,0.16,0.2,0.04,0.2,"7735    18000000
Name: Market_value_eur, dtype: int64"
ENG-Premier League,2425,Aston Villa,Lamare Bogarde,NED,"DF,MF",20,2004,8,5,476,5.3,0,0,0,0,0,0,2,0,0.0,0.0,0.0,0.0,0.0,"9124    12000000
Name: Market_value_eur, dtype: int64"
ENG-Premier League,2425,Aston Villa,Lucas Digne,FRA,DF,31,1993,32,28,2351,26.1,0,4,4,0,0,0,4,0,0.0,0.15,0.15,0.0,0.15,"9702    10000000
Name: Market_value_eur, dtype: int64"
ENG-Premier League,2425,Aston Villa,Marco Asensio,ESP,MF,28,1996,13,9,743,8.3,3,1,4,3,0,2,2,0,0.36,0.12,0.48,0.36,0.48,"10236    22000000
Name: Market_value_eur, dtype: int64"
ENG-Premier League,2425,Aston Villa,Matty Cash,POL,DF,26,1997,27,24,2070,23.0,1,1,2,1,0,0,7,0,0.04,0.04,0.09,0.04,0.09,"10863    25000000
Name: Market_value_eur, dtype: int64"
ENG-Premier League,2425,Aston Villa,Morgan Rogers,ENG,MF,22,2002,37,37,3114,34.6,8,10,18,8,0,0,10,0,0.23,0.29,0.52,0.23,0.52,"11425    70000000
Name: Market_value_eur, dtype: int64"
ENG-Premier League,2425,Aston Villa,Ollie Watkins,ENG,FW,28,1995,38,31,2598,28.9,16,8,24,14,2,2,2,0,0.55,0.28,0.83,0.48,0.76,"12019    50000000
Name: Market_value_eur, dtype: int64"
ENG-Premier League,2425,Aston Villa,Pau Torres,ESP,DF,27,1997,24,23,2020,22.4,0,0,0,0,0,0,2,0,0.0,0.0,0.0,0.0,0.0,"12230    40000000
Name: Market_value_eur, dtype: int64"
ENG-Premier League,2425,Aston Villa,Ross Barkley,ENG,MF,30,1993,20,3,581,6.5,3,1,4,3,0,0,3,0,0.46,0.15,0.62,0.46,0.62,"13185    6000000
Name: Market_value_eur, dtype: int64"
ENG-Premier League,2425,Aston Villa,Tyrone Mings,ENG,DF,31,1993,14,12,1120,12.4,0,0,0,0,0,0,1,0,0.0,0.0,0.0,0.0,0.0,"15241    6000000
Name: Market_value_eur, dtype: int64"
ENG-Premier League,2425,Aston Villa,Youri Tielemans,BEL,MF,27,1997,36,35,3026,33.6,3,7,10,3,0,1,4,0,0.09,0.21,0.3,0.09,0.3,"15883    38000000
Name: Market_value_eur, dtype: int64"
ENG-Premier League,2425,Bournemouth,Adam Smith,ENG,DF,33,1991,25,19,1590,17.7,0,0,0,0,0,0,7,0,0.0,0.0,0.0,0.0,0.0,"257    750000
Name: Market_value_eur, dtype: int64"
ENG-Premier League,2425,Bournemouth,Alex Scott,ENG,MF,20,2003,20,8,755,8.4,0,0,0,0,0,0,3,0,0.0,0.0,0.0,0.0,0.0,"551    30000000
Name: Market_value_eur, dtype: int64"
ENG-Premier League,2425,Bournemouth,Antoine Semenyo,GHA,MF,24,2000,37,36,3203,35.6,11,5,16,11,0,0,9,0,0.31,0.14,0.45,0.31,0.45,"1077    65000000
Name: Market_value_eur, dtype: int64"
ENG-Premier League,2425,Bournemouth,Ben Winterburn,ENG,MF,19,2004,4,0,24,0.3,0,0,0,0,0,0,0,0,0.0,0.0,0.0,0.0,0.0,"1562    500000
Name: Market_value_eur, dtype: int64"
ENG-Premier League,2425,Bournemouth,Dango Ouattara,BFA,"MF,FW",22,2002,32,21,2005,22.3,7,4,11,7,0,0,3,0,0.31,0.18,0.49,0.31,0.49,"3259    35000000
Name: Market_value_eur, dtype: int64"
ENG-Premier League,2425,Bournemouth,David Brooks,WAL,MF,27,1997,29,9,960,10.7,2,0,2,2,0,0,3,0,0.19,0.0,0.19,0.19,0.19,"3633    12000000
Name: Market_value_eur, dtype: int64"
ENG-Premier League,2425,Bournemouth,Enes Ünal,TUR,FW,27,1997,17,2,345,3.8,2,1,3,2,0,0,2,0,0.52,0.26,0.78,0.52,0.78,"4521    10000000
Name: Market_value_eur, dtype: int64"
ENG-Premier League,2425,Bournemouth,Evanilson,BRA,FW,24,1999,31,28,2319,25.8,10,1,11,10,0,1,1,1,0.39,0.04,0.43,0.39,0.43,"4645    40000000
Name: Market_value_eur, dtype: int64"
ENG-Premier League,2425,Bournemouth,James Hill,ENG,DF,22,2002,10,6,448,5.0,0,1,1,0,0,0,1,0,0.0,0.2,0.2,0.0,0.2,"6665    7000000
Name: Market_value_eur, dtype: int64"
ENG-Premier League,2425,Bournemouth,Julian Araujo,MEX,DF,22,2001,12,7,497,5.5,0,0,0,0,0,0,2,0,0.0,0.0,0.0,0.0,0.0,"8429    10000000
Name: Market_value_eur, dtype: int64"
ENG-Premier League,2425,Bournemouth,Julio Soler,ARG,DF,19,2005,3,0,11,0.1,0,0,0,0,0,0,0,0,0.0,0.0,0.0,0.0,0.0,"8421    8000000
Name: Market_value_eur, dtype: int64"
ENG-Premier League,2425,Bournemouth,Justin Kluivert,NED,MF,25,1999,34,29,2340,26.0,12,6,18,6,6,6,8,0,0.46,0.23,0.69,0.23,0.46,"8517    35000000
Name: Market_value_eur, dtype: int64"
ENG-Premier League,2425,Bournemouth,Kepa Arrizabalaga,ESP,GK,29,1994,31,31,2790,31.0,0,0,0,0,0,0,3,0,0.0,0.0,0.0,0.0,0.0,"8774    10000000
Name: Market_value_eur, dtype: int64"
ENG-Premier League,2425,Bournemouth,Lewis Cook,ENG,"MF,DF",27,1997,36,32,2978,33.1,1,3,4,1,0,0,8,1,0.03,0.09,0.12,0.03,0.12,"9397    15000000
Name: Market_value_eur, dtype: int64"
ENG-Premier League,2425,Bournemouth,Marcos Senesi,ARG,DF,27,1997,17,13,1106,12.3,0,0,0,0,0,0,5,0,0.0,0.0,0.0,0.0,0.0,"10236    22000000
Name: Market_value_eur, dtype: int64"
ENG-Premier League,2425,Bournemouth,Marcus Tavernier,ENG,MF,25,1999,29,20,1939,21.5,3,5,8,3,0,0,6,0,0.14,0.23,0.37,0.14,0.37,"10292    20000000
Name: Market_value_eur, dtype: int64"
ENG-Premier League,2425,Bournemouth,Mark Travers,IRL,GK,25,1999,5,5,450,5.0,0,0,0,0,0,0,0,0,0.0,0.0,0.0,0.0,0.0,"10397    4000000
Name: Market_value_eur, dtype: int64"
ENG-Premier League,2425,Bournemouth,Milos Kerkez,HUN,DF,20,2003,38,38,3336,37.1,2,5,7,2,0,0,4,0,0.05,0.13,0.19,0.05,0.19,"11325    45000000
Name: Market_value_eur, dtype: int64"
ENG-Premier League,2425,Bournemouth,Neto,BRA,GK,35,1989,2,2,180,2.0,0,0,0,0,0,0,0,0,0.0,0.0,0.0,0.0,0.0,"12339    60000000
Name: Market_value_eur, dtype: int64"
ENG-Premier League,2425,Bournemouth,Philip Billing,DEN,MF,28,1996,10,1,184,2.0,0,0,0,0,0,0,1,0,0.0,0.0,0.0,0.0,0.0,"12531    12000000
Name: Market_value_eur, dtype: int64"
ENG-Premier League,2425,Bournemouth,Remy Rees-Dottin,ENG,FW,18,2006,1,0,1,0.0,0,0,0,0,0,0,0,0,0.0,0.0,0.0,0.0,0.0,"12734    300000
Name: Market_value_eur, dtype: int64"
ENG-Premier League,2425,Bournemouth,Ryan Christie,SCO,MF,29,1995,29,27,2117,23.5,2,3,5,2,0,0,9,0,0.09,0.13,0.21,0.09,0.21,"13278    10000000
Name: Market_value_eur, dtype: int64"
ENG-Premier League,2425,Bournemouth,Tyler Adams,USA,MF,25,1999,28,21,1965,21.8,0,3,3,0,0,0,7,0,0.0,0.14,0.14,0.0,0.14,"15176    25000000
Name: Market_value_eur, dtype: int64"
ENG-Premier League,2425,Bournemouth,Zain Silcott-Duberry,MSR,MF,19,2005,1,0,1,0.0,0,0,0,0,0,0,0,0,0.0,0.0,0.0,0.0,0.0,"15914    200000
Name: Market_value_eur, dtype: int64"
ENG-Premier League,2425,Brentford,Ben Mee,ENG,DF,34,1989,7,2,183,2.0,0,0,0,0,0,0,2,0,0.0,0.0,0.0,0.0,0.0,"1389    7500000
Name: Market_value_eur, dtype: int64"
ENG-Premier League,2425,Brentford,Bryan Mbeumo,CMR,"MF,FW",24,1999,38,38,3414,37.9,20,7,27,15,5,6,3,0,0.53,0.18,0.71,0.4,0.58,"2038    75000000
Name: Market_value_eur, dtype: int64"
ENG-Premier League,2425,Brentford,Christian Nørgaard,DEN,MF,30,1994,34,34,2819,31.3,5,4,9,5,0,0,8,1,0.16,0.13,0.29,0.16,0.29,"2696    12000000
Name: Market_value_eur, dtype: int64"
ENG-Premier League,2425,Brentford,Ethan Pinnock,JAM,DF,31,1993,22,21,1913,21.3,2,0,2,2,0,0,2,0,0.09,0.0,0.09,0.09,0.09,"4624    7000000
Name: Market_value_eur, dtype: int64"
ENG-Premier League,2425,Brentford,Fabio Carvalho,POR,"FW,MF",21,2002,19,3,455,5.1,2,1,3,2,0,0,1,0,0.4,0.2,0.59,0.4,0.59,"5038    15000000
Name: Market_value_eur, dtype: int64"
ENG-Premier League,2425,Brentford,Frank Onyeka,NGA,MF,26,1998,2,0,25,0.3,0,0,0,0,0,0,0,0,0.0,0.0,0.0,0.0,0.0,"4956    7000000
Name: Market_value_eur, dtype: int64"
ENG-Premier League,2425,Brentford,Hákon Valdimarsson,ISL,GK,22,2001,2,1,145,1.6,0,0,0,0,0,0,0,0,0.0,0.0,0.0,0.0,0.0,"6033    2500000
Name: Market_value_eur, dtype: int64"
ENG-Premier League,2425,Brentford,Igor Thiago,BRA,FW,23,2001,8,1,175,1.9,0,0,0,0,0,0,0,0,0.0,0.0,0.0,0.0,0.0,"6129    35000000
Name: Market_value_eur, dtype: int64"
ENG-Premier League,2425,Brentford,Jayden Meghoma,ENG,DF,18,2006,1,0,5,0.1,0,0,0,0,0,0,0,0,0.0,0.0,0.0,0.0,0.0,"7135    750000
Name: Market_value_eur, dtype: int64"
ENG-Premier League,2425,Brentford,Keane Lewis-Potter,ENG,"DF,MF",23,2001,38,36,3093,34.4,1,3,4,1,0,0,7,0,0.03,0.09,0.12,0.03,0.12,"8686    25000000
Name: Market_value_eur, dtype: int64"
ENG-Premier League,2425,Brentford,Kevin Schade,GER,"MF,FW",22,2001,38,26,2293,25.5,11,2,13,11,0,0,3,0,0.43,0.08,0.51,0.43,0.51,"8843    35000000
Name: Market_value_eur, dtype: int64"
ENG-Premier League,2425,Brentford,Kristoffer Ajer,NOR,DF,26,1998,24,17,1438,16.0,0,0,0,0,0,0,5,0,0.0,0.0,0.0,0.0,0.0,"9014    18000000
Name: Market_value_eur, dtype: int64"
ENG-Premier League,2425,Brentford,Mads Roerslev,DEN,DF,25,1999,19,11,1101,12.2,0,2,2,0,0,0,2,0,0.0,0.16,0.16,0.0,0.16,"10002    8000000
Name: Market_value_eur, dtype: int64"
ENG-Premier League,2425,Brentford,Mathias Jensen,DEN,MF,28,1996,24,8,862,9.6,0,2,2,0,0,0,2,0,0.0,0.21,0.21,0.0,0.21,"10642    16000000
Name: Market_value_eur, dtype: int64"
ENG-Premier League,2425,Brentford,Michael Kayode,ITA,DF,20,2004,12,6,528,5.9,0,1,1,0,0,0,2,0,0.0,0.17,0.17,0.0,0.17,"11104    27000000
Name: Market_value_eur, dtype: int64"
ENG-Premier League,2425,Brentford,Mikkel Damsgaard,DEN,MF,24,2000,38,34,2911,32.3,2,10,12,2,0,0,2,0,0.06,0.31,0.37,0.06,0.37,"11306    30000000
Name: Market_value_eur, dtype: int64"
ENG-Premier League,2425,Brentford,Nathan Collins,IRL,DF,23,2001,38,38,3420,38.0,2,3,5,2,0,0,5,0,0.05,0.08,0.13,0.05,0.13,"11549    35000000
Name: Market_value_eur, dtype: int64"
ENG-Premier League,2425,Brentford,Rico Henry,JAM,"DF,MF",27,1997,5,0,99,1.1,0,0,0,0,0,0,0,0,0.0,0.0,0.0,0.0,0.0,"12890    17000000
Name: Market_value_eur, dtype: int64"
ENG-Premier League,2425,Brentford,Ryan Trevitt,ENG,MF,21,2003,1,0,4,0.0,0,0,0,0,0,0,0,0,0.0,0.0,0.0,0.0,0.0,"13412    275000
Name: Market_value_eur, dtype: int64"
ENG-Premier League,2425,Brentford,Sepp van den Berg,NED,DF,22,2001,31,29,2586,28.7,0,0,0,0,0,0,3,0,0.0,0.0,0.0,0.0,0.0,"13882    28000000
Name: Market_value_eur, dtype: int64"
ENG-Premier League,2425,Brentford,Vitaly Janelt,GER,MF,26,1998,32,27,2254,25.0,1,3,4,1,0,0,3,0,0.04,0.12,0.16,0.04,0.16,"15386    20000000
Name: Market_value_eur, dtype: int64"
ENG-Premier League,2425,Brentford,Yehor Yarmoliuk,UKR,MF,20,2004,31,15,1450,16.1,0,0,0,0,0,0,6,0,0.0,0.0,0.0,0.0,0.0,"15826    25000000
Name: Market_value_eur, dtype: int64"
ENG-Premier League,2425,Brentford,Yoane Wissa,COD,FW,27,1996,35,34,2919,32.4,19,4,23,19,0,0,5,0,0.59,0.12,0.71,0.59,0.71,"15843    42000000
Name: Market_value_eur, dtype: int64"
ENG-Premier League,2425,Brentford,Yunus Emre Konak,TUR,MF,18,2006,10,0,42,0.5,0,0,0,0,0,0,0,0,0.0,0.0,0.0,0.0,0.0,"15896    4500000
Name: Market_value_eur, dtype: int64"
ENG-Premier League,2425,Brighton,Adam Webster,ENG,DF,29,1995,14,11,887,9.9,0,0,0,0,0,0,1,0,0.0,0.0,0.0,0.0,0.0,"270    11000000
Name: Market_value_eur, dtype: int64"
ENG-Premier League,2425,Brighton,Bart Verbruggen,NED,GK,21,2002,36,36,3240,36.0,0,1,1,0,0,0,5,0,0.0,0.03,0.03,0.0,0.03,"1347    35000000
Name: Market_value_eur, dtype: int64"
ENG-Premier League,2425,Brighton,Carlos Baleba,CMR,MF,20,2004,34,31,2661,29.6,3,1,4,3,0,0,8,1,0.1,0.03,0.14,0.1,0.14,"2294    60000000
Name: Market_value_eur, dtype: int64"
ENG-Premier League,2425,Brighton,Danny Welbeck,ENG,FW,33,1990,30,24,2115,23.5,10,4,14,9,1,1,5,0,0.43,0.17,0.6,0.38,0.55,"3519    5000000
Name: Market_value_eur, dtype: int64"
ENG-Premier League,2425,Brighton,Diego Gómez,PAR,MF,21,2003,16,4,516,5.7,1,0,1,1,0,0,0,0,0.17,0.0,0.17,0.17,0.17,"3972    25000000
Name: Market_value_eur, dtype: int64"
ENG-Premier League,2425,Brighton,Eiran Cashin,IRL,DF,22,2001,2,0,20,0.2,0,0,0,0,0,0,0,0,0.0,0.0,0.0,0.0,0.0,"4244    8000000
Name: Market_value_eur, dtype: int64"
ENG-Premier League,2425,Brighton,Ferdi Kadioglu,TUR,"DF,MF",24,1999,6,5,385,4.3,1,0,1,1,0,0,1,0,0.23,0.0,0.23,0.23,0.23,"4813    28000000
Name: Market_value_eur, dtype: int64"
ENG-Premier League,2425,Brighton,Georginio Rutter,FRA,"MF,FW",22,2002,28,19,1656,18.4,5,3,8,5,0,0,2,0,0.27,0.16,0.43,0.27,0.43,"5454    32000000
Name: Market_value_eur, dtype: int64"
ENG-Premier League,2425,Brighton,Harry Howell,ENG,MF,16,2008,1,0,7,0.1,0,0,0,0,0,0,0,0,0.0,0.0,0.0,0.0,0.0,"5817    300000
Name: Market_value_eur, dtype: int64"
ENG-Premier League,2425,Brighton,Igor,BRA,DF,26,1998,13,10,961,10.7,0,0,0,0,0,0,4,0,0.0,0.0,0.0,0.0,0.0,"6112    20000000
Name: Market_value_eur, dtype: int64"
ENG-Premier League,2425,Brighton,Jack Hinshelwood,ENG,"MF,DF",19,2005,26,22,1842,20.5,5,2,7,5,0,0,5,0,0.24,0.1,0.34,0.24,0.34,"6326    24000000
Name: Market_value_eur, dtype: int64"
ENG-Premier League,2425,Brighton,James Milner,ENG,MF,38,1986,4,3,170,1.9,0,0,0,0,0,0,1,0,0.0,0.0,0.0,0.0,0.0,"6762    1000000
Name: Market_value_eur, dtype: int64"
ENG-Premier League,2425,Brighton,Jan Paul van Hecke,NED,DF,24,2000,34,33,2958,32.9,1,1,2,1,0,0,8,1,0.03,0.03,0.06,0.03,0.06,"6949    35000000
Name: Market_value_eur, dtype: int64"
ENG-Premier League,2425,Brighton,Jason Steele,ENG,GK,33,1990,2,2,180,2.0,0,0,0,0,0,0,0,0,0.0,0.0,0.0,0.0,0.0,"7048    2000000
Name: Market_value_eur, dtype: int64"
ENG-Premier League,2425,Brighton,João Pedro,BRA,"FW,MF",22,2001,27,23,1948,21.6,10,6,16,5,5,5,4,1,0.46,0.28,0.74,0.23,0.51,"8373    65000000
Name: Market_value_eur, dtype: int64"
ENG-Premier League,2425,Brighton,Joël Veltman,NED,DF,32,1992,21,19,1697,18.9,0,0,0,0,0,0,5,0,0.0,0.0,0.0,0.0,0.0,"8399    4000000
Name: Market_value_eur, dtype: int64"
ENG-Premier League,2425,Brighton,Kaoru Mitoma,JPN,MF,27,1997,36,28,2603,28.9,10,4,14,10,0,0,1,0,0.35,0.14,0.48,0.35,0.48,"8611    40000000
Name: Market_value_eur, dtype: int64"
ENG-Premier League,2425,Brighton,Lewis Dunk,ENG,DF,32,1991,25,23,2083,23.1,0,0,0,0,0,0,5,0,0.0,0.0,0.0,0.0,0.0,"9419    8000000
Name: Market_value_eur, dtype: int64"
ENG-Premier League,2425,Brighton,Mats Wieffer,NED,"DF,MF",24,1999,25,10,1015,11.3,1,3,4,1,0,0,6,0,0.09,0.27,0.35,0.09,0.35,"10669    27000000
Name: Market_value_eur, dtype: int64"
ENG-Premier League,2425,Brighton,Matt O'Riley,DEN,MF,23,2000,21,11,938,10.4,2,2,4,1,1,1,1,0,0.19,0.19,0.38,0.1,0.29,"7512    300000
Name: Market_value_eur, dtype: int64"
ENG-Premier League,2425,Brighton,Simon Adingra,CIV,MF,22,2002,29,12,1097,12.2,2,2,4,2,0,0,0,0,0.16,0.16,0.33,0.16,0.33,"14050    28000000
Name: Market_value_eur, dtype: int64"
ENG-Premier League,2425,Brighton,Solly March,ENG,MF,30,1994,8,1,168,1.9,0,0,0,0,0,0,2,0,0.0,0.0,0.0,0.0,0.0,"14128    8000000
Name: Market_value_eur, dtype: int64"
ENG-Premier League,2425,Brighton,Yankuba Minteh,GAM,MF,20,2004,32,20,1838,20.4,6,4,10,6,0,0,6,0,0.29,0.2,0.49,0.29,0.49,"15787    40000000
Name: Market_value_eur, dtype: int64"
ENG-Premier League,2425,Brighton,Yasin Ayari,SWE,MF,20,2003,34,22,1965,21.8,2,1,3,2,0,0,3,0,0.09,0.05,0.14,0.09,0.14,"15819    30000000
Name: Market_value_eur, dtype: int64"
ENG-Premier League,2425,Chelsea,Axel Disasi,FRA,DF,26,1998,6,4,364,4.0,1,0,1,1,0,0,1,0,0.25,0.0,0.25,0.25,0.25,"1292    25000000
Name: Market_value_eur, dtype: int64"
ENG-Premier League,2425,Chelsea,Benoît Badiashile,FRA,DF,23,2001,5,3,334,3.7,0,0,0,0,0,0,0,0,0.0,0.0,0.0,0.0,0.0,"1608    25000000
Name: Market_value_eur, dtype: int64"
ENG-Premier League,2425,Chelsea,Cole Palmer,ENG,MF,22,2002,37,36,3191,35.5,15,8,23,11,4,5,7,0,0.42,0.23,0.65,0.31,0.54,"2823    120000000
Name: Market_value_eur, dtype: int64"
ENG-Premier League,2425,Chelsea,Enzo Fernández,ARG,MF,23,2001,36,32,2947,32.7,6,7,13,6,0,0,8,0,0.18,0.21,0.4,0.18,0.4,"4540    85000000
Name: Market_value_eur, dtype: int64"
ENG-Premier League,2425,Chelsea,Filip Jørgensen,DEN,GK,22,2002,6,6,540,6.0,0,0,0,0,0,0,0,0,0.0,0.0,0.0,0.0,0.0,"4840    18000000
Name: Market_value_eur, dtype: int64"
ENG-Premier League,2425,Chelsea,Jadon Sancho,ENG,MF,24,2000,31,19,1764,19.6,3,4,7,3,0,0,2,0,0.15,0.2,0.36,0.15,0.36,"6479    28000000
Name: Market_value_eur, dtype: int64"
ENG-Premier League,2425,Chelsea,Joshua Acheampong,ENG,DF,18,2006,4,2,170,1.9,0,0,0,0,0,0,1,0,0.0,0.0,0.0,0.0,0.0,"8164    20000000
Name: Market_value_eur, dtype: int64"
ENG-Premier League,2425,Chelsea,João Félix,POR,MF,24,1999,12,3,369,4.1,1,1,2,1,0,0,2,0,0.24,0.24,0.49,0.24,0.49,"8365    30000000
Name: Market_value_eur, dtype: int64"
ENG-Premier League,2425,Chelsea,Kiernan Dewsbury-Hall,ENG,MF,25,1998,13,2,264,2.9,0,1,1,0,0,0,0,0,0.0,0.34,0.34,0.0,0.34,"8922    28000000
Name: Market_value_eur, dtype: int64"
ENG-Premier League,2425,Chelsea,Levi Colwill,ENG,DF,21,2003,35,35,3149,35.0,2,1,3,2,0,0,9,0,0.06,0.03,0.09,0.06,0.09,"9368    55000000
Name: Market_value_eur, dtype: int64"
ENG-Premier League,2425,Chelsea,Malo Gusto,FRA,DF,21,2003,32,19,1862,20.7,0,1,1,0,0,0,4,0,0.0,0.05,0.05,0.0,0.05,"10039    35000000
Name: Market_value_eur, dtype: int64"
ENG-Premier League,2425,Chelsea,Marc Cucurella,ESP,DF,26,1998,36,33,2988,33.2,5,1,6,5,0,0,10,1,0.15,0.03,0.18,0.15,0.18,"10100    50000000
Name: Market_value_eur, dtype: int64"
ENG-Premier League,2425,Chelsea,Marc Guiu,ESP,FW,18,2006,3,0,73,0.8,0,0,0,0,0,0,0,0,0.0,0.0,0.0,0.0,0.0,"10104    12000000
Name: Market_value_eur, dtype: int64"
ENG-Premier League,2425,Chelsea,Moisés Caicedo,ECU,"MF,DF",22,2001,38,38,3351,37.2,1,2,3,1,0,0,11,0,0.03,0.05,0.08,0.03,0.08,"11399    110000000
Name: Market_value_eur, dtype: int64"
ENG-Premier League,2425,Chelsea,Mykhailo Mudryk,UKR,MF,23,2001,7,1,151,1.7,0,0,0,0,0,0,0,0,0.0,0.0,0.0,0.0,0.0,"11472    18000000
Name: Market_value_eur, dtype: int64"
ENG-Premier League,2425,Chelsea,Noni Madueke,ENG,MF,22,2002,32,27,2033,22.6,7,3,10,7,0,0,3,0,0.31,0.13,0.44,0.31,0.44,"11920    50000000
Name: Market_value_eur, dtype: int64"
ENG-Premier League,2425,Chelsea,Pedro Neto,POR,"MF,FW",24,2000,35,24,2269,25.2,4,6,10,4,0,0,8,0,0.16,0.24,0.4,0.16,0.4,"12339    60000000
Name: Market_value_eur, dtype: int64"
ENG-Premier League,2425,Chelsea,Reece James,ENG,"DF,MF",24,1999,19,12,1063,11.8,1,1,2,1,0,0,1,0,0.08,0.08,0.17,0.08,0.17,"12680    50000000
Name: Market_value_eur, dtype: int64"
ENG-Premier League,2425,Chelsea,Robert Sánchez,ESP,GK,26,1997,32,32,2880,32.0,0,0,0,0,0,0,5,0,0.0,0.0,0.0,0.0,0.0,"13003    22000000
Name: Market_value_eur, dtype: int64"
ENG-Premier League,2425,Chelsea,Roméo Lavia,BEL,MF,20,2004,16,11,797,8.9,0,1,1,0,0,0,4,0,0.0,0.11,0.11,0.0,0.11,"13145    40000000
Name: Market_value_eur, dtype: int64"
ENG-Premier League,2425,Chelsea,Shumaira Mheuka,ENG,FW,16,2007,1,0,1,0.0,0,0,0,0,0,0,0,0,0.0,0.0,0.0,0.0,0.0,"14040    800000
Name: Market_value_eur, dtype: int64"
ENG-Premier League,2425,Chelsea,Tosin Adarabioyo,ENG,DF,26,1997,22,15,1409,15.7,1,1,2,1,0,0,4,0,0.06,0.06,0.13,0.06,0.13,"15122    20000000
Name: Market_value_eur, dtype: int64"
ENG-Premier League,2425,Chelsea,Trevoh Chalobah,ENG,DF,25,1999,13,11,910,10.1,0,1,1,0,0,0,2,0,0.0,0.1,0.1,0.0,0.1,"15144    35000000
Name: Market_value_eur, dtype: int64"
ENG-Premier League,2425,Chelsea,Tyrique George,ENG,FW,18,2006,8,1,183,2.0,1,1,2,1,0,0,1,0,0.49,0.49,0.98,0.49,0.98,"15227    22000000
Name: Market_value_eur, dtype: int64"
ENG-Premier League,2425,Chelsea,Wesley Fofana,FRA,DF,23,2000,14,14,1172,13.0,0,0,0,0,0,0,7,0,0.0,0.0,0.0,0.0,0.0,"15613    28000000
Name: Market_value_eur, dtype: int64"
ENG-Premier League,2425,Crystal Palace,Adam Wharton,ENG,MF,20,2004,20,16,1318,14.6,0,2,2,0,0,0,2,0,0.0,0.14,0.14,0.0,0.14,"275    60000000
Name: Market_value_eur, dtype: int64"
ENG-Premier League,2425,Crystal Palace,Asher Agbinone,ENG,MF,18,2005,2,0,6,0.1,0,0,0,0,0,0,0,0,0.0,0.0,0.0,0.0,0.0,"1194    75000
Name: Market_value_eur, dtype: int64"
ENG-Premier League,2425,Crystal Palace,Caleb Kporha,ENG,DF,18,2006,2,0,13,0.1,0,0,0,0,0,0,0,0,0.0,0.0,0.0,0.0,0.0,"2071    1000000
Name: Market_value_eur, dtype: int64"
ENG-Premier League,2425,Crystal Palace,Chadi Riad,MAR,DF,21,2003,1,1,90,1.0,0,0,0,0,0,0,0,0,0.0,0.0,0.0,0.0,0.0,"2363    15000000
Name: Market_value_eur, dtype: int64"
ENG-Premier League,2425,Crystal Palace,Cheick Doucouré,MLI,MF,24,2000,13,4,452,5.0,0,0,0,0,0,0,1,0,0.0,0.0,0.0,0.0,0.0,"2456    30000000
Name: Market_value_eur, dtype: int64"
ENG-Premier League,2425,Crystal Palace,Chris Richards,USA,DF,24,2000,24,22,1922,21.4,1,0,1,1,0,0,4,1,0.05,0.0,0.05,0.05,0.05,"2633    25000000
Name: Market_value_eur, dtype: int64"
ENG-Premier League,2425,Crystal Palace,Daichi Kamada,JPN,MF,27,1996,34,15,1564,17.4,0,0,0,0,0,0,4,1,0.0,0.0,0.0,0.0,0.0,"3156    12000000
Name: Market_value_eur, dtype: int64"
ENG-Premier League,2425,Crystal Palace,Daniel Muñoz,COL,MF,28,1996,37,37,3228,35.9,4,5,9,4,0,0,10,0,0.11,0.14,0.25,0.11,0.25,"3339    27000000
Name: Market_value_eur, dtype: int64"
ENG-Premier League,2425,Crystal Palace,Dean Henderson,ENG,GK,27,1997,38,38,3420,38.0,0,0,0,0,0,0,3,0,0.0,0.0,0.0,0.0,0.0,"3816    28000000
Name: Market_value_eur, dtype: int64"
ENG-Premier League,2425,Crystal Palace,Eberechi Eze,ENG,MF,26,1998,34,31,2588,28.8,8,8,16,7,1,2,1,0,0.28,0.28,0.56,0.24,0.52,"4183    65000000
Name: Market_value_eur, dtype: int64"
ENG-Premier League,2425,Crystal Palace,Eddie Nketiah,ENG,"FW,MF",25,1999,29,9,1034,11.5,3,1,4,3,0,0,6,1,0.26,0.09,0.35,0.26,0.35,"4196    22000000
Name: Market_value_eur, dtype: int64"
ENG-Premier League,2425,Crystal Palace,Ismaila Sarr,SEN,MF,26,1998,38,30,2711,30.1,8,6,14,8,0,0,4,0,0.27,0.2,0.46,0.27,0.46,"6194    35000000
Name: Market_value_eur, dtype: int64"
ENG-Premier League,2425,Crystal Palace,Jean-Philippe Mateta,FRA,FW,27,1997,37,33,2648,29.4,14,2,16,12,2,2,2,0,0.48,0.07,0.54,0.41,0.48,"7194    40000000
Name: Market_value_eur, dtype: int64"
ENG-Premier League,2425,Crystal Palace,Jefferson Lerma,COL,"MF,DF",29,1994,33,26,2274,25.3,0,1,1,0,0,0,9,0,0.0,0.04,0.04,0.0,0.04,"7242    12000000
Name: Market_value_eur, dtype: int64"
ENG-Premier League,2425,Crystal Palace,Joachim Andersen,DEN,DF,28,1996,1,1,90,1.0,0,0,0,0,0,0,1,0,0.0,0.0,0.0,0.0,0.0,"7374    27000000
Name: Market_value_eur, dtype: int64"
ENG-Premier League,2425,Crystal Palace,Joel Ward,ENG,DF,34,1989,2,1,71,0.8,0,0,0,0,0,0,1,0,0.0,0.0,0.0,0.0,0.0,"7633    600000
Name: Market_value_eur, dtype: int64"
ENG-Premier League,2425,Crystal Palace,Jordan Ayew,GHA,"FW,MF",32,1991,1,0,21,0.2,0,0,0,0,0,0,1,0,0.0,0.0,0.0,0.0,0.0,"7973    2500000
Name: Market_value_eur, dtype: int64"
ENG-Premier League,2425,Crystal Palace,Justin Devenny,NIR,MF,20,2003,23,4,507,5.6,1,1,2,1,0,0,1,0,0.18,0.18,0.36,0.18,0.36,"8507    8000000
Name: Market_value_eur, dtype: int64"
ENG-Premier League,2425,Crystal Palace,Marc Guéhi,ENG,DF,24,2000,34,34,3059,34.0,3,2,5,3,0,0,9,1,0.09,0.06,0.15,0.09,0.15,"10112    55000000
Name: Market_value_eur, dtype: int64"
ENG-Premier League,2425,Crystal Palace,Maxence Lacroix,FRA,DF,24,2000,35,35,3116,34.6,1,1,2,1,0,0,5,0,0.03,0.03,0.06,0.03,0.06,"10957    35000000
Name: Market_value_eur, dtype: int64"
ENG-Premier League,2425,Crystal Palace,Nathaniel Clyne,ENG,"DF,MF",33,1991,13,5,483,5.4,0,0,0,0,0,0,1,0,0.0,0.0,0.0,0.0,0.0,"11645    1000000
Name: Market_value_eur, dtype: int64"
ENG-Premier League,2425,Crystal Palace,Romain Esse,ENG,MF,19,2005,7,1,138,1.5,1,1,2,1,0,0,0,0,0.65,0.65,1.3,0.65,1.3,"13096    12000000
Name: Market_value_eur, dtype: int64"
ENG-Premier League,2425,Crystal Palace,Trevoh Chalobah,ENG,DF,25,1999,12,12,1060,11.8,3,0,3,3,0,0,1,0,0.25,0.0,0.25,0.25,0.25,"15144    35000000
Name: Market_value_eur, dtype: int64"
ENG-Premier League,2425,Crystal Palace,Tyrick Mitchell,ENG,MF,24,1999,37,37,3092,34.4,0,5,5,0,0,0,2,0,0.0,0.15,0.15,0.0,0.15,"15225    25000000
Name: Market_value_eur, dtype: int64"
ENG-Premier League,2425,Crystal Palace,Will Hughes,ENG,MF,29,1995,33,24,2108,23.4,0,3,3,0,0,0,11,0,0.0,0.13,0.13,0.0,0.13,"15660    7000000
Name: Market_value_eur, dtype: int64"
ENG-Premier League,2425,Everton,Armando Broja,ALB,FW,22,2001,10,4,334,3.7,0,0,0,0,0,0,1,0,0.0,0.0,0.0,0.0,0.0,"1157    14000000
Name: Market_value_eur, dtype: int64"
ENG-Premier League,2425,Everton,Ashley Young,ENG,DF,39,1985,32,19,1875,20.8,1,3,4,1,0,0,7,1,0.05,0.14,0.19,0.05,0.19,"1257    500000
Name: Market_value_eur, dtype: int64"
ENG-Premier League,2425,Everton,Beto,GNB,FW,26,1998,30,15,1534,17.0,8,0,8,8,0,0,2,0,0.47,0.0,0.47,0.47,0.47,"1688    22000000
Name: Market_value_eur, dtype: int64"
ENG-Premier League,2425,Everton,Carlos Alcaraz,ARG,MF,21,2002,15,7,764,8.5,2,3,5,2,0,0,4,0,0.24,0.35,0.59,0.24,0.59,"2289    15000000
Name: Market_value_eur, dtype: int64"
ENG-Premier League,2425,Everton,Dominic Calvert-Lewin,ENG,FW,27,1997,26,19,1609,17.9,3,1,4,3,0,0,2,0,0.17,0.06,0.22,0.17,0.22,"4086    20000000
Name: Market_value_eur, dtype: int64"
ENG-Premier League,2425,Everton,Dwight McNeil,ENG,MF,24,1999,21,15,1371,15.2,4,6,10,4,0,0,1,0,0.26,0.39,0.66,0.26,0.66,"4149    25000000
Name: Market_value_eur, dtype: int64"
ENG-Premier League,2425,Everton,Harrison Armstrong,ENG,MF,17,2007,3,0,48,0.5,0,0,0,0,0,0,1,0,0.0,0.0,0.0,0.0,0.0,"5757    1200000
Name: Market_value_eur, dtype: int64"
ENG-Premier League,2425,Everton,Idrissa Gueye,SEN,MF,34,1989,37,35,3063,34.0,0,3,3,0,0,0,9,0,0.0,0.09,0.09,0.0,0.09,"6090    1500000
Name: Market_value_eur, dtype: int64"
ENG-Premier League,2425,Everton,Iliman Ndiaye,SEN,"MF,FW",24,2000,33,29,2430,27.0,9,0,9,7,2,2,3,0,0.33,0.0,0.33,0.26,0.26,"6152    45000000
Name: Market_value_eur, dtype: int64"
ENG-Premier League,2425,Everton,Jack Harrison,ENG,"MF,FW",27,1996,34,24,2076,23.1,1,0,1,1,0,0,0,0,0.04,0.0,0.04,0.04,0.04,"6318    14000000
Name: Market_value_eur, dtype: int64"
ENG-Premier League,2425,Everton,Jake O'Brien,IRL,DF,23,2001,20,17,1571,17.5,2,0,2,2,0,0,5,0,0.11,0.0,0.11,0.11,0.11,"6541    18000000
Name: Market_value_eur, dtype: int64"
ENG-Premier League,2425,Everton,James Garner,ENG,"MF,DF",23,2001,21,17,1594,17.7,0,1,1,0,0,0,5,0,0.0,0.06,0.06,0.0,0.06,"6660    25000000
Name: Market_value_eur, dtype: int64"
ENG-Premier League,2425,Everton,James Tarkowski,ENG,DF,31,1992,33,33,2922,32.5,1,1,2,1,0,0,6,0,0.03,0.03,0.06,0.03,0.06,"6821    9000000
Name: Market_value_eur, dtype: int64"
ENG-Premier League,2425,Everton,Jarrad Branthwaite,ENG,DF,22,2002,30,28,2511,27.9,0,1,1,0,0,0,4,0,0.0,0.04,0.04,0.0,0.04,"6985    50000000
Name: Market_value_eur, dtype: int64"
ENG-Premier League,2425,Everton,Jordan Pickford,ENG,GK,30,1994,38,38,3420,38.0,0,1,1,0,0,0,7,0,0.0,0.03,0.03,0.0,0.03,"8062    18000000
Name: Market_value_eur, dtype: int64"
ENG-Premier League,2425,Everton,Michael Keane,ENG,DF,31,1993,14,11,1049,11.7,3,0,3,3,0,0,5,0,0.26,0.0,0.26,0.26,0.26,"11119    5000000
Name: Market_value_eur, dtype: int64"
ENG-Premier League,2425,Everton,Nathan Patterson,SCO,DF,22,2001,10,3,347,3.9,0,1,1,0,0,0,1,0,0.0,0.26,0.26,0.0,0.26,"11597    15000000
Name: Market_value_eur, dtype: int64"
ENG-Premier League,2425,Everton,Roman Dixon,ENG,DF,19,2004,1,1,90,1.0,0,0,0,0,0,0,0,0,0.0,0.0,0.0,0.0,0.0,"13123    200000
Name: Market_value_eur, dtype: int64"
ENG-Premier League,2425,Everton,Séamus Coleman,IRL,DF,35,1988,5,3,215,2.4,0,0,0,0,0,0,1,0,0.0,0.0,0.0,0.0,0.0,"14527    500000
Name: Market_value_eur, dtype: int64"
ENG-Premier League,2425,Everton,Tim Iroegbunam,ENG,MF,21,2003,18,5,574,6.4,0,1,1,0,0,0,4,0,0.0,0.16,0.16,0.0,0.16,"14750    12000000
Name: Market_value_eur, dtype: int64"
ENG-Premier League,2425,Everton,Vitaliy Mykolenko,UKR,DF,25,1999,35,35,3082,34.2,1,2,3,1,0,0,4,0,0.03,0.06,0.09,0.03,0.09,"15375    28000000
Name: Market_value_eur, dtype: int64"
ENG-Premier League,2425,Everton,Youssef Chermiti,POR,FW,20,2004,4,0,45,0.5,0,0,0,0,0,0,1,0,0.0,0.0,0.0,0.0,0.0,"15887    8000000
Name: Market_value_eur, dtype: int64"
ENG-Premier League,2425,Fulham,Adama Traoré,ESP,MF,28,1996,36,18,1772,19.7,2,7,9,2,0,0,3,0,0.1,0.36,0.46,0.1,0.46,"301    9000000
Name: Market_value_eur, dtype: int64"
ENG-Premier League,2425,Fulham,Alex Iwobi,NGA,MF,28,1996,38,35,2981,33.1,9,6,15,9,0,0,1,0,0.27,0.18,0.45,0.27,0.45,"495    28000000
Name: Market_value_eur, dtype: int64"
ENG-Premier League,2425,Fulham,Andreas Pereira,BRA,MF,28,1996,33,25,2013,22.4,2,4,6,2,0,1,7,0,0.09,0.18,0.27,0.09,0.27,"911    28000000
Name: Market_value_eur, dtype: int64"
ENG-Premier League,2425,Fulham,Antonee Robinson,USA,"DF,MF",26,1997,36,35,3167,35.2,0,10,10,0,0,0,8,0,0.0,0.28,0.28,0.0,0.28,"1101    35000000
Name: Market_value_eur, dtype: int64"
ENG-Premier League,2425,Fulham,Bernd Leno,GER,GK,32,1992,38,38,3420,38.0,0,1,1,0,0,0,5,0,0.0,0.03,0.03,0.0,0.03,"1667    10000000
Name: Market_value_eur, dtype: int64"
ENG-Premier League,2425,Fulham,Calvin Bassey,NGA,DF,24,1999,35,34,3074,34.2,1,0,1,1,0,0,7,0,0.03,0.0,0.03,0.03,0.03,"2188    28000000
Name: Market_value_eur, dtype: int64"
ENG-Premier League,2425,Fulham,Emile Smith Rowe,ENG,MF,24,2000,34,25,2043,22.7,6,3,9,6,0,0,3,0,0.26,0.13,0.4,0.26,0.4,"4407    30000000
Name: Market_value_eur, dtype: int64"
ENG-Premier League,2425,Fulham,Harrison Reed,ENG,MF,29,1995,12,0,108,1.2,0,0,0,0,0,0,2,0,0.0,0.0,0.0,0.0,0.0,"5780    7000000
Name: Market_value_eur, dtype: int64"
ENG-Premier League,2425,Fulham,Harry Wilson,WAL,"MF,FW",27,1997,25,12,1162,12.9,6,1,7,6,0,0,2,0,0.46,0.08,0.54,0.46,0.54,"5854    20000000
Name: Market_value_eur, dtype: int64"
ENG-Premier League,2425,Fulham,Issa Diop,MAR,DF,27,1997,21,15,1339,14.9,0,0,0,0,0,0,2,0,0.0,0.0,0.0,0.0,0.0,"6206    16000000
Name: Market_value_eur, dtype: int64"
ENG-Premier League,2425,Fulham,Jay Stansfield,ENG,"FW,MF",21,2002,1,0,1,0.0,0,0,0,0,0,0,0,0,0.0,0.0,0.0,0.0,0.0,"7106    18000000
Name: Market_value_eur, dtype: int64"
ENG-Premier League,2425,Fulham,Joachim Andersen,DEN,DF,28,1996,29,29,2583,28.7,0,0,0,0,0,0,6,1,0.0,0.0,0.0,0.0,0.0,"7374    27000000
Name: Market_value_eur, dtype: int64"
ENG-Premier League,2425,Fulham,Jorge Cuenca,ESP,DF,24,1999,8,4,351,3.9,0,0,0,0,0,0,0,0,0.0,0.0,0.0,0.0,0.0,"8137    5000000
Name: Market_value_eur, dtype: int64"
ENG-Premier League,2425,Fulham,Joshua King,ENG,MF,17,2007,8,1,130,1.4,0,0,0,0,0,0,0,0,0.0,0.0,0.0,0.0,0.0,"8215    20000000
Name: Market_value_eur, dtype: int64"
ENG-Premier League,2425,Fulham,Kenny Tete,NED,DF,28,1995,22,21,1774,19.7,0,2,2,0,0,0,5,0,0.0,0.1,0.1,0.0,0.1,"8747    13000000
Name: Market_value_eur, dtype: int64"
ENG-Premier League,2425,Fulham,Raúl Jiménez,MEX,FW,33,1991,38,30,2494,27.7,12,3,15,9,3,3,4,0,0.43,0.11,0.54,0.32,0.43,"12655    5000000
Name: Market_value_eur, dtype: int64"
ENG-Premier League,2425,Fulham,Reiss Nelson,ENG,MF,24,1999,11,5,487,5.4,1,1,2,1,0,0,1,0,0.18,0.18,0.37,0.18,0.37,"12712    16000000
Name: Market_value_eur, dtype: int64"
ENG-Premier League,2425,Fulham,Rodrigo Muniz,BRA,FW,23,2001,31,8,964,10.7,8,1,9,8,0,0,1,0,0.75,0.09,0.84,0.75,0.84,"13061    25000000
Name: Market_value_eur, dtype: int64"
ENG-Premier League,2425,Fulham,Ryan Sessegnon,ENG,"MF,DF",24,2000,16,7,580,6.4,4,2,6,4,0,0,1,0,0.62,0.31,0.93,0.62,0.93,"13368    20000000
Name: Market_value_eur, dtype: int64"
ENG-Premier League,2425,Fulham,Sander Berge,NOR,MF,26,1998,31,26,2224,24.7,0,0,0,0,0,0,6,0,0.0,0.0,0.0,0.0,0.0,"13641    25000000
Name: Market_value_eur, dtype: int64"
ENG-Premier League,2425,Fulham,Saša Lukić,SRB,MF,27,1996,30,28,2344,26.0,0,2,2,0,0,0,12,0,0.0,0.08,0.08,0.0,0.08,"13680    14000000
Name: Market_value_eur, dtype: int64"
ENG-Premier League,2425,Fulham,Timothy Castagne,BEL,"DF,MF",28,1995,24,17,1649,18.3,0,1,1,0,0,0,1,0,0.0,0.05,0.05,0.0,0.05,"14795    13000000
Name: Market_value_eur, dtype: int64"
ENG-Premier League,2425,Fulham,Tom Cairney,SCO,MF,33,1991,25,3,628,7.0,2,0,2,2,0,0,3,1,0.29,0.0,0.29,0.29,0.29,"14850    1500000
Name: Market_value_eur, dtype: int64"
ENG-Premier League,2425,Ipswich Town,Ali Al Hamadi,IRQ,FW,22,2002,11,0,134,1.5,0,0,0,0,0,0,3,0,0.0,0.0,0.0,0.0,0.0,"682    2500000
Name: Market_value_eur, dtype: int64"
ENG-Premier League,2425,Ipswich Town,Axel Tuanzebe,COD,DF,26,1997,22,20,1710,19.0,0,1,1,0,0,0,5,1,0.0,0.05,0.05,0.0,0.05,"1303    5000000
Name: Market_value_eur, dtype: int64"
ENG-Premier League,2425,Ipswich Town,Ben Johnson,ENG,"MF,DF",24,2000,23,14,1354,15.0,1,2,3,1,0,0,5,1,0.07,0.13,0.2,0.07,0.2,"1478    8000000
Name: Market_value_eur, dtype: int64"
ENG-Premier League,2425,Ipswich Town,Cameron Burgess,AUS,DF,28,1995,18,16,1541,17.1,0,2,2,0,0,0,0,0,0.0,0.12,0.12,0.0,0.12,"2211    2000000
Name: Market_value_eur, dtype: int64"
ENG-Premier League,2425,Ipswich Town,Chiedozie Ogbene,IRL,MF,27,1997,5,3,238,2.6,0,0,0,0,0,0,0,0,0.0,0.0,0.0,0.0,0.0,"2504    7000000
Name: Market_value_eur, dtype: int64"
ENG-Premier League,2425,Ipswich Town,Conor Chaplin,ENG,"MF,FW",27,1997,22,10,857,9.5,1,1,2,1,0,0,2,0,0.11,0.11,0.21,0.11,0.21,"2890    6000000
Name: Market_value_eur, dtype: int64"
ENG-Premier League,2425,Ipswich Town,Conor Townsend,ENG,DF,31,1993,6,3,335,3.7,0,1,1,0,0,0,1,0,0.0,0.27,0.27,0.0,0.27,"2955    800000
Name: Market_value_eur, dtype: int64"
ENG-Premier League,2425,Ipswich Town,Dara O'Shea,IRL,DF,25,1999,35,35,3122,34.7,0,2,2,0,0,0,6,0,0.0,0.06,0.06,0.0,0.06,"3544    15000000
Name: Market_value_eur, dtype: int64"
ENG-Premier League,2425,Ipswich Town,George Edmundson,ENG,DF,26,1997,1,0,2,0.0,0,0,0,0,0,0,0,0,0.0,0.0,0.0,0.0,0.0,"5355    800000
Name: Market_value_eur, dtype: int64"
ENG-Premier League,2425,Ipswich Town,George Hirst,SCO,FW,25,1999,26,5,661,7.3,3,1,4,3,0,0,3,0,0.41,0.14,0.54,0.41,0.54,"5392    8000000
Name: Market_value_eur, dtype: int64"
ENG-Premier League,2425,Ipswich Town,Harry Clarke,ENG,DF,23,2001,7,4,379,4.2,0,0,0,0,0,0,3,1,0.0,0.0,0.0,0.0,0.0,"5809    4500000
Name: Market_value_eur, dtype: int64"
ENG-Premier League,2425,Ipswich Town,Jack Clarke,ENG,MF,23,2000,32,12,1181,13.1,0,4,4,0,0,0,2,0,0.0,0.3,0.3,0.0,0.3,"6244    15000000
Name: Market_value_eur, dtype: int64"
ENG-Premier League,2425,Ipswich Town,Jack Taylor,IRL,MF,26,1998,32,4,860,9.6,1,0,1,1,0,0,4,0,0.1,0.0,0.1,0.1,0.1,"6406    3000000
Name: Market_value_eur, dtype: int64"
ENG-Premier League,2425,Ipswich Town,Jacob Greaves,ENG,DF,23,2000,25,25,2205,24.5,1,0,1,1,0,0,5,0,0.04,0.0,0.04,0.04,0.04,"6441    18000000
Name: Market_value_eur, dtype: int64"
ENG-Premier League,2425,Ipswich Town,Jaden Philogene Bidace,ENG,MF,22,2002,10,5,474,5.3,2,0,2,2,0,0,1,0,0.38,0.0,0.38,0.38,0.38,"6470    18000000
Name: Market_value_eur, dtype: int64"
ENG-Premier League,2425,Ipswich Town,Jens Cajuste,SWE,MF,24,1999,30,25,1959,21.8,1,1,2,1,0,0,2,0,0.05,0.05,0.09,0.05,0.09,"7253    12000000
Name: Market_value_eur, dtype: int64"
ENG-Premier League,2425,Ipswich Town,Kalvin Phillips,ENG,MF,28,1995,19,14,1237,13.7,0,0,0,0,0,0,6,1,0.0,0.0,0.0,0.0,0.0,"8599    15000000
Name: Market_value_eur, dtype: int64"
ENG-Premier League,2425,Ipswich Town,Leif Davis,ENG,DF,24,1999,33,32,2743,30.5,1,2,3,1,0,0,5,1,0.03,0.07,0.1,0.03,0.1,"9248    22000000
Name: Market_value_eur, dtype: int64"
ENG-Premier League,2425,Ipswich Town,Liam Delap,ENG,FW,21,2003,37,32,2593,28.8,12,2,14,10,2,2,12,0,0.42,0.07,0.49,0.35,0.42,"9519    40000000
Name: Market_value_eur, dtype: int64"
ENG-Premier League,2425,Ipswich Town,Luke Woolfenden,ENG,DF,25,1998,15,12,1187,13.2,0,0,0,0,0,0,2,0,0.0,0.0,0.0,0.0,0.0,"9931    2000000
Name: Market_value_eur, dtype: int64"
ENG-Premier League,2425,Ipswich Town,Marcus Harness,ENG,"FW,MF",28,1996,2,0,45,0.5,0,0,0,0,0,0,0,0,0.0,0.0,0.0,0.0,0.0,"10279    800000
Name: Market_value_eur, dtype: int64"
ENG-Premier League,2425,Ipswich Town,Massimo Luongo,AUS,MF,31,1992,11,2,201,2.2,0,0,0,0,0,0,0,0,0.0,0.0,0.0,0.0,0.0,"10581    400000
Name: Market_value_eur, dtype: int64"
ENG-Premier League,2425,Ipswich Town,Nathan Broadhead,WAL,MF,26,1998,18,7,702,7.8,2,0,2,2,0,0,1,0,0.26,0.0,0.26,0.26,0.26,"11521    32000000
Name: Market_value_eur, dtype: int64"
ENG-Premier League,2425,Ipswich Town,Omari Hutchinson,ENG,MF,20,2003,31,30,2583,28.7,3,2,5,3,0,0,5,0,0.1,0.07,0.17,0.1,0.17,"12046    35000000
Name: Market_value_eur, dtype: int64"
ENG-Premier League,2425,Ipswich Town,Sam Morsy,EGY,MF,32,1991,33,31,2751,30.6,1,1,2,1,0,0,10,0,0.03,0.03,0.07,0.03,0.07,"13559    500000
Name: Market_value_eur, dtype: int64"
ENG-Premier League,2425,Ipswich Town,Wes Burns,WAL,MF,29,1994,18,12,926,10.3,0,1,1,0,0,0,1,0,0.0,0.1,0.1,0.0,0.1,"15579    600000
Name: Market_value_eur, dtype: int64"
ENG-Premier League,2425,Leicester City,Abdul Fatawu Issahaku,GHA,"MF,FW",20,2004,11,6,579,6.4,0,2,2,0,0,0,0,0,0.0,0.31,0.31,0.0,0.31,"117    20000000
Name: Market_value_eur, dtype: int64"
ENG-Premier League,2425,Leicester City,Bobby De Cordova-Reid,JAM,"MF,FW",31,1993,23,9,744,8.3,1,2,3,1,0,0,2,0,0.12,0.24,0.36,0.12,0.36,"1752    4000000
Name: Market_value_eur, dtype: int64"
ENG-Premier League,2425,Leicester City,Conor Coady,ENG,DF,31,1993,22,19,1714,19.0,1,0,1,1,0,0,3,0,0.05,0.0,0.05,0.05,0.05,"2903    2200000
Name: Market_value_eur, dtype: int64"
ENG-Premier League,2425,Leicester City,Danny Ward,WAL,GK,31,1993,2,1,135,1.5,0,0,0,0,0,0,0,0,0.0,0.0,0.0,0.0,0.0,"6875    10000000
Name: Market_value_eur, dtype: int64"
ENG-Premier League,2425,Leicester City,Facundo Buonanotte,ARG,"MF,FW",19,2004,31,14,1523,16.9,5,2,7,5,0,0,8,0,0.3,0.12,0.41,0.3,0.41,"4748    20000000
Name: Market_value_eur, dtype: int64"
ENG-Premier League,2425,Leicester City,Hamza Choudhury,BAN,MF,26,1997,4,1,131,1.5,0,0,0,0,0,0,0,0,0.0,0.0,0.0,0.0,0.0,"5748    5000000
Name: Market_value_eur, dtype: int64"
ENG-Premier League,2425,Leicester City,Harry Winks,ENG,MF,28,1996,22,17,1538,17.1,0,2,2,0,0,0,4,0,0.0,0.12,0.12,0.0,0.12,"5865    10000000
Name: Market_value_eur, dtype: int64"
ENG-Premier League,2425,Leicester City,James Justin,ENG,"DF,MF",26,1998,36,34,2912,32.4,2,2,4,2,0,0,6,0,0.06,0.06,0.12,0.06,0.12,"6688    13000000
Name: Market_value_eur, dtype: int64"
ENG-Premier League,2425,Leicester City,Jannik Vestergaard,DEN,DF,31,1992,18,16,1391,15.5,0,0,0,0,0,0,5,0,0.0,0.0,0.0,0.0,0.0,"6966    2000000
Name: Market_value_eur, dtype: int64"
ENG-Premier League,2425,Leicester City,Jordan Ayew,GHA,MF,32,1991,30,19,1638,18.2,5,0,5,4,1,1,5,0,0.27,0.0,0.27,0.22,0.22,"7973    2500000
Name: Market_value_eur, dtype: int64"
ENG-Premier League,2425,Leicester City,Kasey McAteer,IRL,MF,22,2001,18,9,852,9.5,1,1,2,1,0,0,3,0,0.11,0.11,0.21,0.11,0.21,"8652    12000000
Name: Market_value_eur, dtype: int64"
ENG-Premier League,2425,Leicester City,Luke Thomas,ENG,DF,23,2001,14,13,1110,12.3,0,0,0,0,0,0,3,0,0.0,0.0,0.0,0.0,0.0,"9926    6000000
Name: Market_value_eur, dtype: int64"
ENG-Premier League,2425,Leicester City,Mads Hermansen,DEN,GK,24,2000,27,27,2385,26.5,0,0,0,0,0,0,1,0,0.0,0.0,0.0,0.0,0.0,"9992    18000000
Name: Market_value_eur, dtype: int64"
ENG-Premier League,2425,Leicester City,Michael Golding,ENG,MF,18,2006,1,0,1,0.0,0,0,0,0,0,0,0,0,0.0,0.0,0.0,0.0,0.0,"11074    2000000
Name: Market_value_eur, dtype: int64"
ENG-Premier League,2425,Leicester City,Oliver Skipp,ENG,MF,23,2000,24,10,1129,12.5,0,0,0,0,0,0,8,0,0.0,0.0,0.0,0.0,0.0,"11994    12000000
Name: Market_value_eur, dtype: int64"
ENG-Premier League,2425,Leicester City,Ricardo Pereira,POR,DF,30,1993,10,4,388,4.3,0,0,0,0,0,0,1,0,0.0,0.0,0.0,0.0,0.0,"12787    5000000
Name: Market_value_eur, dtype: int64"
ENG-Premier League,2425,Leicester City,Stephy Mavididi,ENG,MF,26,1998,30,16,1615,17.9,4,1,5,4,0,0,2,0,0.22,0.06,0.28,0.22,0.28,"14307    10000000
Name: Market_value_eur, dtype: int64"
ENG-Premier League,2425,Leicester City,Victor Bernth Kristiansen,DEN,"DF,MF",21,2002,30,29,2482,27.6,0,1,1,0,0,0,1,0,0.0,0.04,0.04,0.0,0.04,"15302    15000000
Name: Market_value_eur, dtype: int64"
ENG-Premier League,2425,Liverpool,Alexis Mac Allister,ARG,MF,25,1998,35,30,2599,28.9,5,5,10,5,0,0,6,0,0.17,0.17,0.35,0.17,0.35,"625    100000000
Name: Market_value_eur, dtype: int64"
ENG-Premier League,2425,Liverpool,Alisson,BRA,GK,31,1992,28,28,2508,27.9,0,0,0,0,0,0,0,0,0.0,0.0,0.0,0.0,0.0,"711    20000000
Name: Market_value_eur, dtype: int64"
ENG-Premier League,2425,Liverpool,Andy Robertson,SCO,DF,30,1994,33,29,2482,27.6,0,1,1,0,0,0,3,1,0.0,0.04,0.04,0.0,0.04,"872    20000000
Name: Market_value_eur, dtype: int64"
ENG-Premier League,2425,Liverpool,Caoimhín Kelleher,IRL,GK,25,1998,10,10,900,10.0,0,0,0,0,0,0,0,0,0.0,0.0,0.0,0.0,0.0,"2244    22000000
Name: Market_value_eur, dtype: int64"
ENG-Premier League,2425,Liverpool,Cody Gakpo,NED,MF,25,1999,35,23,1935,21.5,10,4,14,10,0,0,5,0,0.47,0.19,0.65,0.47,0.65,"2813    70000000
Name: Market_value_eur, dtype: int64"
ENG-Premier League,2425,Liverpool,Conor Bradley,NIR,DF,21,2003,19,7,754,8.4,0,2,2,0,0,0,4,0,0.0,0.24,0.24,0.0,0.24,"2881    30000000
Name: Market_value_eur, dtype: int64"
ENG-Premier League,2425,Liverpool,Curtis Jones,ENG,"MF,DF",23,2001,33,19,1712,19.0,3,3,6,3,0,0,3,1,0.16,0.16,0.32,0.16,0.32,"3113    50000000
Name: Market_value_eur, dtype: int64"
ENG-Premier League,2425,Liverpool,Dominik Szoboszlai,HUN,MF,23,2000,36,29,2491,27.7,6,6,12,6,0,0,6,0,0.22,0.22,0.43,0.22,0.43,"4118    85000000
Name: Market_value_eur, dtype: int64"
ENG-Premier League,2425,Liverpool,Federico Chiesa,ITA,FW,26,1997,6,1,108,1.2,0,0,0,0,0,0,0,0,0.0,0.0,0.0,0.0,0.0,"4761    18000000
Name: Market_value_eur, dtype: int64"
ENG-Premier League,2425,Liverpool,Harvey Elliott,ENG,MF,21,2003,18,2,371,4.1,1,2,3,1,0,0,1,0,0.24,0.49,0.73,0.24,0.73,"5888    35000000
Name: Market_value_eur, dtype: int64"
ENG-Premier League,2425,Liverpool,Ibrahima Konaté,FRA,DF,25,1999,31,30,2560,28.4,1,2,3,1,0,0,5,0,0.04,0.07,0.11,0.04,0.11,"6073    60000000
Name: Market_value_eur, dtype: int64"
ENG-Premier League,2425,Liverpool,Jayden Danns,ENG,FW,18,2006,1,0,11,0.1,0,0,0,0,0,0,0,0,0.0,0.0,0.0,0.0,0.0,"7133    800000
Name: Market_value_eur, dtype: int64"
ENG-Premier League,2425,Liverpool,Joe Gomez,ENG,DF,27,1997,9,6,519,5.8,0,0,0,0,0,0,1,0,0.0,0.0,0.0,0.0,0.0,"7464    25000000
Name: Market_value_eur, dtype: int64"
ENG-Premier League,2425,Liverpool,Luis Díaz,COL,"FW,MF",27,1997,36,28,2399,26.7,13,5,18,13,0,0,2,0,0.49,0.19,0.68,0.49,0.68,"1389    7500000
Name: Market_value_eur, dtype: int64"
ENG-Premier League,2425,Liverpool,Mohamed Salah,EGY,MF,32,1992,38,38,3371,37.5,29,18,47,20,9,9,1,0,0.77,0.48,1.25,0.53,1.01,"11383    50000000
Name: Market_value_eur, dtype: int64"
ENG-Premier League,2425,Liverpool,Ryan Gravenberch,NED,MF,22,2002,37,37,3160,35.1,0,4,4,0,0,0,6,1,0.0,0.11,0.11,0.0,0.11,"13315    90000000
Name: Market_value_eur, dtype: int64"
ENG-Premier League,2425,Liverpool,Trent Alexander-Arnold,ENG,DF,25,1998,33,28,2365,26.3,3,6,9,3,0,0,5,0,0.11,0.23,0.34,0.11,0.34,"584    140000000
Name: Market_value_eur, dtype: int64"
ENG-Premier League,2425,Liverpool,Virgil van Dijk,NED,DF,33,1991,37,37,3330,37.0,3,1,4,3,0,0,5,0,0.08,0.03,0.11,0.08,0.11,"15366    23000000
Name: Market_value_eur, dtype: int64"
ENG-Premier League,2425,Liverpool,Wataru Endo,JPN,MF,31,1993,20,1,273,3.0,0,0,0,0,0,0,0,0,0.0,0.0,0.0,0.0,0.0,"15448    10000000
Name: Market_value_eur, dtype: int64"
ENG-Premier League,2425,Manchester City,Abdukodir Khusanov,UZB,DF,20,2004,6,6,503,5.6,0,0,0,0,0,0,1,0,0.0,0.0,0.0,0.0,0.0,"111    35000000
Name: Market_value_eur, dtype: int64"
ENG-Premier League,2425,Manchester City,Bernardo Silva,POR,MF,29,1994,33,29,2670,29.7,4,4,8,4,0,0,7,0,0.13,0.13,0.27,0.13,0.27,"1650    45000000
Name: Market_value_eur, dtype: int64"
ENG-Premier League,2425,Manchester City,Divin Mubama,ENG,FW,19,2004,1,0,28,0.3,0,0,0,0,0,0,0,0,0.0,0.0,0.0,0.0,0.0,"4041    6000000
Name: Market_value_eur, dtype: int64"
ENG-Premier League,2425,Manchester City,Ederson Moraes,BRA,GK,30,1993,26,26,2320,25.8,0,4,4,0,0,0,4,0,0.0,0.16,0.16,0.0,0.16,"4210    25000000
Name: Market_value_eur, dtype: int64"
ENG-Premier League,2425,Manchester City,Erling Haaland,NOR,FW,24,2000,31,31,2736,30.4,22,3,25,19,3,4,2,0,0.72,0.1,0.82,0.62,0.72,"4574    200000000
Name: Market_value_eur, dtype: int64"
ENG-Premier League,2425,Manchester City,Jack Grealish,ENG,"MF,FW",28,1995,20,7,721,8.0,1,1,2,1,0,0,3,0,0.12,0.12,0.25,0.12,0.25,"6300    35000000
Name: Market_value_eur, dtype: int64"
ENG-Premier League,2425,Manchester City,James Mcatee,ENG,MF,21,2002,15,3,349,3.9,3,0,3,3,0,0,1,0,0.77,0.0,0.77,0.77,0.77,"6723    25000000
Name: Market_value_eur, dtype: int64"
ENG-Premier League,2425,Manchester City,Jeremy Doku,BEL,"MF,FW",22,2002,29,16,1516,16.8,3,6,9,3,0,0,1,0,0.18,0.36,0.53,0.18,0.53,"8526    65000000
Name: Market_value_eur, dtype: int64"
ENG-Premier League,2425,Manchester City,John Stones,ENG,DF,30,1994,11,6,548,6.1,2,0,2,2,0,0,1,0,0.33,0.0,0.33,0.33,0.33,"7787    30000000
Name: Market_value_eur, dtype: int64"
ENG-Premier League,2425,Manchester City,Joško Gvardiol,CRO,DF,22,2002,37,36,3277,36.4,5,0,5,5,0,0,2,0,0.14,0.0,0.14,0.14,0.14,"8299    75000000
Name: Market_value_eur, dtype: int64"
ENG-Premier League,2425,Manchester City,Kyle Walker,ENG,DF,34,1990,15,9,970,10.8,0,0,0,0,0,0,3,0,0.0,0.0,0.0,0.0,0.0,"9107    6000000
Name: Market_value_eur, dtype: int64"
ENG-Premier League,2425,Manchester City,Manuel Akanji,SUI,"DF,MF",29,1995,26,23,2014,22.4,0,0,0,0,0,0,3,0,0.0,0.0,0.0,0.0,0.0,"10066    32000000
Name: Market_value_eur, dtype: int64"
ENG-Premier League,2425,Manchester City,Mateo Kovačić,CRO,"MF,DF",30,1994,31,25,2198,24.4,6,2,8,6,0,0,5,1,0.25,0.08,0.33,0.25,0.33,"10601    25000000
Name: Market_value_eur, dtype: int64"
ENG-Premier League,2425,Manchester City,Matheus Nunes,POR,"DF,MF",25,1998,26,19,1674,18.6,1,6,7,1,0,0,4,0,0.05,0.32,0.38,0.05,0.38,"10630    38000000
Name: Market_value_eur, dtype: int64"
ENG-Premier League,2425,Manchester City,Nathan Aké,NED,DF,29,1995,10,8,678,7.5,0,0,0,0,0,0,0,0,0.0,0.0,0.0,0.0,0.0,"11521    32000000
Name: Market_value_eur, dtype: int64"
ENG-Premier League,2425,Manchester City,Nico O'Reilly,ENG,DF,19,2005,9,6,528,5.9,2,0,2,2,0,0,0,0,0.34,0.0,0.34,0.34,0.34,"11809    40000000
Name: Market_value_eur, dtype: int64"
ENG-Premier League,2425,Manchester City,Nicolás González,ESP,MF,22,2002,11,9,760,8.4,1,0,1,1,0,0,3,0,0.12,0.0,0.12,0.12,0.12,"11807    45000000
Name: Market_value_eur, dtype: int64"
ENG-Premier League,2425,Manchester City,Omar Marmoush,EGY,"MF,FW",25,1999,16,14,1175,13.1,7,0,7,7,0,0,0,0,0.54,0.0,0.54,0.54,0.54,"12040    75000000
Name: Market_value_eur, dtype: int64"
ENG-Premier League,2425,Manchester City,Oscar Bobb,NOR,"FW,MF",21,2003,3,0,16,0.2,0,0,0,0,0,0,0,0,0.0,0.0,0.0,0.0,0.0,"12066    30000000
Name: Market_value_eur, dtype: int64"
ENG-Premier League,2425,Manchester City,Phil Foden,ENG,"MF,FW",24,2000,28,20,1777,19.7,7,2,9,7,0,0,2,0,0.35,0.1,0.46,0.35,0.46,"12465    130000000
Name: Market_value_eur, dtype: int64"
ENG-Premier League,2425,Manchester City,Rico Lewis,ENG,"DF,MF",19,2004,28,21,1893,21.0,1,2,3,1,0,0,5,1,0.05,0.1,0.14,0.05,0.14,"12895    40000000
Name: Market_value_eur, dtype: int64"
ENG-Premier League,2425,Manchester City,Rodri,ESP,MF,28,1996,3,1,73,0.8,0,0,0,0,0,0,0,0,0.0,0.0,0.0,0.0,0.0,"13023    110000000
Name: Market_value_eur, dtype: int64"
ENG-Premier League,2425,Manchester City,Rúben Dias,POR,"DF,MF",27,1997,27,25,2271,25.2,0,0,0,0,0,0,4,0,0.0,0.0,0.0,0.0,0.0,"13457    70000000
Name: Market_value_eur, dtype: int64"
ENG-Premier League,2425,Manchester City,Stefan Ortega,GER,GK,31,1992,13,12,1100,12.2,0,0,0,0,0,0,1,0,0.0,0.0,0.0,0.0,0.0,"14212    8000000
Name: Market_value_eur, dtype: int64"
ENG-Premier League,2425,Manchester City,İlkay Gündoğan,GER,MF,33,1990,33,25,2223,24.7,1,6,7,1,0,0,1,0,0.04,0.24,0.28,0.04,0.28,"16017    7000000
Name: Market_value_eur, dtype: int64"
ENG-Premier League,2425,Manchester Utd,Alejandro Garnacho,ARG,MF,20,2004,36,23,2199,24.4,6,2,8,6,0,0,3,0,0.25,0.08,0.33,0.25,0.33,"453    45000000
Name: Market_value_eur, dtype: int64"
ENG-Premier League,2425,Manchester Utd,Altay Bayındır,TUR,GK,26,1998,4,4,360,4.0,0,0,0,0,0,0,0,0,0.0,0.0,0.0,0.0,0.0,"763    8000000
Name: Market_value_eur, dtype: int64"
ENG-Premier League,2425,Manchester Utd,Amad Diallo,CIV,"MF,FW",22,2002,26,20,1901,21.1,8,6,14,8,0,0,5,0,0.38,0.28,0.66,0.38,0.66,"773    50000000
Name: Market_value_eur, dtype: int64"
ENG-Premier League,2425,Manchester Utd,André Onana,CMR,GK,28,1996,34,34,3060,34.0,0,0,0,0,0,0,0,0,0.0,0.0,0.0,0.0,0.0,"911    28000000
Name: Market_value_eur, dtype: int64"
ENG-Premier League,2425,Manchester Utd,Ayden Heaven,ENG,DF,17,2006,4,2,170,1.9,0,0,0,0,0,0,1,0,0.0,0.0,0.0,0.0,0.0,"1306    10000000
Name: Market_value_eur, dtype: int64"
ENG-Premier League,2425,Manchester Utd,Bruno Fernandes,POR,MF,29,1994,36,35,3018,33.5,8,10,18,5,3,3,5,2,0.24,0.3,0.54,0.15,0.45,"2007    50000000
Name: Market_value_eur, dtype: int64"
ENG-Premier League,2425,Manchester Utd,Casemiro,BRA,MF,32,1992,24,18,1494,16.6,1,0,1,1,0,0,5,0,0.06,0.0,0.06,0.06,0.06,"2347    10000000
Name: Market_value_eur, dtype: int64"
ENG-Premier League,2425,Manchester Utd,Chidozie Obi-Martin,DEN,FW,16,2007,7,1,165,1.8,0,0,0,0,0,0,1,0,0.0,0.0,0.0,0.0,0.0,"2495    5000000
Name: Market_value_eur, dtype: int64"
ENG-Premier League,2425,Manchester Utd,Diogo Dalot,POR,"MF,DF",25,1999,33,31,2814,31.3,0,3,3,0,0,0,5,0,0.0,0.1,0.1,0.0,0.1,"4015    35000000
Name: Market_value_eur, dtype: int64"
ENG-Premier League,2425,Manchester Utd,Harry Amass,ENG,MF,17,2007,5,4,346,3.8,0,0,0,0,0,0,0,0,0.0,0.0,0.0,0.0,0.0,"5783    5000000
Name: Market_value_eur, dtype: int64"
ENG-Premier League,2425,Manchester Utd,Harry Maguire,ENG,DF,31,1993,27,19,1758,19.5,1,0,1,1,0,0,7,0,0.05,0.0,0.05,0.05,0.05,"5837    13000000
Name: Market_value_eur, dtype: int64"
ENG-Premier League,2425,Manchester Utd,Joshua Zirkzee,NED,"FW,MF",23,2001,32,14,1402,15.6,3,1,4,3,0,0,2,0,0.19,0.06,0.26,0.19,0.26,"8277    35000000
Name: Market_value_eur, dtype: int64"
ENG-Premier League,2425,Manchester Utd,Kobbie Mainoo,ENG,MF,19,2005,25,19,1651,18.3,0,0,0,0,0,0,5,0,0.0,0.0,0.0,0.0,0.0,"8951    50000000
Name: Market_value_eur, dtype: int64"
ENG-Premier League,2425,Manchester Utd,Leny Yoro,FRA,DF,18,2005,21,12,1165,12.9,0,0,0,0,0,0,5,0,0.0,0.0,0.0,0.0,0.0,"9269    55000000
Name: Market_value_eur, dtype: int64"
ENG-Premier League,2425,Manchester Utd,Lisandro Martínez,ARG,DF,26,1998,20,20,1751,19.5,2,1,3,2,0,0,7,0,0.1,0.05,0.15,0.1,0.15,"9604    45000000
Name: Market_value_eur, dtype: int64"
ENG-Premier League,2425,Manchester Utd,Luke Shaw,ENG,DF,29,1995,7,4,349,3.9,0,0,0,0,0,0,1,0,0.0,0.0,0.0,0.0,0.0,"9917    16000000
Name: Market_value_eur, dtype: int64"
ENG-Premier League,2425,Manchester Utd,Manuel Ugarte,URU,MF,23,2001,29,22,1785,19.8,1,2,3,1,0,0,11,0,0.05,0.1,0.15,0.05,0.15,"10075    45000000
Name: Market_value_eur, dtype: int64"
ENG-Premier League,2425,Manchester Utd,Mason Mount,ENG,"MF,FW",25,1999,17,8,622,6.9,1,0,1,1,0,0,3,0,0.14,0.0,0.14,0.14,0.14,"10568    32000000
Name: Market_value_eur, dtype: int64"
ENG-Premier League,2425,Manchester Utd,Matthijs de Ligt,NED,DF,24,1999,29,25,2123,23.6,2,0,2,2,0,0,3,0,0.08,0.0,0.08,0.08,0.08,"10852    40000000
Name: Market_value_eur, dtype: int64"
ENG-Premier League,2425,Manchester Utd,Noussair Mazraoui,MAR,"DF,MF",26,1997,37,34,2838,31.5,0,1,1,0,0,0,3,0,0.0,0.03,0.03,0.0,0.03,"11944    25000000
Name: Market_value_eur, dtype: int64"
ENG-Premier League,2425,Manchester Utd,Patrick Dorgu,DEN,MF,19,2004,12,10,842,9.4,0,0,0,0,0,0,3,1,0.0,0.0,0.0,0.0,0.0,"12195    30000000
Name: Market_value_eur, dtype: int64"
ENG-Premier League,2425,Manchester Utd,Scott McTominay,SCO,MF,27,1996,2,0,19,0.2,0,0,0,0,0,0,0,0,0.0,0.0,0.0,0.0,0.0,"551    30000000
Name: Market_value_eur, dtype: int64"
ENG-Premier League,2425,Manchester Utd,Toby Collyer,ENG,MF,20,2004,6,0,179,2.0,0,0,0,0,0,0,0,0,0.0,0.0,0.0,0.0,0.0,"14817    5000000
Name: Market_value_eur, dtype: int64"
ENG-Premier League,2425,Manchester Utd,Tyler Fredricson,ENG,DF,19,2005,2,2,165,1.8,0,0,0,0,0,0,0,0,0.0,0.0,0.0,0.0,0.0,"15185    3000000
Name: Market_value_eur, dtype: int64"
ENG-Premier League,2425,Manchester Utd,Tyrell Malacia,NED,MF,24,1999,3,2,100,1.1,0,0,0,0,0,0,1,0,0.0,0.0,0.0,0.0,0.0,"15209    12000000
Name: Market_value_eur, dtype: int64"
ENG-Premier League,2425,Manchester Utd,Victor Lindelöf,SWE,DF,30,1994,16,6,704,7.8,0,0,0,0,0,0,1,0,0.0,0.0,0.0,0.0,0.0,"15318    8000000
Name: Market_value_eur, dtype: int64"
ENG-Premier League,2425,Newcastle,Alexander Isak,SWE,FW,24,1999,34,34,2756,30.6,23,6,29,19,4,4,1,0,0.75,0.2,0.95,0.62,0.82,"584    140000000
Name: Market_value_eur, dtype: int64"
ENG-Premier League,2425,Newcastle,Anthony Gordon,ENG,"FW,MF",23,2001,34,28,2434,27.0,6,5,11,5,1,2,2,0,0.22,0.18,0.41,0.18,0.37,"1041    65000000
Name: Market_value_eur, dtype: int64"
ENG-Premier League,2425,Newcastle,Bruno Guimarães,BRA,MF,26,1997,38,38,3271,36.3,5,6,11,5,0,0,7,0,0.14,0.17,0.3,0.14,0.3,"2017    80000000
Name: Market_value_eur, dtype: int64"
ENG-Premier League,2425,Newcastle,Callum Wilson,ENG,FW,32,1992,18,2,370,4.1,0,0,0,0,0,0,1,0,0.0,0.0,0.0,0.0,0.0,"2168    8000000
Name: Market_value_eur, dtype: int64"
ENG-Premier League,2425,Newcastle,Dan Burn,ENG,DF,32,1992,37,37,3330,37.0,1,1,2,1,0,0,11,0,0.03,0.03,0.05,0.03,0.05,"3213    6000000
Name: Market_value_eur, dtype: int64"
ENG-Premier League,2425,Newcastle,Emil Krafth,SWE,DF,29,1994,12,2,342,3.8,0,0,0,0,0,0,2,0,0.0,0.0,0.0,0.0,0.0,"4399    2000000
Name: Market_value_eur, dtype: int64"
ENG-Premier League,2425,Newcastle,Fabian Schär,SUI,DF,32,1991,34,33,2934,32.6,4,0,4,4,0,0,9,1,0.12,0.0,0.12,0.12,0.12,"4711    7000000
Name: Market_value_eur, dtype: int64"
ENG-Premier League,2425,Newcastle,Harvey Barnes,ENG,"FW,MF",26,1997,33,17,1755,19.5,9,4,13,9,0,0,0,0,0.46,0.21,0.67,0.46,0.67,"5874    35000000
Name: Market_value_eur, dtype: int64"
ENG-Premier League,2425,Newcastle,Jacob Murphy,ENG,"FW,MF",29,1995,35,31,2360,26.2,8,12,20,8,0,0,4,0,0.31,0.46,0.76,0.31,0.76,"6453    16000000
Name: Market_value_eur, dtype: int64"
ENG-Premier League,2425,Newcastle,Joe Willock,ENG,MF,24,1999,32,11,1086,12.1,0,2,2,0,0,0,4,0,0.0,0.17,0.17,0.0,0.17,"7562    22000000
Name: Market_value_eur, dtype: int64"
ENG-Premier League,2425,Newcastle,Joelinton,BRA,"MF,FW",27,1996,29,29,2393,26.6,4,3,7,4,0,0,10,0,0.15,0.11,0.26,0.15,0.26,"7644    35000000
Name: Market_value_eur, dtype: int64"
ENG-Premier League,2425,Newcastle,Kieran Trippier,ENG,DF,33,1990,25,14,1309,14.5,0,3,3,0,0,0,1,0,0.0,0.21,0.21,0.0,0.21,"8915    5000000
Name: Market_value_eur, dtype: int64"
ENG-Premier League,2425,Newcastle,Lewis Hall,ENG,DF,19,2004,27,24,2189,24.3,0,4,4,0,0,0,3,0,0.0,0.16,0.16,0.0,0.16,"9439    32000000
Name: Market_value_eur, dtype: int64"
ENG-Premier League,2425,Newcastle,Lewis Miley,ENG,MF,18,2006,14,1,313,3.5,1,0,1,1,0,0,0,0,0.29,0.0,0.29,0.29,0.29,"9447    22000000
Name: Market_value_eur, dtype: int64"
ENG-Premier League,2425,Newcastle,Martin Dúbravka,SVK,GK,35,1989,10,10,900,10.0,0,0,0,0,0,0,0,0,0.0,0.0,0.0,0.0,0.0,"10504    1000000
Name: Market_value_eur, dtype: int64"
ENG-Premier League,2425,Newcastle,Matt Targett,ENG,"DF,MF",28,1995,2,0,21,0.2,0,0,0,0,0,0,0,0,0.0,0.0,0.0,0.0,0.0,"10759    5000000
Name: Market_value_eur, dtype: int64"
ENG-Premier League,2425,Newcastle,Nick Pope,ENG,GK,32,1992,28,28,2520,28.0,0,0,0,0,0,0,2,0,0.0,0.0,0.0,0.0,0.0,"11753    10000000
Name: Market_value_eur, dtype: int64"
ENG-Premier League,2425,Newcastle,Sandro Tonali,ITA,MF,24,2000,36,28,2630,29.2,4,2,6,4,0,0,5,0,0.14,0.07,0.21,0.14,0.21,"13650    75000000
Name: Market_value_eur, dtype: int64"
ENG-Premier League,2425,Newcastle,Sean Longstaff,ENG,MF,26,1997,25,8,798,8.9,0,0,0,0,0,0,2,0,0.0,0.0,0.0,0.0,0.0,"13773    22000000
Name: Market_value_eur, dtype: int64"
ENG-Premier League,2425,Newcastle,Sven Botman,NED,DF,24,2000,8,6,412,4.6,0,0,0,0,0,0,1,0,0.0,0.0,0.0,0.0,0.0,"14483    42000000
Name: Market_value_eur, dtype: int64"
ENG-Premier League,2425,Newcastle,Tino Livramento,ENG,DF,21,2002,37,32,2840,31.6,0,1,1,0,0,0,1,0,0.0,0.03,0.03,0.0,0.03,"14803    40000000
Name: Market_value_eur, dtype: int64"
ENG-Premier League,2425,Newcastle,William Osula,DEN,FW,20,2003,14,0,134,1.5,1,0,1,1,0,0,0,0,0.67,0.0,0.67,0.67,0.67,"15697    15000000
Name: Market_value_eur, dtype: int64"
ENG-Premier League,2425,Nottingham,Anthony Elanga,SWE,"MF,FW",22,2002,38,31,2501,27.8,6,11,17,6,0,0,1,0,0.22,0.4,0.61,0.22,0.61,"1030    55000000
Name: Market_value_eur, dtype: int64"
ENG-Premier League,2425,Nottingham,Callum Hudson-Odoi,ENG,MF,23,2000,31,25,2194,24.4,5,2,7,5,0,0,2,0,0.21,0.08,0.29,0.21,0.29,"2105    30000000
Name: Market_value_eur, dtype: int64"
ENG-Premier League,2425,Nottingham,Chris Wood,NZL,FW,32,1991,36,35,2959,32.9,20,3,23,17,3,3,1,0,0.61,0.09,0.7,0.52,0.61,"2662    10000000
Name: Market_value_eur, dtype: int64"
ENG-Premier League,2425,Nottingham,Elliot Anderson,ENG,MF,21,2002,37,33,2728,30.3,2,6,8,2,0,0,10,0,0.07,0.2,0.26,0.07,0.26,"4310    60000000
Name: Market_value_eur, dtype: int64"
ENG-Premier League,2425,Nottingham,Eric da Silva Moreira,GER,DF,18,2006,2,0,30,0.3,0,0,0,0,0,0,0,0,0.0,0.0,0.0,0.0,0.0,"1650    45000000
Name: Market_value_eur, dtype: int64"
ENG-Premier League,2425,Nottingham,Ibrahim Sangaré,CIV,MF,26,1997,13,7,590,6.6,0,1,1,0,0,0,3,0,0.0,0.15,0.15,0.0,0.15,"6058    24000000
Name: Market_value_eur, dtype: int64"
ENG-Premier League,2425,Nottingham,James Ward-Prowse,ENG,MF,29,1994,9,5,400,4.4,0,1,1,0,0,0,2,1,0.0,0.23,0.23,0.0,0.23,"6875    10000000
Name: Market_value_eur, dtype: int64"
ENG-Premier League,2425,Nottingham,Matz Sels,BEL,GK,32,1992,38,38,3420,38.0,0,0,0,0,0,0,4,0,0.0,0.0,0.0,0.0,0.0,"10906    7000000
Name: Market_value_eur, dtype: int64"
ENG-Premier League,2425,Nottingham,Morato,BRA,DF,23,2001,26,6,907,10.1,0,0,0,0,0,0,5,0,0.0,0.0,0.0,0.0,0.0,"11407    14000000
Name: Market_value_eur, dtype: int64"
ENG-Premier League,2425,Nottingham,Morgan Gibbs-White,ENG,MF,24,2000,34,34,2803,31.1,7,8,15,7,0,0,11,1,0.22,0.26,0.48,0.22,0.48,"11417    65000000
Name: Market_value_eur, dtype: int64"
ENG-Premier League,2425,Nottingham,Murillo,BRA,DF,22,2002,36,36,3188,35.4,2,0,2,2,0,0,6,0,0.06,0.0,0.06,0.06,0.06,"11464    55000000
Name: Market_value_eur, dtype: int64"
ENG-Premier League,2425,Nottingham,Neco Williams,WAL,"DF,MF",23,2001,35,28,2594,28.8,1,3,4,1,0,0,7,0,0.03,0.1,0.14,0.03,0.14,"11658    25000000
Name: Market_value_eur, dtype: int64"
ENG-Premier League,2425,Nottingham,Nicolás Domínguez,ARG,MF,26,1998,34,23,1963,21.8,0,1,1,0,0,0,9,0,0.0,0.05,0.05,0.0,0.05,"11840    18000000
Name: Market_value_eur, dtype: int64"
ENG-Premier League,2425,Nottingham,Nikola Milenković,SRB,DF,26,1997,37,37,3330,37.0,5,2,7,5,0,0,4,0,0.14,0.05,0.19,0.14,0.19,"11877    35000000
Name: Market_value_eur, dtype: int64"
ENG-Premier League,2425,Nottingham,Ola Aina,NGA,DF,27,1996,35,35,2995,33.3,2,1,3,2,0,0,5,0,0.06,0.03,0.09,0.06,0.09,"11961    22000000
Name: Market_value_eur, dtype: int64"
ENG-Premier League,2425,Nottingham,Ryan Yates,ENG,MF,26,1997,35,18,1915,21.3,2,1,3,2,0,0,10,0,0.09,0.05,0.14,0.09,0.14,"13422    12000000
Name: Market_value_eur, dtype: int64"
ENG-Premier League,2425,Nottingham,Taiwo Awoniyi,NGA,FW,26,1997,26,3,416,4.6,1,0,1,1,0,0,0,0,0.22,0.0,0.22,0.22,0.22,"14560    18000000
Name: Market_value_eur, dtype: int64"
ENG-Premier League,2425,Nottingham,Willy Boly,CIV,DF,33,1991,6,1,150,1.7,0,0,0,0,0,0,1,0,0.0,0.0,0.0,0.0,0.0,"15722    1500000
Name: Market_value_eur, dtype: int64"
ENG-Premier League,2425,Southampton,Aaron Ramsdale,ENG,GK,26,1998,30,30,2700,30.0,0,0,0,0,0,0,2,0,0.0,0.0,0.0,0.0,0.0,"64    16000000
Name: Market_value_eur, dtype: int64"
ENG-Premier League,2425,Southampton,Adam Armstrong,ENG,"FW,MF",27,1997,20,15,1248,13.9,2,2,4,2,0,1,4,0,0.14,0.14,0.29,0.14,0.29,"129    14000000
Name: Market_value_eur, dtype: int64"
ENG-Premier League,2425,Southampton,Adam Lallana,ENG,MF,36,1988,14,5,361,4.0,0,2,2,0,0,0,4,0,0.0,0.5,0.5,0.0,0.5,"219    750000
Name: Market_value_eur, dtype: int64"
ENG-Premier League,2425,Southampton,Alex McCarthy,ENG,GK,34,1989,5,5,450,5.0,0,0,0,0,0,0,0,0,0.0,0.0,0.0,0.0,0.0,"515    350000
Name: Market_value_eur, dtype: int64"
ENG-Premier League,2425,Southampton,Ben Brereton,CHI,"FW,MF",25,1999,10,4,449,5.0,0,0,0,0,0,0,1,0,0.0,0.0,0.0,0.0,0.0,"1389    7500000
Name: Market_value_eur, dtype: int64"
ENG-Premier League,2425,Southampton,Cameron Archer,ENG,FW,23,2001,35,13,1441,16.0,2,0,2,2,0,1,0,0,0.12,0.0,0.12,0.12,0.12,"2200    12000000
Name: Market_value_eur, dtype: int64"
ENG-Premier League,2425,Southampton,Carlos Alcaraz,ARG,MF,21,2002,1,0,10,0.1,0,0,0,0,0,0,0,0,0.0,0.0,0.0,0.0,0.0,"2289    15000000
Name: Market_value_eur, dtype: int64"
ENG-Premier League,2425,Southampton,Charlie Taylor,ENG,DF,30,1993,8,3,356,4.0,0,0,0,0,0,0,1,0,0.0,0.0,0.0,0.0,0.0,"2437    2200000
Name: Market_value_eur, dtype: int64"
ENG-Premier League,2425,Southampton,Flynn Downes,ENG,MF,25,1999,27,25,2151,23.9,1,0,1,1,0,0,12,0,0.04,0.0,0.04,0.04,0.04,"4913    13000000
Name: Market_value_eur, dtype: int64"
ENG-Premier League,2425,Southampton,Jack Stephens,ENG,DF,30,1994,19,17,1389,15.4,1,0,1,1,0,0,2,2,0.06,0.0,0.06,0.06,0.06,"6401    1500000
Name: Market_value_eur, dtype: int64"
ENG-Premier League,2425,Southampton,James Bree,ENG,"DF,MF",26,1997,17,13,1075,11.9,0,1,1,0,0,0,0,0,0.0,0.08,0.08,0.0,0.08,"6616    2500000
Name: Market_value_eur, dtype: int64"
ENG-Premier League,2425,Southampton,Jan Bednarek,POL,DF,28,1996,30,30,2531,28.1,2,0,2,2,0,0,7,0,0.07,0.0,0.07,0.07,0.07,"6949    35000000
Name: Market_value_eur, dtype: int64"
ENG-Premier League,2425,Southampton,Jay Robinson,ENG,MF,17,2007,4,1,137,1.5,0,0,0,0,0,0,0,0,0.0,0.0,0.0,0.0,0.0,"7074    8000000
Name: Market_value_eur, dtype: int64"
ENG-Premier League,2425,Southampton,Joachim Kayi Sanda,FRA,DF,17,2006,2,0,14,0.2,0,0,0,0,0,0,0,0,0.0,0.0,0.0,0.0,0.0,"7378    1500000
Name: Market_value_eur, dtype: int64"
ENG-Premier League,2425,Southampton,Joe Aribo,NGA,MF,28,1996,32,21,2013,22.4,3,0,3,3,0,0,1,0,0.13,0.0,0.13,0.13,0.13,"7398    6000000
Name: Market_value_eur, dtype: int64"
ENG-Premier League,2425,Southampton,Joe Lumley,ENG,GK,29,1995,3,3,270,3.0,0,0,0,0,0,0,0,0,0.0,0.0,0.0,0.0,0.0,"7495    500000
Name: Market_value_eur, dtype: int64"
ENG-Premier League,2425,Southampton,Kyle Walker-Peters,ENG,"MF,DF",27,1997,33,33,2918,32.4,0,2,2,0,0,0,5,0,0.0,0.06,0.06,0.0,0.06,"9117    18000000
Name: Market_value_eur, dtype: int64"
ENG-Premier League,2425,Southampton,Lesley Ugochukwu,FRA,MF,20,2004,26,18,1655,18.4,1,1,2,1,0,0,7,0,0.05,0.05,0.11,0.05,0.11,"9362    25000000
Name: Market_value_eur, dtype: int64"
ENG-Premier League,2425,Southampton,Mateus Fernandes,POR,MF,20,2004,36,34,2909,32.3,2,4,6,2,0,0,8,0,0.06,0.12,0.19,0.06,0.19,"10606    32000000
Name: Market_value_eur, dtype: int64"
ENG-Premier League,2425,Southampton,Nathan Wood-Gordon,ENG,DF,22,2002,11,9,773,8.6,0,0,0,0,0,0,2,0,0.0,0.0,0.0,0.0,0.0,"11618    4000000
Name: Market_value_eur, dtype: int64"
ENG-Premier League,2425,Southampton,Paul Onuachu,NGA,FW,30,1994,25,11,1050,11.7,4,1,5,4,0,0,4,0,0.34,0.09,0.43,0.34,0.43,"6949    35000000
Name: Market_value_eur, dtype: int64"
ENG-Premier League,2425,Southampton,Ronnie Edwards,ENG,DF,21,2003,1,0,12,0.1,0,0,0,0,0,0,0,0,0.0,0.0,0.0,0.0,0.0,"13153    3800000
Name: Market_value_eur, dtype: int64"
ENG-Premier League,2425,Southampton,Ross Stewart,SCO,FW,28,1996,12,4,389,4.3,1,0,1,1,0,0,1,0,0.23,0.0,0.23,0.23,0.23,"13195    4000000
Name: Market_value_eur, dtype: int64"
ENG-Premier League,2425,Southampton,Ryan Manning,IRL,"DF,MF",28,1996,24,18,1462,16.2,0,1,1,0,0,0,2,0,0.0,0.06,0.06,0.0,0.06,"13341    3000000
Name: Market_value_eur, dtype: int64"
ENG-Premier League,2425,Southampton,Samuel Edozie,ENG,"FW,MF",21,2003,2,0,65,0.7,0,0,0,0,0,0,1,0,0.0,0.0,0.0,0.0,0.0,"13621    6000000
Name: Market_value_eur, dtype: int64"
ENG-Premier League,2425,Southampton,Taylor Harwood-Bellis,ENG,DF,22,2002,34,32,2825,31.4,1,0,1,1,0,0,9,0,0.03,0.0,0.03,0.03,0.03,"14596    22000000
Name: Market_value_eur, dtype: int64"
ENG-Premier League,2425,Southampton,Tyler Dibling,ENG,"MF,FW",18,2006,33,20,1874,20.8,2,0,2,2,0,0,6,0,0.1,0.0,0.1,0.1,0.1,"15183    35000000
Name: Market_value_eur, dtype: int64"
ENG-Premier League,2425,Southampton,Welington,BRA,"MF,DF",23,2001,10,6,482,5.4,0,0,0,0,0,0,1,0,0.0,0.0,0.0,0.0,0.0,"15518    3000000
Name: Market_value_eur, dtype: int64"
ENG-Premier League,2425,Tottenham,Alfie Dorrington,ENG,DF,19,2005,1,0,14,0.2,0,0,0,0,0,0,0,0,0.0,0.0,0.0,0.0,0.0,"657    250000
Name: Market_value_eur, dtype: int64"
ENG-Premier League,2425,Tottenham,Antonín Kinský,CZE,GK,21,2003,6,6,540,6.0,0,0,0,0,0,0,0,0,0.0,0.0,0.0,0.0,0.0,"1130    15000000
Name: Market_value_eur, dtype: int64"
ENG-Premier League,2425,Tottenham,Archie Gray,ENG,"DF,MF",18,2006,28,19,1751,19.5,0,0,0,0,0,0,1,0,0.0,0.0,0.0,0.0,0.0,"1148    38000000
Name: Market_value_eur, dtype: int64"
ENG-Premier League,2425,Tottenham,Ben Davies,WAL,DF,31,1993,17,14,1331,14.8,0,0,0,0,0,0,5,0,0.0,0.0,0.0,0.0,0.0,"1414    6000000
Name: Market_value_eur, dtype: int64"
ENG-Premier League,2425,Tottenham,Brandon Austin,ENG,GK,25,1999,1,1,90,1.0,0,0,0,0,0,0,0,0,0.0,0.0,0.0,0.0,0.0,"1881    600000
Name: Market_value_eur, dtype: int64"
ENG-Premier League,2425,Tottenham,Brennan Johnson,WAL,"FW,MF",23,2001,33,24,2177,24.2,11,3,14,11,0,0,5,0,0.45,0.12,0.58,0.45,0.58,"1955    40000000
Name: Market_value_eur, dtype: int64"
ENG-Premier League,2425,Tottenham,Cristian Romero,ARG,DF,26,1998,18,18,1416,15.7,1,0,1,1,0,0,3,0,0.06,0.0,0.06,0.06,0.06,"3058    60000000
Name: Market_value_eur, dtype: int64"
ENG-Premier League,2425,Tottenham,Dejan Kulusevski,SWE,"MF,FW",24,2000,32,27,2389,26.5,7,4,11,7,0,0,3,0,0.26,0.15,0.41,0.26,0.41,"3887    50000000
Name: Market_value_eur, dtype: int64"
ENG-Premier League,2425,Tottenham,Destiny Udogie,ITA,DF,21,2002,25,24,1924,21.4,0,1,1,0,0,0,2,0,0.0,0.05,0.05,0.0,0.05,"3915    40000000
Name: Market_value_eur, dtype: int64"
ENG-Premier League,2425,Tottenham,Djed Spence,ENG,DF,23,2000,25,19,1792,19.9,1,2,3,1,0,0,4,1,0.05,0.1,0.15,0.05,0.15,"4065    32000000
Name: Market_value_eur, dtype: int64"
ENG-Premier League,2425,Tottenham,Dominic Solanke,ENG,FW,26,1997,27,25,2201,24.5,9,3,12,8,1,1,0,0,0.37,0.12,0.49,0.33,0.45,"4108    40000000
Name: Market_value_eur, dtype: int64"
ENG-Premier League,2425,Tottenham,Fraser Forster,ENG,GK,36,1988,7,7,630,7.0,0,0,0,0,0,0,0,0,0.0,0.0,0.0,0.0,0.0,"4977    1000000
Name: Market_value_eur, dtype: int64"
ENG-Premier League,2425,Tottenham,Guglielmo Vicario,ITA,GK,27,1996,24,24,2160,24.0,0,0,0,0,0,0,1,0,0.0,0.0,0.0,0.0,0.0,"5688    32000000
Name: Market_value_eur, dtype: int64"
ENG-Premier League,2425,Tottenham,James Maddison,ENG,MF,27,1996,31,21,1809,20.1,9,7,16,9,0,0,6,0,0.45,0.35,0.8,0.45,0.8,"6701    50000000
Name: Market_value_eur, dtype: int64"
ENG-Premier League,2425,Tottenham,Kevin Danso,AUT,DF,25,1998,10,9,842,9.4,0,0,0,0,0,0,0,0,0.0,0.0,0.0,0.0,0.0,"8789    25000000
Name: Market_value_eur, dtype: int64"
ENG-Premier League,2425,Tottenham,Lucas Bergvall,SWE,MF,18,2006,27,11,1212,13.5,0,1,1,0,0,0,3,0,0.0,0.07,0.07,0.0,0.07,"9684    40000000
Name: Market_value_eur, dtype: int64"
ENG-Premier League,2425,Tottenham,Mathys Tel,FRA,FW,19,2005,13,11,911,10.1,2,1,3,1,1,1,2,0,0.2,0.1,0.3,0.1,0.2,"10655    40000000
Name: Market_value_eur, dtype: int64"
ENG-Premier League,2425,Tottenham,Micky van de Ven,NED,DF,23,2001,13,12,1015,11.3,0,2,2,0,0,0,4,0,0.0,0.18,0.18,0.0,0.18,"11213    65000000
Name: Market_value_eur, dtype: int64"
ENG-Premier League,2425,Tottenham,Pape Matar Sarr,SEN,MF,21,2002,36,22,1913,21.3,3,2,5,3,0,0,6,0,0.14,0.09,0.24,0.14,0.24,"12171    40000000
Name: Market_value_eur, dtype: int64"
ENG-Premier League,2425,Tottenham,Pedro Porro,ESP,DF,24,1999,33,28,2610,29.0,2,6,8,2,0,0,5,0,0.07,0.21,0.28,0.07,0.28,"12348    40000000
Name: Market_value_eur, dtype: int64"
ENG-Premier League,2425,Tottenham,Radu Drăgușin,ROU,DF,22,2002,16,14,1252,13.9,0,0,0,0,0,0,1,0,0.0,0.0,0.0,0.0,0.0,"12579    25000000
Name: Market_value_eur, dtype: int64"
ENG-Premier League,2425,Tottenham,Richarlison,BRA,FW,27,1997,15,4,504,5.6,4,1,5,4,0,0,2,0,0.71,0.18,0.89,0.71,0.89,"12857    28000000
Name: Market_value_eur, dtype: int64"
ENG-Premier League,2425,Tottenham,Rodrigo Bentancur,URU,MF,27,1997,26,21,1645,18.3,2,0,2,2,0,0,9,0,0.11,0.0,0.11,0.11,0.11,"13049    30000000
Name: Market_value_eur, dtype: int64"
ENG-Premier League,2425,Tottenham,Wilson Odobert,FRA,"FW,MF",19,2004,16,9,850,9.4,1,0,1,1,0,0,0,0,0.11,0.0,0.11,0.11,0.11,"15753    22000000
Name: Market_value_eur, dtype: int64"
ENG-Premier League,2425,Tottenham,Yves Bissouma,MLI,MF,27,1996,28,16,1408,15.6,2,0,2,2,0,0,7,0,0.13,0.0,0.13,0.13,0.13,"15906    28000000
Name: Market_value_eur, dtype: int64"
ENG-Premier League,2425,West Ham,Aaron Cresswell,ENG,DF,34,1989,18,10,824,9.2,0,0,0,0,0,0,3,0,0.0,0.0,0.0,0.0,0.0,"20    500000
Name: Market_value_eur, dtype: int64"
ENG-Premier League,2425,West Ham,Aaron Wan-Bissaka,COD,"DF,MF",26,1997,36,35,3154,35.0,2,5,7,2,0,0,1,0,0.06,0.14,0.2,0.06,0.2,"82    24000000
Name: Market_value_eur, dtype: int64"
ENG-Premier League,2425,West Ham,Alphonse Areola,FRA,GK,31,1993,26,25,2260,25.1,0,0,0,0,0,0,0,0,0.0,0.0,0.0,0.0,0.0,"751    9000000
Name: Market_value_eur, dtype: int64"
ENG-Premier League,2425,West Ham,Crysencio Summerville,NED,"MF,FW",22,2001,19,7,786,8.7,1,1,2,1,0,0,2,0,0.11,0.11,0.23,0.11,0.23,"3066    22000000
Name: Market_value_eur, dtype: int64"
ENG-Premier League,2425,West Ham,Danny Ings,ENG,FW,32,1992,15,1,284,3.2,1,2,3,1,0,0,0,0,0.32,0.63,0.95,0.32,0.95,"3444    6000000
Name: Market_value_eur, dtype: int64"
ENG-Premier League,2425,West Ham,Edson Álvarez,MEX,MF,26,1997,28,20,1772,19.7,0,1,1,0,0,0,9,1,0.0,0.05,0.05,0.0,0.05,"4227    25000000
Name: Market_value_eur, dtype: int64"
ENG-Premier League,2425,West Ham,Guido Rodríguez,ARG,MF,30,1994,23,16,1149,12.8,0,1,1,0,0,0,6,0,0.0,0.08,0.08,0.0,0.08,"5700    12000000
Name: Market_value_eur, dtype: int64"
ENG-Premier League,2425,West Ham,James Ward-Prowse,ENG,MF,29,1994,15,12,1039,11.5,1,1,2,1,0,0,2,0,0.09,0.09,0.17,0.09,0.17,"6875    10000000
Name: Market_value_eur, dtype: int64"
ENG-Premier League,2425,West Ham,Jarrod Bowen,ENG,"MF,FW",27,1996,34,34,2973,33.0,13,8,21,12,1,1,1,0,0.39,0.24,0.64,0.36,0.61,"6995    40000000
Name: Market_value_eur, dtype: int64"
ENG-Premier League,2425,West Ham,Jean-Clair Todibo,FRA,DF,24,1999,27,20,1825,20.3,0,0,0,0,0,0,3,0,0.0,0.0,0.0,0.0,0.0,"7183    28000000
Name: Market_value_eur, dtype: int64"
ENG-Premier League,2425,West Ham,Kaelan Casey,ENG,DF,19,2004,1,0,1,0.0,0,0,0,0,0,0,0,0,0.0,0.0,0.0,0.0,0.0,"8561    1000000
Name: Market_value_eur, dtype: int64"
ENG-Premier League,2425,West Ham,Konstantinos Mavropanos,GRE,DF,26,1997,33,21,2045,22.7,0,0,0,0,0,0,6,1,0.0,0.0,0.0,0.0,0.0,"8970    17000000
Name: Market_value_eur, dtype: int64"
ENG-Premier League,2425,West Ham,Lewis Orford,ENG,MF,18,2006,2,0,49,0.5,0,0,0,0,0,0,0,0,0.0,0.0,0.0,0.0,0.0,"9458    400000
Name: Market_value_eur, dtype: int64"
ENG-Premier League,2425,West Ham,Lucas Paquetá,BRA,"MF,FW",26,1997,33,27,2380,26.4,4,0,4,2,2,2,10,0,0.15,0.0,0.15,0.08,0.08,"9713    35000000
Name: Market_value_eur, dtype: int64"
ENG-Premier League,2425,West Ham,Luis Guilherme,BRA,MF,18,2006,12,1,150,1.7,0,0,0,0,0,0,0,0,0.0,0.0,0.0,0.0,0.0,"9944    18000000
Name: Market_value_eur, dtype: int64"
ENG-Premier League,2425,West Ham,Max Kilman,ENG,DF,27,1997,38,38,3348,37.2,0,1,1,0,0,0,5,0,0.0,0.03,0.03,0.0,0.03,"10978    30000000
Name: Market_value_eur, dtype: int64"
ENG-Premier League,2425,West Ham,Mohammed Kudus,GHA,"MF,FW",23,2000,32,31,2590,28.8,5,3,8,5,0,0,2,1,0.17,0.1,0.28,0.17,0.28,"11392    55000000
Name: Market_value_eur, dtype: int64"
ENG-Premier League,2425,West Ham,Niclas Füllkrug,GER,FW,31,1993,18,6,790,8.8,3,2,5,3,0,0,2,0,0.34,0.23,0.57,0.34,0.57,"11800    12000000
Name: Market_value_eur, dtype: int64"
ENG-Premier League,2425,West Ham,Oliver Scarles,ENG,"MF,DF",18,2005,15,7,665,7.4,0,0,0,0,0,0,1,0,0.0,0.0,0.0,0.0,0.0,"11986    8000000
Name: Market_value_eur, dtype: int64"
ENG-Premier League,2425,West Ham,Tomáš Souček,CZE,MF,29,1995,35,30,2567,28.5,9,1,10,9,0,0,8,0,0.32,0.04,0.35,0.32,0.35,"15098    22000000
Name: Market_value_eur, dtype: int64"
ENG-Premier League,2425,West Ham,Łukasz Fabiański,POL,GK,39,1985,14,13,1160,12.9,0,0,0,0,0,0,2,0,0.0,0.0,0.0,0.0,0.0,"9812    500000
Name: Market_value_eur, dtype: int64"
ENG-Premier League,2425,Wolves,Alfie Pond,ENG,DF,20,2004,1,0,1,0.0,0,0,0,0,0,0,0,0,0.0,0.0,0.0,0.0,0.0,"657    250000
Name: Market_value_eur, dtype: int64"
ENG-Premier League,2425,Wolves,André,BRA,MF,23,2001,33,31,2472,27.5,0,0,0,0,0,0,7,0,0.0,0.0,0.0,0.0,0.0,"911    28000000
Name: Market_value_eur, dtype: int64"
ENG-Premier League,2425,Wolves,Craig Dawson,ENG,DF,34,1990,15,10,971,10.8,0,0,0,0,0,0,2,0,0.0,0.0,0.0,0.0,0.0,"3013    1500000
Name: Market_value_eur, dtype: int64"
ENG-Premier League,2425,Wolves,Daniel Bentley,ENG,GK,31,1993,2,2,180,2.0,0,0,0,0,0,0,0,0,0.0,0.0,0.0,0.0,0.0,"3308    1500000
Name: Market_value_eur, dtype: int64"
ENG-Premier League,2425,Wolves,Hwang Hee-chan,KOR,"MF,FW",28,1996,21,5,661,7.3,2,0,2,2,0,0,0,0,0.27,0.0,0.27,0.27,0.27,"5920    17000000
Name: Market_value_eur, dtype: int64"
ENG-Premier League,2425,Wolves,Jean-Ricner Bellegarde,HAI,MF,26,1998,35,20,1677,18.6,2,7,9,2,0,0,3,0,0.11,0.38,0.48,0.11,0.48,"7204    18000000
Name: Market_value_eur, dtype: int64"
ENG-Premier League,2425,Wolves,José Sá,POR,GK,31,1993,29,29,2609,29.0,0,0,0,0,0,0,2,0,0.0,0.0,0.0,0.0,0.0,"8331    7000000
Name: Market_value_eur, dtype: int64"
ENG-Premier League,2425,Wolves,João Gomes,BRA,MF,23,2001,36,35,2974,33.0,3,1,4,3,0,0,11,1,0.09,0.03,0.12,0.09,0.12,"8353    40000000
Name: Market_value_eur, dtype: int64"
ENG-Premier League,2425,Wolves,Jørgen Strand Larsen,NOR,FW,24,2000,35,30,2587,28.7,14,4,18,14,0,0,4,0,0.49,0.14,0.63,0.49,0.63,"8540    40000000
Name: Market_value_eur, dtype: int64"
ENG-Premier League,2425,Wolves,Mateus Mane,POR,MF,16,2007,1,0,2,0.0,0,0,0,0,0,0,0,0,0.0,0.0,0.0,0.0,0.0,"10608    250000
Name: Market_value_eur, dtype: int64"
ENG-Premier League,2425,Wolves,Matheus Cunha,BRA,MF,25,1999,33,29,2597,28.9,15,6,21,15,0,0,4,0,0.52,0.21,0.73,0.52,0.73,"10623    70000000
Name: Market_value_eur, dtype: int64"
ENG-Premier League,2425,Wolves,Matt Doherty,IRL,"DF,MF",32,1992,30,25,2109,23.4,2,1,3,2,0,0,6,0,0.09,0.04,0.13,0.09,0.13,"10690    2000000
Name: Market_value_eur, dtype: int64"
ENG-Premier League,2425,Wolves,Pablo Sarabia,ESP,MF,32,1992,23,7,814,9.0,3,2,5,3,0,0,3,0,0.33,0.22,0.55,0.33,0.55,"12138    5000000
Name: Market_value_eur, dtype: int64"
ENG-Premier League,2425,Wolves,Rayan Aït-Nouri,ALG,"MF,DF",23,2001,37,37,3109,34.5,4,7,11,4,0,0,7,1,0.12,0.2,0.32,0.12,0.32,"12629    40000000
Name: Market_value_eur, dtype: int64"
ENG-Premier League,2425,Wolves,Rodrigo Gomes,POR,MF,21,2003,25,7,810,9.0,2,0,2,2,0,0,0,0,0.22,0.0,0.22,0.22,0.22,"13055    15000000
Name: Market_value_eur, dtype: int64"
ENG-Premier League,2425,Wolves,Sam Johnstone,ENG,GK,31,1993,7,7,630,7.0,0,0,0,0,0,0,0,0,0.0,0.0,0.0,0.0,0.0,"13535    6000000
Name: Market_value_eur, dtype: int64"
ENG-Premier League,2425,Wolves,Santiago Bueno,URU,DF,25,1998,29,18,1687,18.7,0,0,0,0,0,0,2,0,0.0,0.0,0.0,0.0,0.0,"13661    10000000
Name: Market_value_eur, dtype: int64"
ENG-Premier League,2425,Wolves,Tom King,WAL,GK,29,1995,1,0,1,0.0,0,0,0,0,0,0,0,0,0.0,0.0,0.0,0.0,0.0,"14959    200000
Name: Market_value_eur, dtype: int64"
ENG-Premier League,2425,Wolves,Tommy Doyle,ENG,MF,22,2001,24,3,488,5.4,0,1,1,0,0,0,1,0,0.0,0.18,0.18,0.0,0.18,"15035    10000000
Name: Market_value_eur, dtype: int64"
ENG-Premier League,2425,Wolves,Toti Gomes,POR,DF,25,1999,31,30,2614,29.0,0,1,1,0,0,0,7,0,0.0,0.03,0.03,0.0,0.03,"15128    28000000
Name: Market_value_eur, dtype: int64"
ENG-Premier League,2425,Wolves,Yerson Mosquera,COL,DF,23,2001,5,5,441,4.9,0,0,0,0,0,0,2,0,0.0,0.0,0.0,0.0,0.0,"15832    10000000
Name: Market_value_eur, dtype: int64"
